Attendance,Term1,Term2,Term3,PredictedScore
51,47,61,50,53.98
20,97,85,81,76.23
61,45,41,37,41.07
38,41,34,48,43.28
34,59,62,99,81.68
53,15,20,4,13.99
61,26,26,5,17.32
40,40,36,14,23.65
62,80,96,87,87.84
40,44,42,70,59.22
85,74,69,90,83.96
13,88,85,86,78.53
95,57,92,100,97.19
27,75,77,89,79.71
91,71,62,49,57.93
26,31,18,22,21.79
95,48,47,41,48.89
2,27,22,17,17.61
100,66,92,85,89.02
67,50,48,51,52.0
85,51,58,82,75.49
18,77,68,74,67.09
38,43,34,52,45.74
59,67,68,63,64.83
79,86,98,85,88.85
53,62,51,53,52.74
66,96,85,68,73.57
37,63,72,67,65.81
63,61,83,85,82.9
45,64,67,42,50.39
86,40,10,18,22.77
26,28,52,27,34.89
49,100,100,100,94.9
75,63,67,70,70.35
48,42,56,45,49.06
67,61,65,58,61.66
18,43,57,44,45.8
0,27,36,55,44.33
68,64,42,63,57.67
89,81,52,50,55.23
68,63,89,100,93.72
79,60,67,67,68.57
32,66,72,67,65.42
80,64,70,50,59.31
57,92,100,100,95.7
9,58,77,68,65.21
95,70,81,98,92.87
29,69,76,84,76.71
11,60,83,76,71.76
68,32,50,63,60.13
52,49,54,61,58.22
17,59,71,50,53.57
26,53,24,16,19.97
60,72,52,34,42.35
91,93,100,100,99.1
91,67,67,69,71.46
100,64,47,50,54.72
74,72,70,52,60.1
57,38,18,14,20.06
72,69,68,79,75.47
55,75,58,76,68.68
48,72,76,72,71.54
98,62,78,89,86.69
52,36,31,58,50.0
91,8,15,41,38.43
22,83,83,71,70.05
29,46,69,75,69.11
29,76,86,63,66.99
33,49,36,15,23.6
22,51,34,45,39.92
92,69,68,42,55.03
21,33,6,6,7.63
46,51,48,62,56.31
51,37,52,21,33.49
25,69,100,87,85.01
98,49,49,61,61.9
85,47,60,76,72.6
17,47,66,55,54.91
40,66,62,45,49.69
32,27,35,49,43.58
61,71,64,66,65.32
67,33,25,23,28.22
36,70,57,25,35.94
4,63,56,78,64.35
23,82,95,76,77.12
0,81,81,83,74.9
29,56,46,51,47.81
41,72,43,24,32.03
22,68,39,33,34.26
50,42,42,41,42.26
28,82,100,100,92.8
67,89,96,100,95.6
4,12,46,71,57.27
19,48,52,41,42.61
61,51,75,93,84.87
30,60,63,71,65.06
45,44,42,19,29.2
39,52,53,73,64.0
34,43,49,49,47.73
16,50,53,46,45.71
87,70,55,37,47.89
80,49,50,47,51.67
86,79,50,56,58.0
15,47,63,54,53.42
93,49,48,53,55.89
73,74,58,44,51.63
71,62,53,47,51.81
95,65,41,34,42.43
32,48,53,61,56.17
1,48,57,67,57.74
52,62,62,75,69.33
86,74,100,89,92.6
3,85,100,100,90.3
33,96,99,100,93.17
52,17,12,7,13.75
50,59,64,88,77.57
53,87,90,77,78.98
80,98,99,100,97.88
42,72,73,98,85.33
11,73,87,100,87.34
69,94,91,85,85.57
16,45,49,57,50.72
93,55,76,83,82.61
59,75,70,59,62.95
3,58,68,64,59.6
54,64,67,60,61.65
15,67,73,66,63.71
13,62,87,88,80.34
78,19,18,7,18.1
55,75,75,80,76.22
53,94,82,70,72.67
2,68,65,90,74.26
60,42,43,54,51.49
12,41,74,65,62.95
8,52,56,38,40.66
37,60,53,46,47.75
68,74,86,100,92.71
76,67,85,97,91.76
88,57,64,64,66.58
81,74,72,61,66.47
16,41,30,26,26.54
97,65,71,65,70.55
16,79,73,80,72.16
51,82,100,62,72.32
38,79,80,83,77.87
74,45,51,62,60.25
56,26,24,25,28.29
24,85,85,76,74.17
92,83,94,90,92.0
52,41,37,29,34.13
59,54,53,27,38.34
71,86,88,100,93.7
88,75,68,61,65.91
45,45,68,66,64.92
96,51,48,38,47.32
65,81,79,91,85.35
72,55,65,80,75.15
61,85,100,100,96.1
2,74,100,100,90.2
18,57,83,100,86.78
21,40,33,17,22.54
53,75,93,67,73.81
19,100,100,94,88.82
99,33,42,31,41.31
39,59,71,100,85.46
13,69,69,41,47.4
88,56,59,63,64.89
4,63,47,34,35.2
93,48,54,32,45.12
27,77,86,97,86.78
60,50,46,34,40.74
58,38,49,22,34.28
49,41,41,36,39.27
28,71,65,89,75.85
16,61,61,68,60.92
13,67,60,63,57.73
47,57,48,66,59.13
3,77,91,98,86.72
87,62,53,87,77.26
18,16,0,25,16.95
73,81,87,74,77.94
78,100,100,100,97.8
74,38,26,15,24.71
51,70,100,96,92.87
1,27,24,22,21.04
12,36,38,46,40.93
6,62,55,80,65.57
25,49,55,61,56.11
25,31,42,58,50.22
18,70,64,74,65.63
20,94,85,77,74.06
24,65,71,95,81.47
38,57,87,59,65.54
69,50,45,48,49.52
20,47,47,34,37.16
1,85,78,84,74.34
76,90,73,80,77.77
11,61,40,50,43.14
29,97,95,94,88.16
37,49,21,3,12.23
64,29,33,40,40.46
42,100,70,50,55.47
44,69,75,82,76.47
72,49,56,65,63.68
53,54,61,59,59.67
20,64,69,46,50.62
17,62,63,48,50.19
33,47,37,26,30.45
6,51,53,70,59.1
51,55,67,80,73.46
98,25,39,3,23.54
78,98,87,89,87.85
84,56,47,33,42.46
25,53,71,81,72.89
41,61,78,78,74.59
57,64,79,46,57.49
48,52,43,64,56.72
100,91,91,85,88.74
57,64,73,56,61.93
95,54,44,48,51.76
24,52,59,65,59.41
35,100,100,97,91.99
14,48,37,32,31.94
21,59,83,87,80.04
38,61,69,85,76.02
95,51,47,49,53.52
22,73,100,85,83.65
18,74,61,75,65.7
4,57,56,59,53.24
20,85,67,87,74.75
85,69,85,100,94.3
94,70,79,92,89.0
36,47,16,29,26.11
2,48,86,100,86.11
81,59,50,44,50.26
75,84,100,88,90.63
54,56,49,63,58.31
56,70,72,72,70.91
69,49,75,98,88.46
50,73,75,90,81.61
4,86,88,80,75.53
56,86,83,66,70.64
91,24,29,28,35.31
83,100,76,76,77.0
14,63,44,36,36.45
89,42,43,35,43.05
85,100,99,100,98.34
69,64,53,52,54.4
73,14,44,35,42.1
59,61,79,81,78.53
25,65,55,58,54.2
39,71,100,93,89.92
88,49,35,36,41.42
100,89,93,84,88.77
83,47,50,73,67.25
7,69,53,50,47.01
31,56,47,54,50.09
27,66,100,100,92.7
4,59,56,59,53.1
87,82,68,82,78.62
61,71,78,67,70.49
22,49,63,65,60.26
83,59,58,60,62.12
46,36,42,51,48.26
98,81,52,31,44.54
61,64,51,54,54.26
47,78,100,100,94.7
18,84,78,74,70.07
88,64,60,36,48.68
54,80,55,54,54.59
84,52,69,79,76.91
80,44,31,39,41.14
50,41,29,45,40.99
65,37,42,50,49.7
82,35,23,8,20.52
12,75,80,44,51.8
63,34,41,34,39.1
87,80,77,76,77.99
10,42,8,13,11.66
11,50,61,64,58.35
67,22,11,18,21.19
96,28,42,69,63.87
50,58,67,78,72.13
83,92,100,100,98.3
64,49,30,34,36.17
35,51,51,59,54.81
66,77,77,74,74.8
32,100,91,95,87.67
73,98,91,68,75.94
37,74,90,84,81.88
49,52,57,52,53.38
63,17,5,0,7.9
36,59,72,42,50.95
21,40,81,92,82.16
50,70,70,87,78.49
20,63,49,34,37.87
97,23,55,51,57.43
84,63,71,60,66.29
97,89,90,95,94.14
45,67,65,48,53.38
99,43,55,75,71.92
80,76,98,100,97.43
95,39,56,69,68.38
63,30,35,49,46.52
70,62,66,64,65.73
22,44,11,3,8.04
2,94,92,96,85.72
59,58,57,67,63.59
86,69,75,61,67.8
29,62,57,35,41.31
9,74,100,84,81.82
52,80,71,76,72.61
30,42,40,47,43.4
94,65,90,100,96.44
7,56,44,44,41.02
43,73,80,83,78.69
50,56,35,58,50.78
9,42,43,33,33.99
67,58,56,54,56.71
100,28,41,33,42.29
98,55,69,75,75.82
15,66,88,100,88.2
33,66,62,83,71.91
64,63,57,45,51.04
43,56,56,70,63.23
13,21,0,0,1.3
42,73,56,48,50.29
75,79,69,89,82.12
56,59,72,43,53.37
3,66,75,69,64.45
43,62,44,38,40.63
25,60,68,60,59.21
64,68,44,54,52.05
25,70,59,75,65.72
68,73,94,77,81.94
2,37,45,49,43.71
10,67,56,69,59.86
97,71,75,82,81.91
93,99,86,100,95.31
8,69,51,52,47.78
54,56,52,66,60.73
9,82,96,88,82.78
89,74,58,55,59.63
0,43,48,56,48.59
10,47,48,33,36.05
70,70,82,94,88.65
92,38,36,42,45.43
14,67,76,92,80.0
48,36,31,28,31.71
56,52,53,41,46.51
84,38,58,70,68.05
49,36,23,19,23.8
53,98,89,88,85.28
8,50,29,36,31.34
20,82,82,87,79.05
65,89,95,100,95.09
56,65,48,60,56.62
75,74,65,34,48.04
95,71,76,70,74.51
82,89,87,62,72.0
12,61,88,89,81.12
56,60,92,85,84.34
52,28,29,43,39.95
58,47,43,44,45.78
83,97,78,78,78.98
28,62,64,54,54.97
27,73,88,59,64.91
2,36,17,19,17.11
42,45,52,43,46.22
65,91,90,76,79.61
28,78,84,79,75.48
44,42,46,51,49.18
31,43,48,30,35.66
92,28,51,51,55.26
38,60,45,28,34.67
39,21,9,10,13.17
9,62,47,59,50.72
64,67,51,60,58.02
59,69,86,94,88.51
59,76,68,81,75.49
62,32,27,33,34.42
78,65,63,76,72.55
91,80,96,86,89.7
67,69,60,60,61.19
87,65,40,45,48.36
96,70,47,52,55.12
75,76,78,71,74.17
12,62,35,45,38.94
100,87,90,80,85.61
35,50,37,20,26.7
14,81,84,92,82.36
66,90,74,80,77.23
33,80,88,93,86.06
12,66,49,46,43.67
16,73,78,72,68.57
15,76,83,64,65.48
70,39,32,37,39.0
50,38,31,26,30.43
78,58,49,63,60.58
63,48,72,82,77.73
59,89,81,79,77.98
97,86,100,100,99.7
57,59,59,30,41.81
57,67,93,100,93.86
85,64,69,59,65.03
56,40,45,35,40.55
80,50,10,16,21.29
61,55,63,43,51.09
27,27,41,56,49.15
69,80,80,61,67.8
21,43,41,42,40.24
58,87,94,91,89.16
96,55,55,61,63.19
90,45,43,63,60.41
47,57,44,12,25.4
82,65,81,93,88.75
19,75,46,74,60.69
4,78,100,91,85.38
17,66,64,66,60.72
53,43,73,67,67.73
85,70,53,63,62.8
37,80,68,61,60.98
35,57,48,48,47.04
89,57,56,51,56.67
87,47,73,79,78.54
93,48,17,27,30.81
28,45,25,18,21.57
51,48,39,36,38.41
55,47,45,46,46.67
63,50,65,60,62.37
63,96,87,65,71.46
16,60,64,40,45.29
21,84,100,100,92.1
62,51,47,59,56.0
75,80,83,58,67.97
67,36,53,74,67.44
13,45,39,37,35.3
37,58,72,76,71.19
95,50,54,45,53.14
48,87,100,100,94.8
44,68,87,72,73.9
14,35,43,61,51.53
1,75,80,81,73.32
81,40,62,73,71.04
94,58,58,72,70.53
79,58,55,38,47.42
41,73,70,63,63.03
84,29,44,36,43.9
10,26,56,54,50.4
27,69,49,69,59.57
59,49,31,33,35.46
62,37,26,29,31.58
13,67,67,52,53.12
66,68,72,68,69.74
0,74,83,88,77.97
84,87,64,51,58.66
45,98,71,68,66.97
20,76,85,60,64.14
71,75,65,56,60.55
92,66,83,95,91.66
75,71,93,71,78.6
93,25,44,33,42.59
64,58,65,66,66.09
16,32,22,31,26.88
13,68,79,59,60.9
34,47,54,35,40.9
58,63,83,74,75.33
14,67,65,46,48.96
31,26,34,76,59.65
36,47,40,27,32.41
65,42,56,67,63.78
56,49,47,59,55.35
97,63,79,91,88.77
3,74,56,47,45.74
73,44,48,56,55.95
85,75,61,80,75.34
2,3,0,0,0.2
86,42,25,31,35.55
57,70,62,61,61.61
85,66,74,74,75.73
58,58,65,59,61.21
76,60,52,70,65.65
62,48,40,49,47.97
80,65,42,38,44.14
51,11,0,0,5.1
20,74,71,48,52.6
21,54,71,73,67.82
42,48,31,13,22.09
78,82,93,88,89.17
36,26,28,47,40.82
94,91,56,39,50.0
15,55,35,68,53.5
11,57,57,64,56.94
26,100,100,80,80.87
24,52,56,81,68.27
46,79,51,56,54.18
75,60,68,79,75.51
50,43,36,48,45.1
23,42,49,48,46.55
44,40,48,66,59.13
35,100,97,86,84.27
94,63,24,25,32.2
86,85,94,100,96.92
83,100,90,82,85.29
90,56,48,29,41.12
89,29,10,19,23.82
7,39,35,57,46.12
19,69,83,79,74.44
59,62,73,58,63.09
71,92,86,100,93.05
77,59,69,45,55.6
41,44,61,62,60.21
36,57,69,86,76.5
10,42,50,46,44.26
24,48,39,14,22.65
92,74,100,70,81.6
63,68,53,87,74.8
90,47,33,35,40.36
89,49,40,20,33.19
42,73,51,50,49.69
58,62,50,12,28.17
29,47,61,66,61.06
70,58,52,67,63.25
17,68,91,80,77.66
14,52,35,40,36.36
58,40,25,19,25.16
65,81,100,100,96.5
13,37,33,44,37.97
52,38,36,24,30.88
82,60,63,67,68.11
83,59,54,56,58.74
8,64,88,94,84.3
88,82,81,77,79.84
68,51,77,43,55.96
95,72,78,60,69.41
24,53,40,28,31.6
75,55,57,58,59.74
43,91,100,100,94.3
59,82,88,85,83.6
97,81,100,95,97.24
27,62,44,67,56.26
22,68,49,47,45.87
90,47,49,41,48.67
8,65,49,35,36.88
19,30,63,47,49.56
37,47,43,32,36.02
34,58,68,82,73.55
82,50,29,21,30.07
54,19,52,47,49.36
9,34,10,35,25.0
8,29,11,34,25.07
78,95,99,99,97.55
10,44,58,58,53.51
72,63,47,49,51.1
22,17,2,8,8.01
91,46,20,39,38.84
82,76,85,92,89.38
34,57,62,56,55.73
50,34,39,40,40.83
26,57,64,61,58.79
74,47,47,50,52.07
55,62,75,77,74.42
71,54,55,53,56.01
90,62,60,86,79.27
62,84,100,100,96.2
46,90,93,93,88.63
49,29,20,23,25.41
78,68,57,54,57.47
0,36,20,13,14.52
90,60,88,53,67.84
21,58,72,56,57.71
1,64,71,75,66.72
63,52,33,33,36.66
37,72,73,78,73.17
81,62,63,68,68.13
61,74,45,70,62.11
78,86,81,63,70.53
69,46,41,24,33.86
50,41,35,15,24.63
92,32,26,4,19.97
88,60,44,44,49.0
60,37,35,65,55.84
33,18,10,9,12.11
80,84,100,86,90.18
69,60,45,56,54.51
90,61,63,71,70.98
78,100,82,94,89.53
30,25,30,19,24.15
99,45,47,77,70.65
75,96,99,81,86.23
57,65,70,64,65.48
42,40,31,41,38.49
61,65,55,76,68.72
84,79,100,91,93.05
100,50,48,83,74.52
8,31,31,20,22.59
25,60,21,23,23.23
16,26,24,33,29.15
71,91,99,93,93.06
9,46,66,91,75.98
70,85,69,88,80.98
62,50,45,52,51.28
89,94,72,66,70.3
99,29,18,28,32.51
45,90,85,83,80.27
63,79,64,98,84.66
83,76,58,53,57.79
36,38,50,56,52.33
34,31,31,20,25.22
9,51,30,62,47.72
12,83,95,96,87.78
50,53,30,20,26.54
99,66,72,53,63.84
20,63,60,63,58.03
85,69,66,86,80.25
9,53,38,0,12.51
17,56,40,34,34.66
97,20,22,29,34.03
1,28,21,56,40.55
87,80,59,98,85.33
12,52,72,83,73.09
53,43,29,13,22.1
57,47,38,33,37.48
25,62,63,54,54.58
51,49,34,39,38.87
31,54,38,32,33.94
60,56,46,39,43.41
60,64,45,74,64.1
98,65,67,64,68.7
71,29,16,10,18.2
86,75,82,63,71.33
77,67,76,51,61.58
38,51,74,60,62.61
86,60,61,29,44.54
87,24,42,47,49.94
93,68,67,80,78.14
48,73,63,37,46.47
16,72,57,45,46.51
51,71,69,64,64.57
9,28,52,71,59.44
48,45,57,67,62.78
48,73,90,100,92.08
4,45,26,19,20.23
39,41,28,21,25.35
84,87,68,70,71.19
65,69,99,95,93.52
61,88,100,86,88.04
24,71,66,86,74.43
17,52,29,37,32.96
19,36,23,7,13.37
45,57,68,47,53.27
94,68,57,62,63.93
71,35,13,32,30.68
22,47,43,63,53.26
65,74,95,91,90.36
33,52,54,67,60.08
66,69,56,56,57.4
9,31,11,12,11.95
82,72,51,60,59.95
55,83,85,84,82.04
98,62,62,51,59.32
66,33,53,81,71.75
73,61,54,34,44.07
10,50,69,65,60.93
70,65,58,50,54.52
11,70,68,81,70.65
88,54,67,66,69.16
4,52,42,23,27.35
41,52,81,100,88.47
79,58,61,58,61.37
57,48,53,39,45.68
91,85,84,88,87.58
50,10,29,3,16.06
65,97,89,84,84.08
50,82,94,71,76.08
84,31,29,50,47.73
25,41,40,51,45.49
94,80,100,93,95.79
88,64,56,69,67.21
19,97,100,100,91.9
9,40,31,24,24.94
92,86,61,56,61.8
89,34,48,57,57.73
41,41,35,31,33.77
53,55,55,50,52.35
1,57,58,52,49.3
45,57,54,51,52.09
73,81,80,73,75.24
10,70,54,55,50.61
47,73,77,80,76.52
55,50,100,87,87.96
87,53,48,69,64.98
43,47,40,53,48.46
72,23,35,27,34.2
50,58,60,56,57.37
6,44,48,72,58.75
17,60,81,76,72.11
28,52,44,52,47.95
19,36,39,49,43.39
4,42,42,33,33.3
25,13,30,22,25.14
30,70,80,88,80.39
55,40,38,16,26.77
12,53,61,65,58.89
75,70,83,69,74.21
29,39,49,50,47.9
86,72,48,44,50.13
59,74,76,94,85.97
11,20,12,32,24.26
27,72,59,63,58.98
38,19,8,31,25.4
16,29,35,42,37.92
98,79,68,77,76.71
9,53,37,43,38.3
33,42,36,51,45.32
72,56,51,70,65.08
62,45,42,25,34.31
21,84,69,45,50.24
41,63,58,39,45.5
65,82,78,97,88.48
64,55,67,67,67.01
43,73,75,82,76.7
8,39,40,80,61.52
1,50,51,60,51.86
60,58,71,61,64.08
96,82,71,64,69.91
93,59,58,34,47.58
32,47,41,47,43.98
38,57,48,47,47.08
59,71,61,56,58.22
23,65,59,34,41.05
89,88,77,82,81.73
13,100,100,100,91.3
32,67,41,34,36.06
98,100,100,100,99.8
15,39,19,12,14.6
20,60,43,52,46.81
65,57,38,34,38.72
100,65,64,64,68.3
87,44,24,16,26.26
23,65,55,78,66.26
63,41,29,31,33.68
99,60,85,84,86.48
25,54,76,88,78.72
65,58,68,74,71.69
62,52,74,73,72.86
9,50,51,33,36.48
12,32,57,32,38.05
80,78,100,90,92.27
1,77,69,51,51.74
31,59,83,82,77.97
64,69,57,39,47.21
91,56,42,44,48.39
48,41,39,49,46.11
39,37,29,41,37.84
6,52,33,3,13.01
86,54,70,66,69.59
24,53,41,23,29.23
27,77,71,72,67.66
81,77,68,71,71.51
1,71,100,100,90.1
18,46,12,6,9.72
8,38,41,33,33.2
23,55,52,87,70.61
91,43,53,73,69.01
79,30,16,9,18.5
5,87,78,84,74.68
11,56,59,35,40.35
77,58,40,22,33.6
76,96,100,100,97.6
55,93,90,84,83.63
61,67,72,70,70.21
23,69,67,85,73.86
78,50,74,91,85.07
30,89,98,100,92.62
38,45,34,54,46.86
41,66,79,87,80.57
63,61,67,44,53.54
99,57,67,49,59.71
11,77,82,68,67.1
61,67,85,80,80.33
9,68,89,83,77.55
58,74,77,75,74.05
36,66,60,72,64.94
70,99,97,90,90.78
43,74,81,93,85.04
90,88,100,100,99.0
53,84,88,90,86.33
15,66,33,57,46.29
9,50,16,25,21.42
6,57,55,57,51.86
22,63,63,78,68.07
30,44,42,51,46.57
76,63,51,64,61.75
65,48,26,17,25.19
5,39,16,15,14.99
81,68,99,100,97.91
3,63,60,48,47.8
83,42,44,47,50.3
2,52,65,60,55.95
89,37,30,56,52.15
98,51,52,89,79.01
56,46,45,49,49.29
22,50,47,68,57.35
24,29,29,0,11.2
64,59,76,96,87.35
10,74,65,61,57.37
9,75,93,96,86.98
14,58,43,11,21.29
1,30,10,0,3.15
33,69,73,67,65.71
11,51,38,42,38.08
23,75,100,100,92.3
74,65,38,33,39.11
58,71,51,63,59.5
0,65,49,60,51.38
8,68,73,58,57.83
44,52,66,76,70.38
82,57,67,82,77.99
71,75,62,68,67.22
17,66,62,81,69.62
9,23,15,22,19.24
33,40,27,33,31.51
47,81,75,76,73.52
100,68,61,23,42.54
3,26,41,16,22.44
83,27,10,11,18.08
16,46,40,6,17.48
30,76,73,90,79.04
0,70,63,62,56.45
65,46,55,57,57.74
68,43,39,20,31.14
67,25,37,38,41.33
50,48,59,47,51.42
12,25,13,20,17.88
31,66,52,49,48.54
27,49,63,90,75.81
28,63,70,43,49.75
62,78,97,100,95.31
99,75,48,31,43.2
74,87,81,86,83.91
90,51,49,50,53.94
76,78,100,94,94.1
27,76,77,90,80.02
83,55,59,66,65.92
77,97,98,88,90.37
58,78,68,60,62.55
45,50,58,69,64.01
56,86,95,68,75.7
4,9,5,15,11.46
81,67,65,63,66.03
70,66,69,63,65.93
36,62,48,57,52.57
8,56,62,75,64.76
54,51,52,45,48.45
9,51,58,44,45.18
10,46,52,34,37.56
71,64,47,54,54.22
1,58,76,77,69.65
54,24,24,22,26.45
22,49,38,66,53.7
89,65,80,95,90.55
23,97,99,100,92.23
94,60,60,66,67.53
19,31,58,54,52.23
42,43,40,48,45.61
60,83,78,67,69.94
81,36,35,47,47.26
56,82,100,96,93.49
34,74,67,60,60.13
27,62,56,41,44.59
97,21,50,46,52.88
57,39,47,47,48.72
25,62,33,20,24.71
67,51,72,100,88.39
53,78,81,62,67.17
37,62,49,36,40.23
70,73,82,86,83.36
12,41,47,44,42.51
9,32,44,57,48.77
14,53,67,58,56.94
78,63,64,45,54.42
35,66,42,42,41.44
90,30,6,10,17.39
70,72,71,82,77.95
56,38,37,25,32.52
31,73,79,78,74.07
60,67,55,48,51.56
63,59,63,45,52.42
88,38,52,51,55.65
11,39,25,16,18.6
30,44,53,42,44.41
98,10,14,10,20.62
3,52,46,48,43.17
27,60,74,45,51.93
76,48,73,47,57.98
76,34,29,16,26.58
81,81,78,78,79.05
30,35,45,72,59.95
68,99,81,55,64.78
0,69,59,60,54.11
68,56,44,60,56.43
73,95,71,59,64.59
0,55,38,30,29.45
3,75,86,85,77.47
94,45,32,40,43.53
60,79,89,96,90.8
38,67,51,67,59.94
73,59,58,60,61.46
97,71,86,73,79.7
60,43,31,40,39.92
71,33,36,37,40.89
89,47,28,9,23.33
41,62,54,80,69.0
87,60,72,49,59.96
88,45,59,68,67.62
41,61,69,75,70.14
92,68,71,74,75.2
7,33,60,46,46.46
95,91,87,95,92.98
87,65,64,71,71.11
32,48,54,77,65.93
20,85,100,82,81.73
32,74,67,55,56.57
32,71,75,72,69.57
88,77,73,71,73.89
2,80,90,96,85.24
38,51,60,49,51.74
9,19,1,0,1.26
86,50,67,81,77.47
64,85,100,98,95.48
87,66,60,72,70.49
76,85,98,100,97.19
30,32,33,20,25.35
14,42,58,36,40.61
64,91,85,93,88.35
79,32,38,54,52.13
82,30,15,14,21.68
60,65,71,75,72.64
59,44,38,36,38.98
43,58,33,27,30.93
60,61,54,40,46.9
32,95,100,98,92.05
47,47,70,68,66.95
54,78,50,56,54.72
4,64,76,72,66.79
24,47,22,36,30.93
20,100,79,100,85.97
98,56,55,65,65.67
46,75,63,45,50.99
1,36,4,22,15.09
93,19,8,29,29.66
2,89,93,100,88.29
34,54,57,56,54.76
59,37,4,0,7.17
94,54,27,40,42.02
92,65,64,55,61.84
16,100,100,100,91.6
100,44,56,18,37.92
27,14,0,14,11.54
43,55,55,75,66.28
14,54,56,56,51.95
19,26,22,19,20.62
83,79,77,68,72.82
76,48,26,35,36.57
48,82,68,64,64.02
37,71,85,91,83.88
38,85,79,76,73.28
42,63,60,59,58.38
68,59,39,52,50.36
34,58,51,62,56.59
49,47,28,49,43.37
92,52,51,64,63.21
99,62,79,99,93.44
20,37,24,33,29.7
33,57,70,64,63.25
92,63,81,72,77.31
25,72,68,83,73.04
0,32,35,3,12.9
20,23,21,0,8.49
25,48,30,53,43.99
41,27,19,13,17.98
47,33,36,15,25.01
92,69,51,65,64.21
75,53,71,54,61.93
65,95,93,88,87.91
67,65,53,42,47.98
84,58,61,81,76.07
4,75,63,86,71.43
26,43,67,69,64.7
69,66,47,59,56.95
47,57,65,59,60.21
58,19,0,0,5.8
98,54,46,39,47.57
87,49,59,62,63.83
16,50,30,52,41.94
31,49,30,36,34.36
100,77,85,89,89.35
6,36,62,41,44.33
41,43,29,33,33.2
78,100,81,100,92.19
95,96,100,94,96.15
55,55,50,37,43.19
62,74,90,76,78.97
63,62,65,61,62.69
47,58,89,99,91.17
53,76,73,68,68.69
87,56,68,72,72.99
49,58,69,70,67.93
44,58,59,43,48.28
30,80,87,70,71.17
8,43,44,54,46.87
69,44,43,30,38.53
16,76,93,76,75.71
32,76,69,83,74.39
42,73,84,87,82.2
28,56,35,49,43.36
37,47,59,93,77.8
29,30,20,0,9.16
87,82,61,57,61.56
6,51,44,23,27.68
47,66,76,81,76.34
5,22,24,0,7.88
59,41,52,64,60.43
25,42,36,32,33.02
39,17,0,21,16.96
78,41,55,48,53.86
45,36,47,53,50.8
55,54,57,57,57.38
94,86,91,81,86.01
46,37,25,36,34.1
89,87,72,63,68.82
23,63,63,51,52.32
75,64,36,50,48.63
94,63,66,57,64.21
55,43,27,14,22.59
75,42,23,17,25.2
3,62,30,24,23.86
91,78,100,100,99.1
6,64,72,76,68.19
48,15,13,30,27.34
92,72,78,68,73.77
4,25,0,0,0.4
66,64,48,33,41.19
99,43,51,71,68.08
46,42,65,34,45.01
25,82,83,99,87.23
55,77,82,91,85.22
51,72,52,13,29.17
21,70,76,84,75.63
89,74,55,57,60.03
36,69,70,62,62.39
24,54,46,56,50.42
5,54,87,100,86.84
80,47,35,22,32.1
3,47,80,43,50.96
9,81,100,99,90.46
100,66,82,100,94.62
36,88,90,100,90.73
48,36,23,26,27.54
63,7,0,0,6.3
45,48,99,94,91.11
80,63,47,43,48.35
20,56,43,25,30.17
46,36,35,43,41.37
93,67,96,52,69.9
34,56,57,78,67.41
51,5,2,0,5.71
49,87,71,62,64.23
79,40,48,70,65.14
35,29,18,17,19.54
79,56,37,8,23.98
26,51,51,60,54.64
12,56,60,77,65.71
20,49,39,48,42.83
7,98,100,100,90.7
45,77,58,83,72.53
76,56,67,64,66.59
46,34,48,47,47.28
15,46,32,18,22.19
55,56,42,38,41.48
54,41,18,30,29.62
11,60,76,79,71.49
94,94,100,100,99.4
86,83,73,80,78.8
5,90,87,96,84.53
33,44,49,47,46.91
12,44,44,43,40.7
36,40,42,32,35.93
52,97,100,95,92.63
48,93,73,67,67.14
85,66,63,79,75.42
30,64,82,68,68.52
3,24,15,31,23.87
78,55,39,60,56.35
77,86,100,96,95.51
9,60,43,28,31.21
67,68,50,48,50.86
49,55,41,37,40.05
25,25,15,0,7.21
95,45,55,26,41.69
69,42,50,23,36.02
63,78,73,79,76.34
95,83,92,100,97.1
59,53,45,59,55.33
84,65,52,60,60.31
41,38,1,0,4.69
11,50,24,25,23.71
7,35,1,10,7.66
58,68,50,73,65.3
9,77,81,96,83.06
59,100,100,94,92.48
1,100,90,80,75.66
74,52,34,28,34.91
77,68,69,50,59.03
6,47,68,100,81.15
14,77,76,66,63.98
80,79,94,100,96.23
5,54,57,63,55.94
70,27,21,27,30.26
53,50,58,49,52.5
32,64,28,19,23.68
90,81,91,90,90.79
10,39,36,51,43.21
27,70,39,22,27.87
59,49,48,30,38.75
82,66,42,39,44.71
82,35,23,1,16.05
15,68,47,44,42.23
69,74,83,100,91.8
55,34,66,100,85.43
78,97,93,97,94.32
90,89,79,79,80.24
67,33,43,37,42.59
55,32,61,64,62.41
80,27,38,24,34.29
92,68,41,69,63.44
88,22,9,16,21.45
15,51,50,46,44.55
72,61,74,85,81.19
37,57,61,77,68.84
38,58,63,48,51.71
64,55,59,64,62.78
84,64,61,57,61.22
41,60,56,52,52.93
53,87,74,67,68.19
15,56,61,57,54.44
4,54,57,36,39.96
36,51,36,38,37.93
47,24,31,4,16.54
39,30,23,37,33.61
90,60,80,65,72.3
21,52,37,64,51.89
6,57,46,18,25.83
87,57,74,68,71.82
38,84,89,85,82.08
42,47,73,55,59.48
47,37,17,0,9.81
76,72,36,54,50.96
47,45,19,0,10.55
62,18,26,21,27.1
90,92,100,88,92.0
4,63,79,71,67.4
90,63,74,86,83.21
10,44,51,51,47.33
29,42,25,27,26.96
73,36,56,69,65.78
33,22,12,25,22.23
27,63,77,64,64.36
23,37,27,39,34.58
34,69,73,76,71.12
68,55,13,2,11.99
5,37,16,21,18.25
47,42,49,39,43.24
65,33,41,36,40.95
41,82,91,78,78.88
20,37,63,44,47.48
12,75,56,30,36.56
89,51,55,57,59.67
50,61,74,76,73.15
51,72,76,67,68.75
85,64,45,33,41.99
35,53,54,67,60.37
71,61,56,53,55.97
63,81,100,100,96.3
41,64,71,87,78.14
1,78,61,48,47.74
72,91,94,71,78.6
33,38,54,56,53.56
99,26,31,46,47.14
35,55,76,69,68.47
83,76,89,83,84.98
77,31,13,11,18.64
56,64,65,86,77.09
3,52,63,64,57.95
28,73,88,100,89.29
27,58,72,68,65.54
75,77,70,82,77.92
11,74,67,60,57.91
69,21,45,48,49.73
76,67,62,56,59.89
76,20,36,50,48.95
85,78,80,76,78.44
77,82,88,87,86.83
35,16,20,21,22.84
56,71,52,66,61.27
56,48,38,51,48.04
38,78,66,74,68.34
93,67,56,56,60.22
60,76,85,100,91.8
65,57,44,53,51.98
30,47,72,76,70.34
47,39,44,36,39.93
16,75,58,33,39.06
36,64,68,74,68.86
67,71,76,51,60.58
10,53,56,75,63.28
7,53,38,23,26.27
26,54,58,53,52.27
60,56,47,45,47.36
50,72,48,12,26.89
53,34,27,19,25.66
85,75,65,53,60.2
33,47,51,76,64.46
14,66,65,67,61.7
31,68,79,99,86.82
48,42,70,54,58.41
19,35,21,8,13.28
18,44,63,88,74.24
12,56,42,29,31.61
40,53,92,85,83.05
54,66,80,64,68.11
47,32,32,49,44.04
81,20,0,0,8.1
65,12,27,48,43.51
37,86,60,56,55.58
67,58,76,66,69.42
52,60,55,67,62.32
40,87,100,100,94.0
46,50,53,53,52.34
32,54,37,61,51.12
49,41,26,39,36.4
5,19,0,0,0.5
24,65,63,72,64.94
80,94,99,72,81.37
11,12,14,29,23.01
20,19,0,0,2.0
29,53,63,60,58.24
52,52,52,59,56.75
43,25,28,16,22.71
32,45,23,4,12.95
20,51,25,31,28.72
29,48,42,51,46.83
87,90,74,91,86.1
24,42,53,57,52.53
77,71,64,54,59.4
98,49,61,78,75.46
85,55,79,75,77.56
73,27,28,36,37.56
33,71,68,67,64.3
19,35,30,21,24.11
5,36,34,44,37.47
58,59,53,60,57.98
13,63,51,54,49.38
55,62,63,65,63.79
17,41,48,29,33.73
53,57,100,100,95.3
38,89,93,100,91.86
50,72,47,50,49.62
42,53,70,89,78.99
2,42,71,78,68.97
59,83,96,94,91.77
24,36,42,60,51.47
69,87,100,100,96.9
63,66,75,87,81.3
17,51,27,18,20.84
36,70,47,74,62.61
8,37,5,39,26.28
38,48,42,51,47.34
40,76,80,100,88.28
13,33,17,25,21.49
47,39,43,32,37.18
37,61,73,100,85.84
72,77,100,88,90.52
44,26,34,28,31.58
46,55,27,33,32.96
35,55,45,40,41.54
16,72,56,73,62.84
100,67,81,86,86.08
35,46,57,63,58.86
73,79,82,65,71.25
25,75,94,100,90.76
26,57,45,52,47.71
83,73,72,60,66.07
80,49,48,46,50.54
55,66,76,59,63.95
0,51,54,53,48.46
79,53,53,46,51.85
64,66,61,64,63.71
70,72,93,77,81.64
23,33,24,27,26.09
7,51,36,32,31.0
73,100,91,87,87.2
52,57,47,60,55.69
30,41,55,62,57.06
74,69,66,49,56.94
63,60,44,17,29.99
45,90,66,74,69.16
97,47,55,35,47.7
36,88,98,80,81.32
97,48,75,60,68.46
37,37,24,4,13.36
13,50,55,49,47.5
95,66,76,58,67.56
4,42,33,53,42.74
18,66,56,50,48.88
81,34,28,23,30.43
9,52,64,53,52.49
37,93,93,92,87.36
61,43,56,58,58.24
73,52,30,45,43.78
3,55,25,29,25.42
74,78,60,92,81.32
9,91,87,84,77.96
76,46,30,38,39.82
92,62,65,41,53.52
66,67,47,38,44.07
24,72,83,62,64.82
19,34,34,2,13.62
80,91,95,100,96.7
57,63,55,58,57.69
55,75,100,100,95.5
6,62,64,100,79.92
91,100,83,78,81.48
85,73,76,86,83.6
84,49,70,62,67.05
76,71,71,92,84.55
51,47,55,30,40.09
78,62,84,100,93.15
96,88,64,53,61.22
67,79,76,78,76.42
62,65,77,89,83.23
27,81,99,85,84.07
14,60,74,82,73.4
56,72,70,56,60.79
23,67,83,84,78.19
50,56,68,77,72.44
77,75,53,80,72.03
19,28,35,36,34.27
91,65,43,40,46.8
43,31,27,36,34.71
66,64,59,40,48.86
57,77,82,91,85.15
94,38,22,12,23.8
89,60,50,46,51.81
47,55,41,56,51.25
23,61,67,68,63.33
88,66,70,45,57.27
89,92,72,81,79.43
90,53,50,88,77.18
10,91,86,84,77.98
91,64,43,46,49.82
48,72,76,71,70.72
7,50,58,69,59.7
77,79,94,100,96.07
26,29,44,48,44.95
50,73,70,65,65.5
49,80,76,94,84.61
22,31,38,11,20.67
77,49,43,28,37.87
26,69,71,100,84.09
60,91,88,82,81.7
3,50,43,42,38.85
26,85,100,86,84.73
8,56,43,44,40.53
78,59,55,47,52.98
25,46,37,25,29.1
13,72,60,66,59.53
17,23,37,36,34.76
21,47,51,57,52.02
38,72,78,72,71.16
72,26,12,0,11.02
6,100,80,84,75.76
58,81,71,59,63.0
83,61,67,77,74.66
47,66,47,27,35.6
61,93,99,100,96.04
73,59,60,47,54.07
13,79,67,40,45.67
27,56,50,49,47.58
66,62,52,53,54.72
27,65,70,100,83.82
94,77,63,65,67.67
28,27,46,42,42.42
32,44,21,29,27.26
57,27,21,31,31.1
66,42,54,71,65.65
42,76,62,85,74.49
87,30,11,9,17.6
67,71,66,82,76.31
54,39,12,0,9.23
18,51,51,68,58.54
80,53,54,62,61.79
51,36,32,33,35.08
51,68,100,100,95.1
14,62,80,72,68.98
54,53,62,68,65.23
30,51,54,52,50.47
95,53,49,30,42.76
15,39,52,63,55.33
0,74,66,37,42.58
56,54,66,44,52.18
30,75,60,75,66.19
13,37,37,27,28.87
97,51,53,58,60.5
24,56,44,45,42.82
36,31,36,23,28.82
21,94,67,63,60.55
96,84,78,62,70.69
96,55,69,65,69.82
91,96,99,95,96.07
0,52,35,0,10.61
3,60,69,65,60.72
51,58,51,61,57.36
3,80,72,81,70.87
22,48,25,24,24.46
26,37,25,39,34.09
61,88,85,100,91.77
29,80,63,65,61.42
1,38,21,13,14.8
7,54,56,51,48.29
51,71,82,59,65.4
70,65,62,75,70.88
70,88,86,98,91.92
47,62,39,52,48.14
13,67,71,69,64.76
29,73,30,19,23.65
51,36,36,17,26.38
33,46,39,43,41.21
12,49,64,82,69.86
75,58,46,58,56.16
100,74,69,64,69.49
87,90,100,71,81.52
68,72,61,60,61.52
51,38,27,35,34.62
9,63,70,55,55.05
87,46,63,56,61.38
94,70,70,75,75.72
28,79,80,83,77.14
2,55,56,49,47.05
38,87,100,100,93.8
47,52,41,35,38.45
65,61,38,38,41.17
14,62,64,54,53.57
38,70,70,71,67.57
73,45,39,55,52.32
54,16,10,3,10.68
50,59,45,48,47.44
44,39,44,46,45.49
72,60,97,81,85.23
98,60,90,81,85.88
5,58,68,42,46.53
16,83,64,65,59.91
35,69,77,57,61.35
71,78,87,92,88.58
18,35,21,14,17.0
61,47,39,27,34.07
61,51,68,70,69.17
2,52,30,21,22.04
26,34,47,64,55.53
32,79,61,51,52.74
89,44,17,35,35.04
84,76,69,90,83.2
32,69,75,67,66.53
80,47,36,38,41.86
55,72,86,76,77.3
61,43,33,0,16.55
59,52,40,22,31.36
59,100,100,94,92.55
3,68,61,59,54.2
20,80,77,100,85.2
43,35,51,70,62.18
21,64,37,59,49.21
74,70,65,53,59.12
5,45,42,43,39.63
66,17,0,0,6.6
43,38,62,69,64.94
29,21,19,25,24.06
81,69,58,55,59.11
93,97,96,100,98.21
97,62,66,61,66.3
58,57,58,63,61.66
30,60,60,70,63.73
19,51,46,55,49.35
62,20,21,45,39.91
79,54,63,75,72.44
64,69,80,89,84.38
80,100,100,91,92.76
18,73,63,73,64.75
56,68,68,79,74.08
96,82,80,71,76.27
88,30,17,33,34.31
22,49,38,0,13.93
35,60,50,18,29.95
2,77,91,91,82.49
6,100,100,77,77.0
18,35,29,38,33.38
21,54,50,86,69.32
25,60,62,51,51.99
54,62,77,92,84.32
61,61,67,80,74.61
77,78,85,91,88.38
99,62,58,49,57.24
73,48,33,44,44.01
83,71,55,47,53.63
24,51,65,58,57.21
83,100,100,100,98.3
33,17,33,42,39.19
53,54,54,44,48.43
40,44,39,43,41.63
53,39,36,38,39.01
71,22,15,0,12.08
47,76,98,98,93.52
3,67,77,58,58.96
9,60,77,87,76.78
25,88,79,72,69.89
68,91,87,79,80.73
36,58,70,83,75.16
1,38,36,36,32.78
25,34,10,0,5.68
50,69,47,57,53.85
95,76,61,49,57.33
37,69,90,79,78.7
34,66,50,59,54.22
21,53,55,58,53.75
8,85,83,69,67.54
7,75,69,78,68.91
46,54,48,67,59.47
89,82,76,76,77.71
16,37,19,15,16.65
18,67,62,72,64.11
41,45,45,54,50.69
68,82,85,67,73.05
28,56,55,35,41.16
97,84,98,83,89.27
49,77,86,76,76.57
20,69,85,100,87.73
48,51,39,44,43.11
26,69,65,64,60.84
55,51,62,58,59.46
35,58,63,54,55.62
22,35,23,42,34.68
57,39,7,0,8.15
66,64,44,44,46.41
67,45,45,34,40.99
6,69,53,71,59.6
90,83,83,94,90.65
92,54,75,83,82.32
89,70,79,78,79.72
79,81,100,76,83.97
87,50,71,36,51.7
64,100,100,100,96.4
75,32,35,45,45.24
37,65,87,89,83.82
43,22,44,59,53.63
63,82,76,69,70.57
43,41,34,14,23.33
52,91,79,52,60.84
6,60,38,61,49.36
48,71,79,74,73.2
33,73,64,63,60.89
13,44,32,37,33.62
3,58,88,99,86.66
61,49,69,82,76.39
47,35,49,71,62.62
19,55,41,17,24.79
37,28,25,27,27.66
62,71,76,89,82.74
62,62,54,48,51.51
21,52,57,63,57.31
35,60,50,36,40.6
87,64,42,41,46.68
14,62,53,75,62.72
22,35,8,0,4.64
53,66,79,73,73.36
23,81,74,98,83.56
54,56,48,35,41.17
22,51,73,76,69.94
71,47,43,51,51.23
86,74,80,72,76.49
53,48,84,74,75.12
25,100,100,100,92.5
28,80,59,51,51.33
21,75,80,70,68.62
91,70,62,73,72.09
14,25,54,70,59.93
18,77,77,75,70.49
40,51,38,57,50.19
84,72,51,50,53.98
22,74,70,50,53.68
87,62,57,51,56.71
4,52,40,53,44.52
71,63,57,47,52.94
67,70,55,44,49.73
25,45,17,25,23.08
13,85,89,100,88.09
77,38,29,18,27.65
85,64,58,42,51.39
61,33,20,48,41.17
1,40,60,54,50.82
89,85,77,55,65.43
85,87,86,90,88.51
97,67,74,66,71.81
79,70,75,68,71.51
4,29,1,0,0.99
76,91,100,100,97.6
48,77,95,100,93.36
43,68,80,100,88.34
94,38,24,19,28.57
9,24,47,49,44.75
97,80,79,73,77.42
68,55,52,69,64.13
40,61,72,81,74.7
1,52,44,48,42.66
84,69,70,81,78.54
34,53,74,89,79.39
25,58,68,51,53.77
69,72,100,100,96.9
88,44,14,3,15.52
27,68,81,80,75.3
43,37,18,25,25.12
49,34,44,45,45.68
65,42,39,62,56.23
26,54,53,45,46.04
22,50,56,38,42.23
94,72,70,59,66.65
41,66,46,56,52.14
51,100,79,82,78.07
26,34,34,28,29.89
84,63,73,77,77.02
26,55,85,83,78.45
92,55,60,45,54.86
61,94,88,100,92.54
7,2,2,0,1.36
15,61,73,65,63.23
48,66,85,53,62.23
23,55,66,88,75.21
89,61,48,27,40.26
59,92,100,100,95.9
95,66,100,100,99.5
57,59,82,90,84.82
97,60,76,72,76.27
27,67,68,72,67.07
81,35,0,11,15.29
61,61,17,25,26.65
36,84,55,45,47.33
86,68,73,56,64.73
63,86,78,89,83.38
47,38,20,15,20.38
45,36,37,53,47.75
44,40,28,45,40.32
94,98,89,90,90.49
81,99,100,100,98.1
32,47,40,58,50.27
6,37,40,23,27.12
76,60,77,56,64.67
47,75,70,67,66.64
65,81,85,90,86.57
42,35,45,51,48.8
30,34,50,48,47.18
8,65,57,89,71.96
45,67,77,65,67.01
16,51,64,66,60.66
84,50,34,86,70.63
18,27,28,50,40.85
4,50,88,100,86.93
52,34,23,41,37.03
7,57,50,61,52.74
90,75,54,41,50.56
92,85,100,100,99.2
18,57,67,78,68.85
3,20,8,31,21.63
95,63,57,58,62.03
39,84,90,78,78.04
10,61,64,63,58.15
30,53,53,33,38.96
32,63,54,77,65.82
81,49,55,57,59.02
85,57,57,48,54.75
71,48,42,45,47.48
63,56,40,50,48.84
66,84,76,79,77.17
20,61,68,58,57.48
10,56,33,20,23.51
60,42,51,0,21.49
82,64,80,55,65.98
33,51,44,44,42.96
32,67,64,65,61.69
59,35,43,45,46.24
63,44,44,52,51.45
8,41,33,22,24.44
28,45,63,53,53.86
45,87,97,100,93.68
47,68,65,41,48.99
20,43,21,15,17.66
60,54,40,32,37.32
35,85,78,43,52.92
71,58,46,35,42.07
98,73,85,100,95.53
82,74,71,73,73.89
14,75,71,62,60.01
50,42,41,27,34.11
52,54,44,52,49.97
93,83,70,81,79.13
42,82,100,100,94.2
22,31,14,17,17.08
54,44,72,87,79.49
60,63,100,100,96.0
40,57,90,65,70.6
8,35,33,41,35.49
70,82,67,72,70.83
57,79,79,86,81.57
10,86,75,84,74.74
16,33,20,4,10.49
13,39,58,70,60.76
0,45,67,67,60.93
8,58,71,69,63.64
57,52,39,4,20.13
79,54,40,19,31.74
47,88,93,88,85.73
45,62,64,51,54.35
90,92,98,100,98.46
37,23,17,3,11.09
99,89,74,71,74.99
82,81,71,82,79.39
100,77,84,87,87.7
72,57,49,37,44.29
6,76,53,46,44.48
88,67,57,59,61.65
1,74,90,80,75.22
11,49,42,37,36.28
100,73,71,74,76.4
91,34,18,0,14.58
38,68,75,51,56.92
12,60,42,28,31.18
64,68,39,36,40.06
81,61,38,49,49.39
21,81,74,92,79.74
44,38,29,27,29.61
98,60,47,29,41.68
97,63,67,42,55.6
15,58,53,54,50.26
40,49,52,57,54.4
43,41,12,15,17.31
10,69,61,81,68.05
64,47,54,42,48.05
13,73,50,69,58.21
7,48,45,49,44.13
49,62,49,57,54.39
94,82,70,84,81.29
79,72,79,71,74.76
17,42,35,27,28.93
56,50,67,77,72.4
58,52,50,60,57.26
69,68,66,76,72.82
51,61,65,72,68.27
59,53,30,27,31.41
31,54,48,36,39.41
22,72,100,100,92.2
85,67,80,97,91.06
31,65,60,28,38.61
8,59,51,43,42.63
79,64,53,47,52.32
51,71,68,68,66.61
13,58,55,39,41.72
75,52,42,26,35.88
95,53,53,50,55.52
56,66,60,51,54.34
33,60,72,64,64.03
71,79,85,100,92.84
68,67,80,93,86.86
43,77,44,49,47.58
67,81,100,95,94.12
56,55,57,86,74.36
94,51,64,72,72.16
81,68,56,59,61.01
76,50,59,53,57.21
22,43,47,35,37.63
64,83,79,76,76.28
13,58,60,71,62.37
11,28,16,33,26.04
72,75,87,93,89.78
93,76,99,100,99.06
51,34,43,26,34.28
58,73,91,73,77.22
53,49,55,35,43.34
47,43,50,38,43.06
27,79,77,84,77.04
96,63,84,89,88.84
91,66,50,45,51.44
43,51,39,34,36.9
33,42,24,25,26.31
22,40,50,71,60.28
87,100,98,82,87.6
79,100,100,100,97.9
17,70,73,61,60.42
64,98,64,57,60.18
20,50,59,75,65.09
77,46,50,45,50.16
5,18,14,14,13.64
92,66,79,87,85.55
24,54,57,66,59.54
100,78,100,91,94.97
0,80,81,95,81.51
12,64,86,78,74.51
64,76,91,91,88.76
40,62,51,31,38.5
67,24,30,45,43.18
7,58,57,69,59.47
42,75,75,86,78.9
67,57,36,31,36.27
17,75,97,68,72.11
27,50,45,38,39.3
36,73,85,79,76.87
66,48,38,8,23.36
60,61,44,30,37.95
5,43,2,2,2.98
53,74,68,65,65.06
67,22,12,30,29.02
96,39,54,59,61.57
55,51,43,51,49.4
75,16,0,0,7.5
79,33,20,21,27.25
35,78,71,92,80.74
95,84,54,39,49.63
20,49,33,37,34.38
44,45,75,61,63.67
58,53,46,49,49.45
25,100,78,63,64.3
28,39,75,82,74.84
32,59,58,48,49.57
96,71,79,88,86.75
99,85,100,100,99.9
29,56,69,72,67.17
10,62,37,43,37.97
9,50,20,14,15.57
61,74,77,99,88.97
62,60,62,53,57.46
40,67,60,59,58.18
80,67,62,28,44.07
35,33,28,8,16.99
62,95,100,92,91.91
39,55,54,73,64.46
41,90,97,100,93.29
22,21,33,23,26.44
47,65,75,80,75.53
35,59,58,36,43.21
100,97,85,77,82.06
26,68,88,84,79.76
74,84,64,65,65.87
37,65,74,70,68.35
82,56,44,47,49.91
49,45,41,36,38.97
47,50,60,39,46.64
50,59,84,61,67.34
58,29,13,2,11.49
17,87,85,63,65.38
46,60,55,84,71.66
97,69,69,62,68.0
49,91,100,97,93.3
72,64,86,73,76.9
44,61,64,76,69.83
17,43,50,39,40.4
8,31,37,36,33.77
98,63,43,29,40.31
63,63,92,100,94.0
60,87,95,99,94.56
62,30,33,22,29.9
6,34,16,4,8.0
60,58,68,72,70.24
75,87,100,100,97.5
100,83,88,80,84.89
9,54,76,74,68.25
79,48,73,82,79.76
18,81,66,84,72.16
88,68,91,95,93.63
90,14,23,41,40.95
19,57,85,89,81.22
53,53,48,60,56.3
63,56,37,71,60.18
88,62,59,55,60.1
72,64,43,34,40.65
71,76,90,80,82.5
70,57,56,63,62.07
24,62,57,60,55.97
12,58,51,45,43.62
10,99,88,84,78.39
33,68,55,89,73.39
60,51,58,59,59.37
56,79,76,73,72.51
35,78,84,67,69.6
85,66,52,74,68.78
30,81,75,81,74.63
66,74,82,94,88.17
83,56,85,76,80.04
54,70,61,45,51.26
13,49,47,30,34.02
79,66,81,79,80.27
95,56,68,59,65.98
16,44,7,0,4.41
17,61,69,80,71.24
96,86,79,62,71.13
38,47,61,54,54.85
66,76,82,94,88.29
12,22,16,33,26.27
48,100,77,54,60.71
97,70,66,59,65.74
41,76,82,70,70.93
53,72,66,52,56.42
28,30,19,3,10.62
82,80,75,77,77.4
29,30,24,14,18.92
92,45,45,56,56.99
44,43,73,56,60.5
28,62,57,59,55.72
66,48,51,72,65.28
27,26,21,4,11.72
37,43,50,36,40.9
20,75,55,50,49.01
15,86,99,100,91.32
31,63,86,69,70.63
84,86,93,99,96.13
41,53,62,85,74.57
30,37,29,23,26.11
45,53,21,20,23.42
13,84,71,88,75.53
37,42,33,41,38.71
33,70,73,67,65.73
82,52,68,92,84.08
0,62,53,60,51.93
30,46,46,42,42.33
20,49,33,49,41.8
92,94,100,97,97.55
56,22,30,28,31.83
39,43,59,69,63.38
50,41,22,0,11.61
63,80,59,94,81.03
19,87,78,79,72.81
12,5,11,0,4.77
16,21,8,7,8.57
26,49,35,65,52.32
95,84,63,82,77.98
20,76,60,58,55.06
72,43,55,46,51.56
9,89,85,94,83.52
3,61,53,40,40.45
6,42,35,31,30.02
34,57,34,26,29.69
3,42,45,78,61.25
88,54,55,51,56.57
51,57,68,64,64.28
36,44,44,43,43.34
27,15,25,2,11.71
72,75,70,93,84.59
89,69,76,73,75.58
4,37,37,48,40.58
68,100,100,98,95.95
36,56,48,52,49.38
93,62,55,50,56.22
47,72,80,86,80.77
61,54,47,49,50.07
67,67,54,73,67.24
4,59,33,25,26.03
85,28,31,32,37.85
73,69,67,76,73.08
29,64,62,61,58.39
53,25,22,26,27.69
65,100,100,100,96.5
90,51,65,73,72.81
63,85,47,34,41.0
55,47,28,32,33.37
49,65,85,81,79.7
5,15,27,32,28.17
8,76,82,87,77.93
36,29,22,27,27.16
11,65,58,73,63.04
42,56,55,57,55.23
77,100,100,91,92.74
81,75,47,38,45.24
50,58,58,47,50.89
22,21,10,0,5.25
13,20,29,23,24.36
3,52,35,40,35.47
30,82,67,46,51.32
12,56,73,99,83.12
43,70,63,71,66.38
29,56,70,65,63.31
53,79,67,59,61.19
90,66,96,100,98.09
98,63,53,39,49.32
100,94,100,100,100.0
58,8,23,28,29.99
35,69,68,57,58.68
56,55,33,23,29.97
38,30,19,13,17.96
79,42,56,61,62.14
39,46,58,33,41.37
65,87,75,86,81.4
81,71,79,63,69.71
24,63,68,54,55.95
54,69,90,86,84.12
56,49,40,49,47.19
75,46,58,60,61.43
33,59,62,61,59.03
60,50,82,88,83.48
27,58,81,95,84.68
64,39,17,6,15.53
53,56,45,60,55.16
33,59,41,19,27.17
22,84,98,100,91.65
83,82,92,100,95.98
17,56,58,48,48.61
100,83,100,74,84.56
40,43,40,51,46.97
67,57,59,31,43.64
16,46,65,57,55.88
34,72,71,63,62.67
29,70,83,89,81.47
44,64,50,59,54.99
57,66,65,59,60.76
31,67,65,69,64.84
20,58,64,66,61.2
98,100,100,100,99.8
15,66,42,55,47.35
88,36,16,0,13.73
48,88,81,77,75.66
46,79,63,69,65.62
42,85,82,87,81.69
25,58,66,69,64.07
19,51,53,58,53.32
71,45,52,50,52.98
31,50,28,26,27.25
97,76,73,92,87.32
16,60,37,22,26.04
1,68,38,35,32.93
78,66,60,49,55.56
38,50,65,81,72.27
73,81,71,89,82.53
84,100,81,83,82.93
83,67,73,74,75.06
44,49,43,19,29.11
55,62,47,78,67.0
32,71,82,85,79.23
51,70,91,99,92.6
3,81,60,57,52.96
53,53,71,57,61.41
6,18,32,65,49.66
70,62,55,37,46.01
40,86,79,76,73.88
43,73,100,100,94.3
83,80,82,72,76.48
64,85,100,100,96.4
27,62,43,59,51.2
72,37,52,45,50.18
59,52,32,51,46.78
60,51,41,24,33.54
5,77,53,64,55.34
68,54,62,77,71.8
36,44,23,31,29.28
19,60,77,80,73.64
89,55,60,54,59.49
95,75,75,80,80.31
5,20,31,34,30.49
19,59,44,17,25.41
20,52,43,22,28.32
51,59,79,49,58.51
34,61,72,62,62.97
45,52,48,36,41.16
99,37,21,19,28.13
7,79,73,100,82.75
16,77,75,81,72.98
73,53,36,57,53.01
82,84,87,79,81.98
63,49,65,69,67.92
74,85,83,70,74.71
51,31,9,23,22.1
56,36,7,14,16.7
53,8,10,0,8.57
49,63,93,97,91.24
80,47,15,39,36.05
44,49,66,100,84.22
61,100,93,90,88.53
97,86,76,81,81.82
9,34,35,32,31.39
100,45,60,38,51.35
72,82,79,96,88.61
36,4,12,29,24.83
10,93,93,91,83.72
59,34,50,39,45.01
60,85,66,68,67.09
19,54,62,59,56.2
67,71,73,69,70.53
75,87,100,76,83.6
91,73,61,44,54.61
18,29,54,52,49.55
77,60,50,49,52.54
95,71,80,89,87.48
40,26,44,10,23.98
23,44,23,28,26.61
60,59,41,52,49.71
84,75,48,22,36.23
71,40,37,60,54.55
14,49,55,36,39.78
8,43,47,75,60.4
2,58,51,76,61.22
43,45,43,31,36.32
4,43,29,28,26.46
83,62,81,100,92.69
58,55,66,81,74.85
18,60,73,75,68.97
12,89,62,89,73.81
65,68,47,40,45.25
50,90,83,100,90.0
99,53,62,60,65.01
71,65,77,88,83.57
70,42,41,44,46.14
72,83,79,88,84.16
57,62,50,47,49.07
56,64,93,94,90.42
88,74,43,49,51.21
47,59,44,47,46.66
54,77,97,100,94.75
86,48,50,44,50.76
77,64,49,51,53.7
24,6,4,38,26.84
76,87,100,100,97.6
91,82,63,70,70.33
44,53,58,57,56.23
39,58,59,53,53.82
25,75,61,45,48.16
30,38,70,59,59.85
6,69,59,33,38.46
24,58,73,59,60.25
84,57,85,98,93.32
66,70,45,71,62.96
83,31,40,31,39.14
47,63,69,45,52.53
58,89,100,88,88.66
91,81,84,72,77.61
46,46,50,46,47.9
24,49,46,29,33.86
46,44,53,50,51.08
66,81,81,65,70.68
80,38,42,42,46.55
95,27,21,36,37.89
40,58,74,70,68.58
35,38,37,4,17.41
37,45,33,26,29.53
1,95,100,80,78.15
70,47,48,62,59.12
51,68,62,75,69.01
84,29,53,36,46.37
100,65,79,63,71.95
31,82,91,96,88.54
32,71,68,81,72.44
44,70,36,56,49.14
85,61,42,47,49.63
74,74,54,46,51.34
62,73,93,87,87.1
71,59,77,77,76.57
16,59,60,34,40.19
16,63,80,100,85.73
84,67,41,54,53.67
24,44,53,42,43.94
8,36,51,46,44.55
24,39,30,23,25.73
98,60,84,100,95.09
95,84,49,59,60.32
7,57,43,60,49.88
66,55,35,40,41.78
87,65,68,79,76.85
89,100,100,76,84.93
59,54,67,59,61.85
87,73,86,95,91.98
54,75,97,87,87.45
57,89,81,90,84.47
21,75,68,73,67.15
94,76,90,71,79.67
12,69,71,74,67.58
52,47,40,37,39.66
39,55,64,74,67.91
58,80,100,85,87.02
24,49,67,83,72.61
64,41,31,49,45.59
40,59,85,92,85.19
22,35,50,67,57.97
38,81,83,76,74.9
7,75,81,92,80.58
45,60,93,80,81.12
27,62,62,47,49.95
28,78,97,100,91.96
100,41,51,33,45.35
75,42,36,41,43.31
69,65,78,79,78.48
26,58,44,41,40.94
99,65,61,48,57.38
12,33,47,40,39.76
58,46,42,50,48.92
21,40,47,24,31.18
88,46,30,31,36.92
78,75,93,91,90.89
82,64,59,65,65.1
44,58,67,35,46.18
29,54,67,56,56.85
73,78,92,76,80.77
70,26,13,25,26.65
61,46,63,46,53.06
58,61,52,60,57.83
98,26,29,31,37.26
65,100,100,100,96.5
77,69,86,57,68.37
66,50,41,45,46.47
8,50,47,46,42.9
70,93,99,100,96.75
78,58,51,80,71.58
89,85,85,76,80.26
82,37,63,61,64.15
94,67,58,62,64.42
59,73,70,94,83.86
95,57,49,20,36.98
72,71,57,50,54.71
79,63,72,60,65.63
93,76,78,62,70.37
91,44,67,55,62.89
18,59,70,72,66.47
82,75,69,50,59.58
81,73,92,85,87.1
51,48,70,57,60.59
44,51,35,26,30.63
97,69,67,77,76.3
16,59,52,33,37.37
46,66,79,59,63.9
96,76,89,100,96.42
84,48,47,27,38.86
34,68,69,53,56.32
48,64,28,27,30.1
66,73,73,91,83.85
51,41,50,70,62.61
42,41,37,31,33.95
40,100,100,100,94.0
51,75,70,89,79.83
47,62,59,50,53.18
7,51,31,24,25.16
68,58,48,66,61.28
100,80,100,100,100.0
65,100,61,56,58.51
29,66,64,69,64.1
77,85,92,100,95.49
41,66,62,60,58.97
94,36,55,67,66.29
78,50,65,64,66.55
9,57,60,63,56.91
5,54,61,72,62.43
18,47,47,24,30.7
50,89,80,85,80.72
43,39,56,68,62.54
96,56,59,64,66.18
96,69,54,55,59.09
61,81,94,85,85.92
4,37,44,53,45.7
79,88,99,100,97.73
91,63,56,46,53.9
78,77,78,89,84.95
47,57,59,73,66.31
62,42,50,53,53.71
97,77,93,100,97.84
17,38,29,28,27.84
3,63,60,53,50.69
61,51,26,37,36.69
92,23,20,7,19.55
2,56,56,45,44.5
10,95,100,100,91.0
19,59,60,75,65.36
93,32,17,18,25.69
94,60,46,31,42.44
69,73,75,83,79.76
53,32,55,48,51.33
27,75,91,100,90.26
60,60,65,61,62.66
36,100,87,78,77.2
89,61,62,58,62.45
40,57,43,42,42.7
78,73,67,65,67.23
53,59,86,75,76.55
69,55,65,76,72.31
78,71,89,71,77.55
36,71,57,79,68.66
24,34,45,46,44.08
74,61,59,71,68.3
33,44,61,67,62.15
4,68,52,68,57.24
31,27,17,17,18.59
65,37,49,54,54.33
50,52,62,67,63.88
39,48,58,58,56.52
79,53,20,8,19.12
62,62,81,65,70.17
27,78,88,77,75.85
38,88,65,71,66.12
11,70,72,69,64.87
45,78,70,63,63.66
35,65,37,51,45.75
24,24,1,29,20.77
76,76,67,84,78.33
60,81,98,100,95.45
10,24,30,34,30.64
8,43,64,58,55.23
32,68,98,100,92.81
14,90,92,89,82.99
81,57,52,41,49.0
56,56,63,42,50.39
90,42,41,53,53.33
57,19,38,56,51.15
18,34,18,10,13.7
67,70,62,65,64.74
14,51,69,87,74.53
4,60,57,44,44.19
82,91,100,100,98.2
79,71,67,83,78.19
93,34,20,14,24.15
35,51,48,35,39.53
91,40,52,15,34.18
33,13,19,41,33.93
46,48,58,67,62.87
70,58,70,64,66.98
7,23,27,24,23.58
56,25,27,31,32.68
6,50,51,23,30.24
80,78,98,100,97.45
30,67,54,43,45.38
73,75,87,93,89.9
22,50,61,47,49.28
90,65,64,88,81.52
40,41,65,75,68.74
11,59,36,38,35.05
7,74,46,68,55.7
12,33,21,35,28.77
33,47,39,18,26.14
65,89,98,100,96.06
67,70,61,21,38.01
9,65,54,56,51.34
71,48,27,36,37.43
42,24,41,36,38.3
86,55,56,80,74.03
35,74,78,70,69.45
0,22,29,21,21.97
95,55,44,37,45.24
79,65,47,51,52.93
99,64,65,78,76.53
55,59,47,29,37.61
33,89,81,91,82.73
51,52,47,61,56.37
52,84,65,66,64.63
61,43,30,17,25.88
22,45,52,48,47.02
3,65,80,79,71.81
65,45,38,40,42.18
3,81,75,69,64.93
19,44,35,30,31.15
50,81,78,96,86.17
75,65,100,99,97.31
36,85,100,100,93.6
35,46,48,23,32.32
57,66,79,67,70.15
10,96,83,93,82.42
27,42,53,45,46.02
94,67,59,67,67.71
29,76,63,77,68.22
70,54,64,74,70.85
28,98,89,88,82.38
18,52,40,36,35.64
51,53,31,36,36.41
26,61,62,51,52.03
85,61,65,31,47.43
13,34,21,5,10.97
20,22,29,8,16.08
94,20,0,26,25.38
27,42,25,16,20.14
30,70,80,84,77.5
67,27,18,48,41.5
51,96,93,71,76.01
30,42,52,76,64.77
86,98,100,100,98.6
61,57,65,61,62.77
57,47,76,81,77.39
50,64,80,78,76.19
59,77,73,56,61.7
82,36,43,54,53.99
77,35,43,48,49.56
62,46,33,49,46.26
91,45,58,62,63.94
49,52,38,69,58.35
11,81,91,100,88.54
47,11,26,15,22.29
55,43,37,38,39.62
78,65,66,62,65.53
58,55,51,40,45.82
52,52,43,57,53.02
87,27,38,57,54.64
26,49,42,31,34.25
10,45,52,45,43.95
3,58,61,75,64.28
43,79,65,56,58.04
34,69,59,43,47.34
65,71,100,100,96.5
10,100,93,90,83.16
36,25,40,23,29.9
35,46,57,64,59.6
28,66,69,77,70.35
19,58,54,56,52.23
21,81,100,100,92.1
97,32,39,44,48.55
98,70,60,57,62.25
41,51,52,63,58.09
18,80,68,63,60.42
64,85,81,88,83.78
38,61,81,99,87.83
25,44,54,50,48.8
17,41,45,70,57.4
59,59,44,59,55.17
27,54,41,14,23.55
97,100,100,100,99.7
5,52,72,91,76.88
83,82,87,100,94.68
87,52,30,39,41.62
62,57,49,46,48.97
9,28,39,50,43.2
71,45,70,78,75.19
78,51,53,54,56.79
90,39,45,61,59.78
32,100,65,53,55.23
85,45,53,59,60.42
89,45,44,66,62.09
91,99,100,93,95.07
32,100,100,100,93.2
14,90,78,81,73.63
90,77,76,91,86.95
35,31,23,24,25.26
62,27,34,42,41.91
75,68,63,53,58.46
37,34,46,44,44.47
37,67,77,91,82.1
94,81,78,72,76.15
22,71,76,54,57.75
34,71,57,34,41.3
19,73,81,68,67.1
23,30,24,36,31.9
62,46,53,35,43.56
59,44,52,28,38.92
5,85,89,70,69.79
31,26,0,9,8.6
1,65,67,61,57.11
8,52,47,40,39.12
71,66,57,42,49.87
39,28,27,17,22.56
64,28,51,42,46.98
5,35,11,8,9.12
38,72,66,56,57.79
75,64,76,78,77.38
83,74,89,84,85.94
44,62,63,32,43.17
17,71,100,100,91.7
32,16,32,29,30.9
44,40,33,25,30.04
63,64,64,72,69.44
50,36,13,0,9.22
83,92,87,86,86.72
76,83,78,81,80.02
33,41,23,30,28.48
79,69,70,89,82.72
69,32,26,0,14.94
15,65,69,63,60.59
12,55,56,62,55.69
10,58,58,67,58.92
71,70,56,41,48.88
33,44,53,62,56.69
18,83,100,93,88.02
92,46,55,42,51.48
55,83,100,73,79.57
83,54,88,100,94.77
40,82,96,99,92.73
49,34,34,46,43.53
70,75,73,56,62.84
100,37,37,45,48.79
65,74,91,63,72.25
81,51,32,46,45.99
27,72,84,96,85.98
98,64,44,54,55.93
76,28,27,21,28.73
53,83,89,100,92.28
34,56,42,37,38.88
27,43,48,67,57.77
57,49,44,45,46.59
25,29,13,35,27.87
11,34,82,84,76.52
3,61,70,64,59.98
44,41,44,36,39.42
45,52,64,41,48.68
68,63,38,37,40.93
31,62,65,69,64.72
76,42,53,41,48.34
49,62,79,85,80.33
22,92,100,83,82.03
30,72,88,79,77.35
73,67,84,75,78.08
89,27,31,27,34.99
60,56,56,59,58.74
4,43,59,65,57.51
30,95,77,100,86.14
42,69,63,45,50.63
52,53,52,58,56.19
47,50,52,52,52.15
58,64,43,41,43.99
84,62,52,40,48.39
46,52,59,64,61.49
55,67,66,73,69.35
82,76,100,92,93.96
97,72,49,65,63.62
55,88,96,96,92.06
45,58,64,63,62.14
77,86,76,94,87.49
7,22,26,14,17.67
28,63,72,62,61.9
4,82,89,90,81.43
98,60,73,90,86.02
86,64,66,76,74.18
9,88,91,94,84.86
83,66,76,77,77.46
62,63,39,20,30.57
100,56,80,67,74.57
81,56,54,28,41.51
67,73,75,64,68.31
26,60,60,11,27.82
44,52,56,80,69.6
98,50,44,52,54.88
1,33,37,62,48.77
64,62,50,79,69.41
60,70,81,54,62.99
12,64,88,81,76.42
7,49,45,46,42.25
16,68,92,81,78.03
10,85,84,77,72.93
41,64,98,94,90.35
72,43,39,44,45.98
82,35,14,0,12.58
62,57,79,75,75.46
5,39,48,40,39.52
24,66,88,72,72.46
65,38,32,20,28.48
65,36,51,59,57.67
68,25,28,42,40.63
3,37,15,0,5.6
98,64,72,69,73.13
42,55,52,66,59.93
50,87,79,93,84.92
81,26,28,11,23.36
75,49,41,22,33.29
23,77,77,51,56.88
38,73,56,44,47.42
67,50,45,24,34.8
76,60,69,96,86.29
56,55,93,83,83.63
76,54,60,74,70.28
89,71,65,66,68.49
58,53,40,58,53.08
98,34,44,44,49.71
10,53,64,80,68.27
41,43,52,39,43.8
52,72,86,82,80.87
70,69,54,79,71.1
32,42,21,18,20.81
13,100,91,100,88.66
9,29,51,44,43.31
4,43,57,32,37.23
93,27,42,45,49.42
40,31,36,46,42.56
96,91,91,100,96.99
92,52,48,37,46.52
20,64,65,71,64.57
28,54,42,45,42.8
13,30,45,62,52.38
40,48,48,28,35.55
84,50,57,42,50.97
78,78,87,100,93.91
3,33,27,51,39.17
68,36,15,6,15.02
14,50,69,92,77.59
1,72,60,63,56.45
11,49,44,50,44.99
77,57,45,51,52.33
63,54,54,71,65.68
14,63,42,22,27.54
55,78,65,55,58.62
1,54,38,64,50.31
55,51,44,56,52.59
79,56,76,50,61.39
82,81,100,100,98.2
57,60,63,64,63.69
41,39,70,51,56.16
6,59,47,53,46.75
35,79,86,84,80.26
5,46,41,65,51.99
49,65,62,81,72.52
74,59,69,43,54.33
76,59,51,47,51.74
51,45,61,79,71.15
28,53,50,53,49.85
5,67,40,30,31.27
100,61,86,83,86.11
78,53,54,51,55.01
55,60,66,47,53.96
98,58,65,49,59.04
12,39,44,69,56.5
96,44,45,49,52.81
43,23,21,24,25.45
93,75,81,56,67.45
84,71,74,75,76.27
36,42,32,29,31.14
38,57,59,66,61.98
32,64,42,41,41.09
8,49,55,66,57.02
35,87,63,65,61.76
4,33,35,11,18.03
36,82,95,100,92.14
0,69,66,70,62.3
32,57,89,100,90.18
21,56,67,56,56.27
84,72,84,91,89.04
47,81,90,100,91.75
60,64,80,77,76.62
1,44,22,42,32.44
80,79,63,60,63.07
83,83,71,88,82.87
23,55,37,46,41.09
4,52,50,72,59.36
20,93,100,100,92.0
77,21,2,20,20.68
75,50,45,32,40.61
11,50,46,47,43.25
2,54,74,66,62.39
89,40,27,34,38.25
100,40,35,27,36.79
40,72,70,63,63.13
48,77,60,70,65.58
78,37,55,28,41.77
49,64,73,99,86.66
87,53,82,76,79.0
85,93,76,91,86.62
85,82,91,79,83.34
25,51,43,24,30.42
11,91,71,91,77.62
92,83,93,66,77.38
2,54,69,29,38.86
30,55,74,86,77.34
99,70,54,48,55.36
24,73,78,76,72.17
37,60,49,62,56.33
43,53,57,48,50.88
0,42,46,59,49.39
23,80,77,55,58.86
70,46,47,43,47.2
85,23,22,32,34.56
6,37,39,12,19.81
77,79,70,56,62.78
96,76,74,80,80.51
96,65,70,78,77.77
57,59,58,51,54.41
55,89,100,100,95.5
49,63,63,43,49.84
22,41,42,31,33.9
95,90,80,68,74.92
94,56,73,94,88.13
84,49,30,26,33.6
75,28,5,16,19.16
2,30,49,45,42.18
64,69,76,90,83.49
23,58,45,34,36.69
9,52,39,37,35.41
98,83,74,59,68.0
93,64,71,33,51.17
32,60,55,57,54.14
43,38,25,10,18.47
13,52,42,47,42.94
81,89,81,89,85.9
94,100,69,64,69.04
86,71,68,84,79.72
69,52,55,64,62.09
62,100,93,79,82.01
34,24,39,55,48.46
43,66,58,76,67.72
17,22,13,10,12.04
58,70,67,70,68.02
62,14,21,14,21.43
96,58,94,100,98.05
76,28,39,16,29.04
16,53,52,38,40.16
91,47,46,45,50.45
45,20,54,58,55.97
16,82,91,87,81.82
47,35,21,40,35.19
82,10,0,0,8.2
2,50,53,62,53.73
66,72,69,62,64.59
2,37,32,33,29.99
62,75,100,97,94.58
29,88,100,74,77.67
94,69,63,68,69.41
69,73,69,71,70.29
6,49,46,46,42.11
53,73,67,75,71.02
72,47,38,46,46.79
2,57,74,88,75.62
50,35,41,34,37.85
70,59,75,53,61.86
85,89,83,86,85.25
28,40,41,39,39.1
15,58,74,59,59.54
55,45,34,12,23.18
25,55,72,63,61.99
86,53,43,55,55.16
31,67,87,84,80.29
42,81,84,85,81.07
40,64,54,55,53.31
24,77,94,100,90.65
35,71,87,76,76.0
10,60,61,37,41.78
66,52,60,41,49.62
41,52,46,66,58.14
12,38,52,85,68.55
4,46,16,0,5.3
93,63,63,55,61.78
91,70,65,48,57.54
87,71,42,42,46.83
12,51,100,100,91.2
93,60,54,33,45.78
71,35,19,4,15.89
2,81,84,92,80.77
66,85,80,97,89.45
4,55,62,60,55.65
87,75,61,45,54.72
57,72,79,98,88.3
69,100,100,93,93.01
63,47,30,19,27.01
86,47,33,50,48.94
21,57,52,65,57.45
16,67,60,48,48.72
91,98,100,78,85.92
74,59,56,17,34.87
87,86,83,91,88.68
72,48,38,19,30.48
71,25,27,20,27.86
43,67,77,94,84.26
44,100,95,82,82.67
26,45,56,46,47.52
48,83,58,60,58.3
88,64,79,49,62.45
12,57,45,36,36.92
8,78,81,84,75.8
46,91,93,100,92.56
76,51,32,16,27.12
11,46,67,67,62.11
48,77,75,49,56.8
72,89,100,100,97.2
42,43,54,54,53.24
12,53,57,50,48.47
32,48,69,85,75.19
75,51,52,56,57.2
8,74,67,40,45.29
78,67,50,61,59.57
20,66,66,42,47.68
23,64,45,44,42.96
29,66,44,49,46.29
43,35,31,8,19.11
81,52,48,52,54.02
20,76,70,75,68.36
71,84,88,80,81.98
12,61,66,66,61.22
47,40,20,19,22.42
12,48,69,51,53.22
94,71,73,67,72.12
18,34,37,60,49.53
100,53,42,34,43.33
92,28,30,19,30.13
94,40,17,21,27.66
55,44,54,64,60.41
34,35,32,20,25.38
47,64,75,82,76.91
37,84,100,100,93.7
55,48,56,54,55.23
56,61,54,73,66.22
1,56,69,64,59.46
23,70,80,73,70.43
50,92,91,100,92.49
97,91,76,67,73.47
51,61,55,77,68.49
75,68,67,71,70.76
38,30,23,25,26.41
60,68,44,62,56.8
52,67,83,91,85.34
89,70,54,61,62.44
63,77,55,57,57.08
95,85,40,30,39.79
71,35,30,43,42.46
45,51,37,13,23.94
13,45,45,32,34.44
4,46,40,21,25.43
14,72,65,57,55.42
79,50,53,41,48.62
50,56,43,53,49.86
51,75,59,61,60.04
14,82,73,73,67.52
77,75,62,68,67.71
75,50,65,58,62.32
42,57,72,85,77.14
98,63,88,79,84.3
35,91,73,68,66.78
58,96,64,83,75.34
31,72,63,47,50.8
81,57,61,62,64.04
79,50,53,50,54.43
56,26,18,47,39.8
12,76,73,68,64.23
96,80,84,77,81.85
89,55,70,77,76.4
49,59,26,16,22.75
65,46,53,61,59.2
12,46,48,60,51.85
34,65,76,68,67.14
9,58,51,48,45.22
39,67,55,70,62.7
48,63,66,100,84.66
24,48,26,2,11.86
40,64,68,81,73.26
99,70,74,82,81.64
83,34,40,29,38.41
21,53,60,41,44.9
66,87,79,77,77.04
76,61,74,84,80.81
35,80,75,69,67.64
0,60,73,84,72.89
81,91,67,52,60.07
88,61,65,70,70.83
100,87,69,62,68.54
89,42,34,22,32.51
56,47,18,29,29.15
65,27,12,15,19.44
11,65,68,67,62.28
56,79,59,87,76.18
70,66,84,78,79.64
77,82,59,47,53.98
40,31,36,58,50.14
62,45,44,56,53.21
100,45,53,66,65.88
85,69,55,83,75.35
66,97,82,87,83.99
82,72,81,85,83.97
32,61,80,67,67.46
92,72,78,92,88.16
84,73,71,81,78.54
88,68,83,100,93.72
25,69,51,74,62.48
3,41,25,17,18.05
44,73,56,69,63.17
18,100,89,100,88.7
60,63,78,81,78.58
93,41,30,19,30.25
63,50,55,28,40.05
45,37,34,48,43.85
6,77,80,59,60.14
16,77,71,58,58.06
99,5,13,17,24.17
1,62,69,52,52.35
12,54,55,74,62.3
18,91,90,92,84.52
88,94,100,88,91.76
38,74,73,45,52.82
73,49,48,33,41.78
13,32,84,85,78.04
18,57,69,63,60.78
28,81,74,69,66.68
43,36,30,0,13.84
59,69,47,48,49.3
52,44,34,25,30.76
81,91,89,78,81.89
3,62,71,62,59.51
99,92,91,100,97.47
76,62,36,56,52.81
86,82,66,59,64.19
89,94,92,75,82.03
77,100,100,87,90.33
53,90,100,100,95.3
65,52,52,36,44.02
6,29,25,40,32.49
8,14,0,20,12.94
64,84,63,62,63.19
88,75,62,78,74.45
65,60,60,72,68.3
76,73,67,98,87.15
95,41,26,35,38.76
72,87,96,100,96.1
20,46,54,51,49.25
2,39,43,25,28.63
29,64,70,55,57.12
7,38,34,39,34.84
1,54,50,63,53.48
36,75,60,61,58.45
18,53,70,90,77.2
73,88,86,83,83.73
51,83,92,89,86.77
40,62,68,69,66.36
63,85,71,81,76.47
74,74,73,73,73.39
64,80,99,77,82.89
51,36,38,43,42.69
28,99,95,100,91.33
36,54,38,55,48.47
45,73,58,42,47.35
88,55,44,62,59.54
80,43,52,67,64.04
68,50,54,58,58.4
88,42,36,40,44.11
66,74,64,76,71.85
7,59,68,60,57.41
58,78,74,69,69.81
79,94,84,71,76.27
4,57,34,48,40.04
24,52,38,20,26.16
68,42,85,88,85.33
54,40,55,55,55.71
55,29,12,22,22.57
90,54,26,35,38.31
65,63,55,55,56.5
80,46,63,51,57.86
31,55,13,19,18.88
63,59,88,86,84.68
53,51,32,22,28.58
76,62,59,75,70.92
63,31,42,47,47.67
33,49,43,43,42.53
42,48,45,51,48.8
3,92,91,98,86.75
20,76,78,62,63.02
90,59,95,100,97.66
26,51,64,59,57.51
72,71,84,89,86.54
17,59,49,63,54.77
90,58,67,64,68.11
28,71,77,63,64.43
7,26,32,50,40.83
79,42,48,49,51.98
71,58,45,38,43.69
48,46,39,48,45.46
99,66,78,67,74.13
89,70,57,41,50.91
48,72,76,81,76.78
73,74,70,94,85.03
4,75,79,74,69.09
76,79,83,67,72.78
19,69,91,84,80.22
95,65,88,88,88.96
86,82,78,96,89.63
50,52,32,14,23.28
97,63,62,67,68.97
28,64,71,82,74.07
27,60,54,39,42.57
79,57,69,76,74.52
35,42,57,53,52.92
69,76,89,95,91.34
81,73,77,69,73.08
89,20,30,32,37.42
20,62,58,29,37.5
11,53,47,58,50.38
91,72,73,93,87.22
47,53,43,11,24.58
62,6,54,60,58.67
98,39,38,49,50.82
94,65,94,100,97.9
95,55,53,60,61.98
18,80,74,78,71.06
14,63,64,65,59.72
47,58,48,49,48.74
8,60,86,97,85.19
13,62,28,37,32.44
13,68,73,77,69.45
72,83,88,71,76.37
70,59,84,92,87.83
40,54,69,67,65.23
2,71,83,100,85.38
48,42,34,32,34.74
71,81,77,54,62.93
34,54,68,47,52.56
22,48,40,85,65.68
68,56,43,59,55.22
1,49,70,76,66.98
92,70,56,57,60.38
0,30,5,15,11.25
63,35,52,36,44.21
48,86,97,100,93.98
94,55,31,40,43.25
66,64,63,21,38.15
87,75,88,100,95.39
15,64,58,28,36.33
55,43,37,59,52.19
62,51,44,17,29.73
71,85,88,63,71.51
83,56,74,84,81.46
32,61,64,65,61.78
13,73,84,85,77.65
22,44,57,75,64.7
10,49,50,40,40.08
53,38,34,32,35.32
43,65,88,77,77.58
76,48,21,46,41.79
95,61,40,29,39.14
17,65,54,65,57.27
5,71,75,70,65.61
76,57,52,66,62.93
77,80,81,67,72.77
14,33,38,52,44.39
89,95,88,95,92.45
100,82,80,76,80.04
45,95,100,92,90.08
13,84,83,92,81.91
25,37,32,37,34.8
10,50,57,36,40.15
97,53,48,41,48.72
81,76,80,98,91.3
25,51,56,58,54.43
65,43,52,86,73.93
37,54,44,44,43.52
83,65,57,48,54.56
23,71,59,54,52.55
13,58,31,35,32.17
53,85,100,100,95.3
26,50,55,76,65.0
23,70,71,83,73.7
91,91,83,85,85.47
1,55,37,38,34.68
24,40,48,41,41.95
30,66,64,50,52.56
17,69,66,45,48.91
44,100,100,100,94.4
66,84,79,72,73.92
17,66,82,93,82.67
86,83,85,73,78.22
56,33,38,25,32.26
57,77,87,70,74.13
34,60,84,77,75.22
37,86,61,61,58.95
61,26,20,0,12.11
87,50,54,73,69.04
73,79,77,77,76.75
23,37,33,33,32.81
51,39,26,13,21.19
16,69,52,54,49.95
1,35,27,10,14.45
23,55,61,56,54.26
11,79,64,67,61.12
95,60,72,53,63.44
55,71,84,79,78.6
17,67,68,55,55.9
20,48,52,62,55.19
100,57,88,100,96.41
20,57,43,38,38.28
45,50,40,31,35.3
46,60,41,27,33.69
87,61,76,90,85.83
79,79,82,100,92.56
77,32,35,59,53.88
98,89,84,90,89.61
21,64,81,94,83.11
73,79,73,84,80.08
18,84,84,87,79.78
18,48,57,52,50.63
100,81,86,88,88.78
57,79,99,83,85.82
5,67,78,94,80.57
96,91,92,100,97.45
18,62,50,43,43.44
12,49,58,22,32.3
23,77,49,42,42.46
51,93,96,81,83.15
40,69,70,60,61.52
64,69,73,62,66.05
96,95,97,74,83.74
66,55,45,68,61.7
4,100,100,100,90.4
92,35,44,24,37.3
9,23,38,66,52.29
8,24,0,0,0.8
24,53,60,81,69.72
55,48,52,69,62.71
18,52,50,41,42.05
82,74,89,69,77.08
13,67,65,62,58.44
4,65,50,47,44.16
63,88,79,75,75.66
73,68,61,68,66.81
82,69,69,100,89.07
67,48,33,32,36.44
64,17,26,26,30.24
93,79,61,48,56.89
46,39,29,1,14.48
26,100,100,89,86.47
23,71,63,72,65.27
45,66,60,48,51.63
82,59,18,34,34.61
31,52,63,63,60.35
97,100,100,100,99.7
93,65,67,74,74.44
37,67,88,69,72.18
87,57,69,77,76.26
29,56,61,60,57.7
54,67,87,82,81.06
29,74,92,75,75.94
93,66,89,100,96.12
97,69,72,69,72.99
98,62,69,57,65.29
16,53,57,57,53.43
97,84,88,97,94.88
12,34,50,16,25.97
15,0,1,0,2.01
89,54,73,76,77.05
72,63,83,80,80.43
54,41,21,34,32.83
59,48,43,25,34.38
99,65,83,73,78.99
11,67,58,51,49.52
64,54,51,19,33.31
0,36,57,42,42.88
17,75,85,100,87.41
28,67,59,81,69.61
18,39,47,44,42.84
54,77,86,81,80.15
97,74,71,72,74.59
80,74,86,56,68.23
54,75,95,97,92.44
71,66,84,67,72.98
32,73,79,66,67.08
55,68,85,85,82.32
79,49,22,35,36.09
29,70,90,83,80.2
29,41,34,30,31.79
95,73,88,67,76.92
94,30,56,45,53.59
67,48,29,0,15.61
94,72,70,69,72.04
71,49,41,45,47.11
60,87,93,74,78.38
86,76,60,83,77.16
69,94,99,86,88.65
66,84,88,78,80.13
78,58,66,71,70.5
4,42,72,71,65.19
98,99,100,93,95.72
85,70,53,46,52.63
94,66,57,77,73.29
82,75,76,88,84.54
53,57,51,56,54.8
16,54,46,61,52.46
30,84,52,40,43.0
100,78,62,76,74.4
75,44,40,42,45.31
62,27,1,18,18.14
90,53,78,65,71.81
46,54,71,59,61.81
7,53,58,53,50.55
43,87,99,98,93.31
73,66,56,38,47.49
39,46,33,37,36.51
11,37,49,49,46.05
9,60,45,43,40.89
60,38,19,0,11.88
63,8,0,0,6.33
50,72,43,31,36.82
91,64,66,77,75.32
70,58,43,30,38.47
36,19,11,5,10.7
59,69,54,44,48.94
93,97,100,100,99.3
59,25,0,12,13.2
20,55,60,52,51.75
37,26,17,24,23.6
62,33,29,20,27.63
48,39,25,32,31.94
64,44,79,85,81.76
86,19,29,50,47.5
25,65,72,80,72.6
94,64,71,53,62.64
52,50,33,41,40.3
54,17,9,24,22.67
46,47,73,83,76.92
100,53,39,62,59.67
96,70,88,76,81.89
33,29,19,24,24.09
93,34,33,12,26.49
98,45,29,47,46.99
100,22,46,38,47.17
21,74,62,85,71.94
44,69,79,69,69.91
40,64,88,96,88.63
87,62,64,68,69.36
16,27,25,4,12.25
48,51,61,79,71.15
63,63,57,74,68.34
70,80,71,90,82.91
55,60,56,53,54.33
15,73,77,89,78.58
100,82,91,100,97.38
67,47,88,73,77.37
33,53,46,51,48.3
51,95,98,100,94.65
31,68,56,34,41.02
7,73,63,51,50.63
3,35,49,51,45.95
36,78,80,52,59.4
95,58,63,69,70.33
31,82,99,100,93.09
16,59,81,81,74.89
37,67,45,58,52.56
39,50,64,71,66.49
48,51,61,33,43.2
12,47,40,62,50.54
4,6,0,0,0.4
27,48,39,38,37.76
1,86,100,100,90.1
62,37,37,12,24.92
21,60,69,58,58.27
6,77,81,100,85.1
60,59,62,70,66.9
56,41,63,100,84.65
93,57,69,97,88.95
54,50,55,60,58.51
64,76,69,67,67.53
34,96,90,84,81.33
24,24,50,29,35.34
19,57,63,57,55.03
69,63,48,43,47.28
93,63,50,40,48.7
78,88,75,83,80.34
29,69,58,66,60.61
77,39,59,53,57.55
34,85,92,81,79.93
19,64,52,79,65.48
13,92,83,82,76.15
65,52,87,65,72.18
33,65,70,77,70.6
62,35,35,13,25.25
0,98,99,100,89.72
6,91,100,99,90.2
53,44,51,53,53.12
0,32,27,23,22.49
56,86,100,100,95.6
55,92,100,86,87.26
68,44,42,58,54.57
5,55,67,57,55.67
19,34,44,46,43.27
40,89,92,96,89.83
24,75,89,100,89.16
84,100,100,76,84.51
68,64,55,62,61.21
57,52,28,36,35.87
55,17,4,12,14.05
23,68,56,41,44.36
90,49,69,74,74.49
35,29,33,44,40.43
31,54,44,33,36.79
86,63,76,90,85.92
82,48,44,37,44.06
20,54,65,75,67.04
58,28,29,23,28.76
56,63,93,100,93.61
10,77,78,73,68.64
53,69,54,57,56.09
37,68,58,47,49.68
63,62,85,60,68.1
33,86,100,97,92.07
42,75,100,100,94.2
56,53,72,70,69.69
14,29,48,33,36.36
47,33,27,56,46.52
80,53,49,39,46.84
98,77,52,52,57.17
10,33,35,30,29.88
2,32,33,24,24.84
45,79,77,82,77.06
80,44,60,66,65.82
17,49,36,39,36.75
62,78,74,83,78.53
85,80,77,75,76.98
45,58,59,48,51.55
50,74,83,99,89.67
65,53,26,39,37.96
8,72,58,52,49.92
58,89,100,100,95.8
12,66,67,57,55.91
6,27,34,61,47.72
28,78,71,77,70.54
15,57,43,32,34.25
78,18,25,42,40.78
69,58,45,52,51.95
8,32,47,56,48.82
16,41,46,61,52.66
11,50,41,27,30.05
63,57,61,65,64.1
24,73,52,64,56.9
99,57,90,100,97.05
58,60,77,65,68.36
16,52,70,61,59.79
97,88,94,97,96.39
15,53,58,47,47.54
4,45,63,48,48.32
22,46,60,74,65.02
76,99,83,90,87.26
97,74,70,70,73.2
76,59,54,55,57.24
18,99,100,83,81.75
26,93,67,61,59.99
10,48,54,83,67.66
29,79,52,54,51.34
54,47,40,38,40.41
29,49,59,30,39.42
76,53,57,62,62.79
9,78,99,95,88.02
96,75,71,77,77.41
96,59,82,89,88.25
70,65,70,73,72.37
60,83,62,64,63.29
27,31,62,85,72.66
40,56,79,84,78.52
27,30,42,24,30.34
19,52,72,85,74.83
4,70,43,53,45.72
38,69,70,69,66.73
23,64,58,66,59.85
19,85,88,60,64.63
99,45,43,59,58.87
64,83,73,72,72.13
57,64,68,40,50.38
82,58,46,60,58.26
40,58,86,76,75.52
26,27,28,21,24.43
0,51,31,45,36.64
60,59,42,31,37.86
65,59,48,73,65.28
9,65,81,91,79.96
41,100,78,63,65.87
69,38,57,73,68.33
2,44,47,41,39.22
86,37,3,18,20.68
87,29,59,66,66.8
24,76,88,100,89.06
34,70,87,100,89.51
76,55,87,100,93.85
41,56,29,37,35.35
32,79,84,90,83.14
36,78,64,52,54.51
34,69,89,100,90.18
2,40,22,6,11.06
19,57,83,100,86.84
40,80,74,73,70.4
35,46,37,35,36.1
99,46,38,44,48.21
92,74,64,50,58.95
42,28,16,7,13.77
6,56,55,44,44.01
84,80,100,100,98.4
12,81,97,87,82.74
34,43,49,48,47.46
72,53,65,69,68.78
39,26,33,29,31.94
95,58,55,49,55.82
96,89,100,100,99.6
29,62,61,69,62.94
22,83,86,89,82.04
9,42,45,67,55.15
36,35,38,44,41.55
3,34,27,4,11.06
87,42,40,46,48.68
60,33,38,9,23.33
61,66,85,75,76.97
43,54,66,96,82.14
73,63,69,71,71.13
87,52,54,39,48.55
54,57,44,63,56.91
5,39,30,19,21.45
26,58,70,47,52.27
39,76,74,100,86.1
56,58,56,70,64.99
71,71,69,67,68.57
66,35,35,50,47.73
89,68,70,79,77.5
49,91,98,100,94.34
40,38,37,23,29.25
47,29,18,12,18.11
19,82,81,76,72.48
16,76,78,64,63.81
38,58,63,59,58.73
48,57,60,65,62.06
17,60,84,77,73.49
40,62,52,33,39.58
89,36,44,54,55.16
76,48,25,43,41.42
99,64,52,44,52.41
3,45,52,61,53.08
1,56,71,70,63.83
41,69,59,91,76.63
71,66,56,41,48.78
34,39,35,7,18.42
92,89,91,89,90.26
5,56,46,63,52.49
37,43,42,66,56.11
60,41,19,4,14.65
71,66,65,74,71.54
78,77,77,100,91.18
92,56,49,37,46.54
64,96,80,65,69.69
14,53,50,62,53.64
72,81,69,72,71.72
83,65,51,43,49.45
38,82,78,89,80.75
17,47,27,8,15.21
95,69,73,69,73.03
76,40,24,17,25.66
96,53,61,83,78.23
62,62,65,79,73.44
47,27,14,27,25.73
84,30,32,25,33.6
23,41,46,51,47.14
10,34,20,21,19.91
66,73,83,94,88.28
22,25,50,45,44.44
18,44,11,13,13.54
70,42,28,36,37.58
69,99,97,83,86.5
8,66,75,70,65.7
44,73,60,79,70.28
66,51,39,45,45.71
2,61,47,30,33.14
38,14,24,18,21.92
65,62,54,75,68.28
11,18,12,12,12.17
67,80,79,78,77.54
28,52,56,67,60.24
22,36,39,12,21.43
39,59,76,72,70.29
62,56,53,58,57.23
21,74,76,65,64.23
71,59,78,77,77.37
4,79,74,79,70.3
79,58,54,28,41.53
90,77,83,100,94.09
50,16,28,32,33.29
39,78,64,56,56.85
97,58,38,32,40.77
2,65,68,68,61.99
9,100,68,58,56.45
81,68,55,61,61.4
92,67,82,73,78.33
55,17,42,28,35.43
41,38,21,8,15.65
57,49,42,48,47.57
99,47,58,70,69.91
42,81,73,66,65.88
78,47,47,0,22.09
16,67,81,73,70.11
1,54,49,69,56.94
39,61,68,60,61.07
61,83,97,89,89.02
84,66,72,55,63.39
2,42,42,38,35.9
44,34,36,19,27.35
27,44,57,63,57.91
100,68,43,34,43.57
53,19,35,43,41.92
66,65,36,43,43.94
32,49,21,23,23.79
19,49,40,57,48.43
58,94,100,97,94.09
75,59,91,84,85.85
13,38,9,5,7.73
49,56,47,36,41.4
64,69,100,95,93.57
30,54,67,70,65.16
9,59,43,40,38.43
3,34,56,60,53.51
17,53,63,76,66.49
48,78,74,77,73.86
92,44,44,28,39.79
5,74,76,75,68.77
17,84,56,47,46.99
88,59,50,86,76.01
4,42,54,74,61.75
30,79,82,89,81.52
75,62,94,100,95.96
69,87,100,100,96.9
53,41,47,20,32.07
9,42,39,55,45.83
3,47,47,38,37.57
66,73,57,79,71.6
89,53,50,87,76.62
17,69,51,17,27.88
27,76,57,86,71.64
22,81,92,96,88.03
77,67,63,46,54.51
76,64,69,56,62.53
23,64,53,39,41.96
15,39,59,71,62.06
58,85,75,83,78.61
0,83,67,72,63.91
70,31,35,30,36.06
5,36,36,50,41.94
47,78,100,100,94.7
10,52,55,40,41.52
35,55,58,42,46.8
25,42,34,24,27.64
37,79,60,71,64.83
94,31,11,37,35.34
93,46,41,42,47.56
25,74,68,44,49.83
26,43,51,58,53.12
29,30,34,37,35.83
98,49,61,58,63.38
29,61,37,16,23.95
23,36,24,19,21.49
16,29,43,25,29.97
23,28,0,18,13.46
26,18,34,32,32.62
48,63,72,60,62.62
12,39,35,31,30.38
4,48,49,64,53.67
65,60,66,78,73.33
54,67,33,61,52.5
49,93,90,90,86.43
29,49,59,88,73.89
86,65,77,61,68.9
15,41,18,0,7.17
16,51,54,73,61.7
21,70,93,89,83.89
38,92,92,73,75.67
95,77,84,62,72.66
74,23,0,0,7.4
91,99,100,100,99.1
99,56,72,80,79.62
40,43,50,40,43.22
74,74,96,100,96.33
22,69,50,50,47.79
10,63,80,91,79.92
98,70,56,56,60.63
15,77,80,84,76.5
22,38,39,66,54.03
95,41,50,40,48.71
65,49,12,27,26.96
22,66,48,75,62.03
47,80,59,67,63.24
73,43,67,41,52.61
74,84,84,73,76.83
77,79,85,100,93.5
83,26,14,26,28.41
89,74,63,52,59.24
35,64,74,61,62.78
46,33,48,74,63.68
16,47,72,95,80.76
74,30,46,59,57.18
10,80,83,93,82.36
41,29,13,11,15.27
6,27,2,0,1.43
19,53,51,39,40.92
18,63,66,71,64.84
19,64,55,51,49.28
36,64,72,99,85.22
17,61,50,46,44.72
63,35,34,52,47.88
57,70,89,100,92.69
85,60,67,69,70.18
71,39,74,42,54.65
50,69,80,92,84.56
4,38,26,32,27.71
92,60,77,76,78.36
29,46,55,51,50.3
5,37,42,37,35.36
39,69,72,77,71.77
68,42,33,24,31.75
60,68,83,94,87.64
85,59,44,52,53.51
57,74,80,87,81.91
93,70,50,57,59.17
48,71,61,51,54.18
34,86,90,91,85.36
23,85,90,95,86.88
55,86,100,100,95.5
2,45,26,3,10.29
27,69,81,89,80.8
60,79,85,68,72.56
38,47,66,69,65.42
75,67,88,69,75.61
17,44,32,58,46.64
61,74,75,67,69.01
24,43,33,19,24.22
89,71,53,35,46.11
6,27,5,0,2.37
35,60,36,37,36.81
7,52,35,28,28.15
62,46,53,40,46.45
70,44,28,21,28.45
88,69,58,43,52.58
99,64,56,56,60.61
38,96,100,86,85.84
96,72,52,74,70.23
5,31,41,67,53.37
39,63,56,72,64.17
55,56,82,84,80.85
87,86,79,70,74.97
0,58,62,65,57.95
77,72,73,78,76.47
9,46,32,31,29.43
68,70,63,65,65.08
37,26,25,9,17.13
7,97,94,75,74.21
21,44,57,61,56.22
58,48,53,53,53.77
52,62,85,98,90.05
18,27,47,69,58.1
72,87,100,77,83.78
70,54,51,75,67.98
15,26,13,5,8.91
92,65,59,49,56.37
42,79,84,100,89.69
58,67,82,77,77.32
36,45,52,51,50.39
15,50,39,33,33.14
56,23,39,30,35.87
27,82,100,100,92.7
84,56,54,21,37.38
45,52,70,59,60.98
59,39,14,14,18.9
74,77,100,100,97.4
4,51,36,3,13.27
40,57,57,49,50.8
69,100,100,78,84.02
17,52,58,46,47.02
69,13,0,0,6.9
62,27,2,0,6.82
61,40,48,61,57.73
97,41,51,66,65.15
59,92,95,100,94.45
31,76,73,74,69.87
70,73,56,47,52.71
40,35,58,40,45.86
4,42,38,68,52.85
59,63,67,59,61.77
8,64,69,51,52.8
95,68,70,66,70.87
15,43,50,31,35.7
89,63,40,41,46.0
83,77,40,41,45.56
56,49,36,27,32.82
43,32,26,27,28.56
69,72,77,77,76.73
33,27,8,14,14.7
62,80,87,57,67.1
76,59,57,84,75.87
73,61,45,43,46.77
56,85,100,92,91.21
73,86,83,73,76.37
44,66,59,66,62.37
36,91,97,100,92.95
54,69,56,89,76.07
72,79,68,74,72.73
31,71,66,80,71.15
81,81,63,87,79.88
20,58,77,90,79.18
26,68,81,73,71.18
85,70,83,88,86.59
66,47,64,60,62.12
0,83,94,88,81.36
46,40,58,73,66.27
40,41,55,46,48.32
83,76,51,52,55.07
63,79,64,88,78.66
34,81,100,76,79.35
73,49,70,49,58.29
23,51,45,52,47.49
47,76,78,59,63.66
4,24,40,48,41.76
58,81,65,56,59.44
49,35,70,75,71.06
47,81,100,92,89.93
63,38,40,75,63.97
90,75,81,95,90.76
36,36,46,65,56.91
15,74,37,45,40.07
96,83,72,76,77.35
20,36,17,18,18.08
19,51,42,68,55.47
71,55,64,56,60.63
16,79,81,71,68.77
40,46,24,5,14.63
29,76,62,53,54.08
100,77,71,55,64.92
27,54,55,56,53.53
46,71,48,56,52.86
74,73,86,89,86.91
97,61,48,55,57.82
88,59,43,46,49.94
31,83,100,96,90.87
80,63,60,56,60.01
91,49,26,24,31.77
4,73,62,33,39.02
67,99,72,79,75.98
71,34,15,7,16.16
5,63,57,61,54.88
72,58,54,42,49.08
37,71,79,80,75.65
17,55,63,46,49.02
11,44,48,41,40.76
57,78,80,73,74.18
10,41,22,25,23.09
3,64,69,74,65.47
59,69,65,56,59.39
91,64,34,13,27.82
7,47,39,31,31.39
64,47,44,23,33.66
24,33,38,42,39.44
46,61,82,76,74.99
24,67,80,86,78.52
80,72,87,85,85.37
7,56,51,44,42.91
35,79,62,51,52.9
33,58,82,98,86.99
91,85,99,100,98.96
15,28,10,15,13.93
77,42,27,33,36.34
12,33,57,59,54.1
7,35,30,50,39.86
9,55,43,63,52.32
54,65,85,83,81.38
44,24,38,8,21.23
58,52,74,70,70.57
94,35,11,8,17.82
23,47,32,25,27.39
10,51,31,26,26.39
82,54,64,69,69.28
43,92,91,91,86.8
16,54,47,39,39.21
74,64,48,50,52.19
42,58,58,68,63.01
60,50,37,76,63.12
97,74,93,77,84.25
30,46,43,46,43.91
46,55,95,65,72.64
93,67,58,74,71.55
27,64,46,38,40.03
82,65,86,85,85.28
5,54,61,60,55.38
1,89,98,100,89.68
62,33,32,53,47.77
0,39,39,23,25.68
1,43,50,67,55.65
16,62,61,34,40.51
67,61,69,75,72.71
17,0,17,4,9.68
72,24,37,36,40.49
19,49,43,62,52.27
56,76,84,88,84.14
16,77,97,100,90.85
89,28,6,0,10.96
43,46,45,32,37.84
72,50,54,52,55.2
11,38,40,56,47.54
38,42,57,53,52.86
99,55,75,75,77.58
60,39,35,17,26.87
96,42,31,33,39.27
28,54,77,78,73.31
47,84,81,100,89.01
38,83,52,25,34.62
61,26,25,21,26.38
24,55,40,39,38.09
27,53,19,30,26.89
25,33,39,40,38.53
54,87,89,85,83.51
57,32,34,45,43.27
45,40,36,46,43.39
59,60,68,82,76.03
82,67,69,60,65.03
22,73,69,83,73.33
13,60,70,64,61.28
83,58,39,47,48.41
40,76,85,73,73.41
61,64,52,47,50.28
96,30,34,36,41.6
91,93,81,89,87.3
96,65,71,64,69.59
4,74,60,41,43.3
44,27,51,62,57.33
39,51,62,48,51.67
33,35,65,81,72.07
89,77,80,100,92.92
24,30,39,78,61.26
82,45,19,12,21.45
92,97,100,92,94.65
35,32,18,31,27.95
51,84,66,51,56.04
82,48,54,78,71.54
78,99,96,79,84.18
100,69,56,61,63.65
27,58,72,77,70.96
62,84,93,100,94.29
5,54,67,70,63.02
50,67,63,82,73.66
79,54,79,79,79.44
3,29,23,4,9.92
7,45,34,12,18.61
88,75,76,76,77.84
19,25,6,31,22.62
25,64,63,77,68.05
85,48,35,32,38.54
3,29,37,51,42.19
5,20,5,15,11.15
10,55,46,38,38.04
65,62,40,37,41.12
20,64,62,64,59.65
3,12,0,3,2.66
2,86,97,97,88.15
12,54,55,42,43.62
76,66,85,75,78.89
30,43,54,37,41.69
5,59,58,57,52.52
21,28,33,46,40.19
19,47,82,67,67.03
17,48,63,54,53.33
62,69,86,87,84.71
8,50,73,60,58.92
4,40,52,19,27.76
37,70,44,60,53.31
92,62,65,56,62.63
7,61,77,89,77.42
43,57,58,74,66.56
31,53,52,83,68.78
47,74,58,48,51.45
83,63,68,44,55.69
30,45,24,49,40.12
62,48,29,2,16.66
62,55,67,60,62.81
11,37,63,62,57.76
47,48,53,21,33.37
39,96,94,97,90.62
1,37,30,23,23.6
59,82,66,74,70.18
0,50,53,59,51.94
23,49,43,33,35.43
85,45,81,74,77.75
100,68,30,44,45.48
13,48,51,34,37.26
59,73,84,74,75.65
35,42,34,45,41.39
22,78,70,91,78.21
86,33,60,63,64.89
77,39,30,9,22.5
89,57,59,80,75.16
15,68,57,60,54.79
61,28,30,8,20.1
9,76,94,100,89.33
45,74,89,88,84.11
92,80,100,100,99.2
57,85,96,92,90.28
59,37,48,32,40.09
7,60,33,52,42.36
66,96,100,100,96.6
85,66,58,36,47.96
48,28,23,21,24.9
5,54,18,21,18.9
79,16,24,20,27.33
1,33,31,21,22.2
15,63,68,80,70.28
85,80,79,78,79.29
60,67,51,71,64.39
99,64,63,80,77.42
8,64,58,68,59.27
98,50,44,24,37.73
99,59,73,87,84.38
29,78,47,47,45.81
44,55,57,35,42.98
44,68,67,55,57.96
16,42,40,8,18.94
89,59,47,69,64.84
0,52,57,39,40.8
38,55,76,76,72.64
51,66,57,51,53.37
88,100,100,100,98.8
76,81,55,82,73.78
87,69,70,92,85.36
64,66,74,81,77.38
6,33,55,78,64.35
24,67,57,53,51.79
79,47,33,37,40.4
11,65,66,66,61.19
19,36,54,43,43.94
93,73,50,72,68.16
5,61,50,38,38.68
81,92,77,70,73.46
19,64,75,87,77.14
10,96,99,81,79.56
39,70,80,84,78.99
49,55,61,74,68.05
97,85,85,100,95.31
52,55,57,84,73.21
75,56,67,39,51.64
55,35,35,46,43.83
82,44,45,27,38.13
89,46,33,15,28.34
55,34,32,16,25.33
43,47,51,38,43.07
77,48,63,50,56.94
100,85,74,81,81.36
2,71,69,89,75.04
74,65,50,52,53.7
11,53,76,75,69.72
99,59,52,62,62.8
72,72,99,100,97.0
87,72,76,73,75.66
36,65,59,64,60.11
14,65,62,47,48.72
69,90,89,63,71.71
10,40,44,34,35.23
92,72,66,55,62.55
65,43,48,59,56.73
80,42,33,16,27.87
18,40,39,49,43.03
94,41,39,81,70.18
71,61,76,65,69.26
56,33,30,11,21.77
8,38,31,27,27.07
9,44,53,54,49.28
5,83,88,81,76.03
56,85,94,98,92.83
0,50,43,29,30.65
0,88,91,88,80.41
55,96,98,88,88.11
53,81,75,80,76.25
38,66,59,43,47.81
2,38,36,46,39.3
42,65,95,89,86.16
60,37,40,33,38.48
58,68,67,61,62.75
19,54,46,73,60.18
1,41,27,18,19.35
21,27,21,16,18.41
97,82,82,78,81.37
24,68,68,41,47.79
92,75,85,88,88.02
57,29,37,23,30.84
73,60,69,77,74.44
10,12,24,13,16.53
12,65,48,40,40.06
38,28,23,29,28.53
29,59,90,74,74.4
58,79,78,83,79.36
65,69,92,100,94.24
90,51,42,20,34.12
58,34,44,9,24.88
34,14,17,37,31.16
50,66,22,0,12.24
8,52,44,57,48.76
21,53,65,71,64.35
66,58,45,49,50.03
69,59,63,87,78.61
74,60,51,67,63.69
44,53,44,25,33.09
42,41,51,54,52.16
5,75,83,100,85.43
97,71,83,94,91.33
36,47,61,60,58.36
7,78,81,100,85.01
27,100,81,100,87.0
66,89,99,100,96.46
22,99,90,70,71.59
74,42,49,46,49.89
71,53,39,42,44.3
38,78,64,79,71.22
96,100,98,75,84.7
79,68,65,56,61.1
83,29,3,10,15.78
46,58,29,25,29.02
88,80,86,94,91.55
34,55,71,66,64.95
86,47,56,61,62.24
49,77,87,100,91.3
12,33,0,22,14.52
45,76,96,100,93.37
66,47,48,60,57.33
52,56,62,58,59.04
43,41,22,14,19.92
26,48,38,56,48.09
72,40,52,94,79.45
94,96,80,62,71.19
12,58,69,100,81.93
5,43,46,16,23.99
44,78,67,57,59.49
9,39,22,23,21.74
68,72,78,98,89.6
24,45,30,44,38.35
14,47,45,55,48.23
4,41,24,21,20.75
30,85,86,73,73.06
62,67,46,75,65.17
17,48,63,47,49.05
80,33,37,45,46.31
56,23,41,78,65.31
67,69,67,75,72.47
35,68,73,77,72.24
57,74,79,81,78.76
97,56,63,49,58.44
75,87,88,85,85.26
83,43,56,63,63.47
15,49,42,44,41.05
93,69,76,100,92.3
12,60,43,34,34.66
53,41,31,26,30.55
58,69,63,56,58.5
57,96,100,100,95.7
20,55,48,63,54.96
87,64,56,57,60.21
63,78,78,99,89.2
65,62,56,52,54.96
33,21,6,19,16.84
21,50,64,53,53.37
70,71,71,90,82.97
32,65,77,92,82.17
9,53,44,62,51.57
45,60,61,58,58.21
56,74,72,82,77.04
91,100,97,88,91.36
47,57,28,37,35.98
42,77,60,63,60.44
67,48,44,64,58.81
6,46,65,98,79.48
44,78,76,71,70.55
49,53,56,86,73.82
91,40,35,55,53.12
66,42,40,16,28.58
48,53,43,28,34.86
23,37,21,24,23.31
95,66,78,100,93.14
30,92,77,77,72.66
11,66,92,77,75.44
23,58,60,62,58.17
89,71,63,95,84.84
83,55,31,33,37.63
2,74,55,73,60.82
98,76,100,87,92.1
84,48,47,55,55.8
25,71,54,48,47.97
79,57,74,90,84.38
9,38,60,65,58.44
3,61,50,55,48.83
73,48,59,61,62.11
47,45,56,53,53.47
19,44,41,52,45.92
63,80,100,100,96.3
78,51,54,54,56.55
49,81,81,77,75.95
92,59,36,52,51.5
43,61,95,79,80.34
88,68,57,73,70.36
66,54,66,67,66.97
97,60,65,74,73.87
49,50,55,43,47.81
99,75,58,64,65.86
20,97,89,100,88.87
38,100,100,100,93.8
40,84,94,80,80.62
64,63,53,88,75.68
7,33,34,31,30.22
62,93,64,51,56.44
54,67,53,67,62.13
35,49,76,41,51.28
70,72,96,100,95.98
33,37,30,33,32.77
42,51,61,56,56.74
66,54,38,39,41.85
20,41,26,16,19.89
44,67,65,91,79.01
85,67,54,53,56.87
49,79,79,98,88.18
5,64,79,69,66.32
58,89,94,88,87.34
2,62,63,58,54.52
75,69,86,86,85.23
52,85,78,76,74.63
94,45,43,37,45.06
21,31,14,22,19.86
79,68,64,46,54.89
46,44,48,53,50.83
85,82,97,98,96.47
92,56,31,48,47.72
94,57,50,57,59.22
47,66,82,81,78.32
78,50,36,58,53.86
11,72,73,81,72.45
71,40,41,27,35.75
97,78,57,48,55.8
24,76,63,80,69.91
23,68,56,68,60.66
0,64,53,63,54.34
65,74,57,42,48.94
67,89,92,100,94.59
30,28,34,36,34.84
57,38,54,46,49.68
13,41,59,68,60.38
20,80,82,82,76.32
55,57,53,41,46.82
72,68,70,59,64.25
74,50,50,53,54.84
8,32,28,23,23.55
35,46,50,64,57.55
18,36,38,29,31.08
95,49,45,29,40.96
70,64,65,68,67.85
8,44,56,79,65.47
52,50,55,45,48.87
58,56,54,40,46.53
80,54,73,71,73.2
59,82,84,81,80.1
11,55,58,76,64.36
73,39,42,33,40.47
50,44,42,70,60.31
31,41,13,0,7.14
55,44,20,18,22.7
21,52,39,69,55.58
90,50,40,37,43.72
98,69,74,99,91.85
78,59,58,52,57.14
85,86,100,83,88.53
43,81,55,75,66.41
88,72,76,100,91.75
87,51,14,11,19.81
47,41,34,17,25.82
26,56,44,7,20.78
21,48,51,61,54.43
13,41,35,45,39.44
64,33,1,0,6.79
96,40,42,66,62.21
68,73,95,100,95.42
3,54,48,22,27.92
70,58,49,43,47.65
78,68,70,81,77.43
30,44,61,42,46.68
7,67,78,70,66.76
13,48,32,24,25.78
67,42,53,45,50.2
29,52,52,39,42.1
17,60,70,75,68.39
31,69,100,96,90.96
89,65,55,67,66.45
9,46,31,0,10.37
38,50,47,40,42.49
33,44,31,39,36.69
76,85,100,94,94.39
86,75,82,90,87.38
22,52,47,58,51.18
98,68,60,52,59.26
83,84,99,80,86.53
50,63,82,70,72.19
79,93,79,56,66.07
38,23,17,24,23.86
43,39,27,60,49.04
66,76,69,69,69.07
94,82,86,100,95.38
54,89,95,99,93.73
15,69,75,71,67.04
11,92,88,94,84.39
7,64,47,73,58.96
12,41,22,8,12.8
89,60,69,91,84.21
57,100,80,38,52.87
75,69,58,60,61.15
59,45,17,41,36.12
11,67,61,60,55.72
11,19,0,0,1.1
68,51,30,7,20.62
8,55,47,59,50.62
64,31,13,0,10.49
69,78,56,66,63.82
32,78,68,73,67.48
31,61,61,49,51.25
18,66,65,54,54.31
83,90,85,79,81.52
98,98,100,100,99.8
13,77,71,63,61.12
83,62,65,47,56.81
22,60,60,63,58.61
82,55,78,68,73.18
74,95,90,97,92.71
52,33,27,6,17.39
42,71,80,64,66.76
29,99,100,100,92.9
9,83,96,83,79.88
48,73,75,74,72.39
5,76,81,82,74.62
51,61,47,76,65.02
44,47,40,66,56.59
79,52,43,42,46.59
36,64,80,100,87.78
46,52,48,59,55.15
60,85,65,78,72.7
93,97,95,79,85.63
50,24,0,3,6.91
100,82,84,65,74.62
67,55,49,63,59.36
23,59,80,86,78.64
100,55,20,43,42.16
37,56,45,24,32.05
15,30,32,43,37.4
38,12,10,20,19.4
69,49,49,50,52.05
46,84,78,72,71.76
92,50,73,91,85.92
27,29,0,4,5.38
64,55,52,64,60.62
65,67,73,61,65.28
62,61,55,53,55.17
66,62,49,49,51.41
1,47,52,42,41.26
23,96,100,100,92.3
2,44,32,22,23.25
6,66,62,69,61.16
18,67,55,54,51.33
67,33,28,25,30.59
0,78,71,82,70.83
63,4,0,0,6.3
57,45,45,32,38.73
66,73,64,75,71.0
23,71,63,63,59.52
40,33,48,77,65.12
8,45,45,53,46.26
97,61,45,52,55.08
38,62,76,74,71.2
55,86,79,70,72.05
46,36,44,25,33.42
21,73,71,85,75.16
84,42,43,7,26.18
87,53,46,36,44.52
14,80,79,82,74.67
82,53,46,58,57.25
5,26,16,26,21.62
63,19,27,45,41.73
81,58,62,77,73.48
21,99,80,65,65.79
63,43,48,40,45.45
51,91,64,85,75.68
50,40,49,52,51.12
80,76,66,80,76.3
20,30,0,0,2.0
59,75,63,82,74.4
68,50,74,54,61.88
19,28,38,19,24.96
79,89,91,94,91.97
3,55,83,75,70.57
89,72,50,45,51.44
79,45,42,51,51.58
69,69,84,96,90.03
1,52,55,51,47.69
96,35,45,51,53.84
24,40,53,54,51.34
94,83,74,68,72.8
3,36,41,38,36.04
91,47,68,90,84.11
2,59,64,47,47.73
80,72,90,99,94.74
11,32,55,49,47.47
70,49,39,37,41.22
52,31,46,36,40.94
54,66,75,75,73.53
11,32,40,27,29.48
12,44,58,63,57.19
53,50,56,19,34.15
80,72,62,58,61.69
66,61,76,62,67.28
12,77,42,61,50.64
78,56,74,88,83.19
60,43,39,7,22.36
86,76,87,88,87.94
0,38,55,59,52.67
26,58,71,66,64.04
59,67,59,64,62.28
44,80,70,83,75.72
16,71,83,71,69.53
54,47,64,50,55.38
25,88,93,79,78.45
44,58,54,46,48.85
92,38,46,45,50.48
37,49,54,53,52.11
29,56,70,89,77.4
91,75,72,55,64.26
62,87,93,69,76.17
100,65,51,40,49.84
92,77,94,95,95.22
87,64,62,54,60.1
0,52,61,54,51.41
42,22,24,29,29.41
0,21,7,2,3.87
10,30,45,37,37.44
23,40,79,55,59.65
30,84,42,44,42.45
79,100,76,67,71.28
97,62,67,56,63.96
100,68,50,37,47.46
13,34,43,16,24.23
63,87,82,77,77.44
75,58,64,93,83.24
10,63,58,63,56.47
92,68,93,91,92.2
26,44,33,46,40.14
79,67,71,54,61.98
11,58,88,100,87.62
92,87,89,86,87.88
40,45,44,38,40.5
39,51,27,0,12.3
92,70,71,91,85.17
96,78,82,97,93.18
56,73,78,93,85.53
63,80,97,94,92.12
89,50,40,36,42.85
1,53,43,48,42.24
94,70,74,63,69.88
50,51,52,66,60.56
24,47,53,51,49.64
22,40,37,28,30.36
33,94,77,100,86.54
80,56,49,49,52.66
67,73,77,85,81.19
99,92,100,100,99.9
22,67,49,95,73.99
64,70,85,91,87.26
92,64,35,34,40.64
28,49,65,72,65.95
57,46,22,38,35.68
57,51,29,28,31.61
67,77,66,76,72.63
41,85,64,51,54.22
89,51,61,36,49.56
42,90,62,81,71.89
81,66,92,86,87.75
18,40,37,42,38.35
17,56,38,12,20.88
25,79,72,74,68.65
17,44,54,56,52.21
89,19,25,26,32.46
5,59,66,56,54.23
59,71,100,97,94.6
96,54,57,71,69.73
1,33,32,33,29.59
89,41,24,22,29.45
92,55,72,75,76.25
67,54,67,60,63.4
23,42,35,32,32.71
59,74,91,100,93.41
35,46,56,47,48.89
47,35,57,62,59.21
66,87,81,64,69.6
19,96,94,100,90.22
12,48,48,25,30.93
86,70,57,31,44.72
48,77,66,72,68.39
22,72,55,54,51.8
64,33,38,40,42.54
55,63,55,22,35.73
98,85,77,95,90.55
33,56,40,44,42.07
71,48,48,42,47.24
43,86,100,100,94.3
35,84,59,50,52.03
70,66,65,60,62.89
43,17,1,0,4.85
33,61,87,63,67.56
28,47,31,51,43.11
95,50,45,39,47.04
94,36,34,15,29.03
14,86,84,94,83.39
72,76,61,41,50.27
99,38,43,62,60.56
21,53,68,51,53.58
69,75,91,77,80.56
61,44,39,47,46.5
19,37,48,53,48.33
25,83,79,79,73.95
83,75,100,72,82.04
1,77,63,53,51.38
62,53,36,31,36.35
14,56,54,43,43.75
58,54,58,67,63.58
35,44,22,27,26.73
93,63,42,36,44.27
16,48,64,58,55.84
73,73,54,36,45.49
20,100,100,100,92.0
80,30,41,56,54.08
21,81,93,90,84.36
70,44,22,45,40.97
66,89,71,54,60.39
29,31,18,27,24.89
47,40,31,37,36.39
51,48,30,29,31.74
28,20,24,33,30.14
88,2,7,11,18.12
79,53,70,74,73.8
55,64,87,91,86.23
27,55,49,51,48.53
12,36,52,58,52.16
58,45,32,49,45.2
51,55,61,86,75.24
95,79,80,82,83.25
23,50,56,39,43.26
94,60,49,39,47.73
37,40,30,24,27.73
88,62,70,55,63.56
81,46,65,56,61.78
15,36,24,8,14.05
80,53,61,44,53.05
85,93,92,85,87.75
55,39,43,50,48.73
35,68,80,93,83.74
1,39,32,40,33.78
17,48,52,54,49.99
83,81,70,73,73.5
5,36,40,30,30.79
11,34,31,55,43.76
57,75,69,55,59.92
61,47,39,41,42.9
1,64,62,84,69.65
54,52,80,79,77.52
10,48,53,36,38.66
89,54,44,33,42.4
52,88,77,85,79.62
81,44,31,36,39.37
87,58,39,23,34.95
8,56,51,53,48.6
89,56,54,44,51.87
74,49,36,67,58.46
85,40,33,31,37.53
68,39,25,45,41.89
65,95,100,100,96.5
73,46,39,38,42.36
61,66,73,69,70.03
100,61,78,75,78.92
91,63,85,88,87.56
53,46,41,37,40.47
0,41,31,36,30.98
75,53,71,75,74.14
50,84,71,67,66.92
90,57,64,87,80.55
81,45,70,86,81.1
15,60,54,56,51.81
7,72,71,67,62.66
49,56,41,32,36.73
61,83,100,100,96.1
17,32,17,28,23.98
3,57,30,26,25.35
57,34,42,44,45.3
59,21,16,19,22.49
53,38,29,28,31.33
0,53,61,70,60.74
25,95,100,100,92.5
78,61,53,49,53.49
36,58,64,47,51.52
20,61,53,23,32.38
84,42,44,70,64.22
65,37,31,56,49.93
27,60,51,41,43.15
29,77,70,56,57.88
41,69,93,100,92.14
68,94,89,94,90.09
31,68,70,83,74.41
23,69,73,93,80.24
83,46,77,96,89.17
1,53,66,70,62.31
92,83,77,82,81.69
97,62,90,73,81.07
75,38,52,72,66.82
56,26,37,57,51.48
88,88,96,100,97.63
83,71,44,60,58.09
36,65,80,94,84.14
7,40,41,42,38.63
89,31,61,64,65.84
42,75,73,61,62.86
59,76,43,50,48.93
95,51,58,64,65.75
49,24,57,26,38.09
6,69,85,74,71.14
48,76,100,93,91.04
27,57,60,49,50.59
62,20,40,50,48.76
39,44,43,46,44.58
81,64,75,89,84.64
100,81,70,79,79.14
69,73,78,79,77.98
48,41,58,63,60.59
37,27,30,46,41.03
98,64,66,57,64.02
65,70,69,43,53.55
80,90,89,88,87.73
37,41,47,32,37.26
22,25,16,23,21.12
6,51,36,49,41.11
45,64,49,51,50.47
48,64,63,36,45.85
35,70,68,56,57.76
54,67,72,64,66.24
70,64,69,61,64.93
96,76,72,71,73.98
97,70,80,55,67.17
76,50,54,65,63.5
33,53,57,58,55.72
68,26,18,15,21.75
81,100,100,100,98.1
10,22,39,19,24.92
38,64,57,34,41.71
6,33,21,20,19.37
21,46,20,35,29.31
61,45,74,74,73.52
12,46,71,53,54.43
40,68,66,89,77.73
61,47,56,60,59.38
16,90,100,90,85.95
8,82,83,76,71.65
88,82,100,100,98.8
36,63,77,85,78.14
29,25,20,9,14.79
47,54,66,50,54.85
10,38,36,51,42.67
9,61,62,40,44.15
49,28,40,37,39.32
86,52,61,72,70.72
22,34,26,34,30.88
83,70,97,87,90.45
56,57,69,45,53.95
86,81,71,71,72.87
84,36,43,61,58.4
58,57,68,63,64.21
71,62,80,41,56.26
34,33,55,53,52.36
33,65,61,57,56.15
25,52,65,88,75.09
2,60,43,50,43.5
6,37,8,0,3.28
81,58,60,57,60.75
63,79,86,63,70.68
71,71,75,85,80.78
70,63,74,83,79.81
56,51,29,0,14.31
27,32,50,37,40.39
5,52,29,3,11.56
26,75,59,19,32.0
52,73,78,53,60.93
61,41,29,0,15.22
9,55,55,68,58.37
50,64,65,51,55.53
69,57,60,80,73.44
83,58,34,35,40.06
10,48,46,37,37.41
15,61,65,74,66.15
23,76,71,75,69.29
0,28,33,16,20.13
65,55,17,29,29.47
86,37,34,28,35.93
25,77,93,97,88.86
44,58,49,53,51.06
25,57,41,33,35.07
12,87,92,87,81.2
54,69,92,100,93.2
50,79,75,62,64.78
7,38,39,58,47.22
100,68,55,64,65.63
3,55,54,48,45.45
91,90,99,100,98.85
10,95,96,100,89.8
68,71,59,41,49.52
37,64,77,55,60.14
7,27,35,15,20.67
19,25,0,0,1.9
43,68,66,39,48.35
10,17,14,12,13.06
72,52,64,43,52.67
71,65,71,65,67.97
30,70,67,60,59.95
34,66,59,53,53.66
71,55,40,59,54.98
75,64,84,95,90.3
99,59,59,53,59.68
49,79,84,73,74.06
31,68,54,65,58.94
96,80,60,45,55.12
9,55,23,20,20.43
53,36,35,37,38.2
87,62,69,92,84.86
2,53,71,91,76.85
50,98,92,98,91.86
94,76,96,100,98.46
26,32,22,12,17.09
84,74,94,100,96.61
54,23,26,34,34.19
23,55,31,35,32.98
29,36,65,72,65.88
66,64,68,84,77.83
63,68,76,83,79.13
39,49,76,89,80.79
44,32,31,38,36.82
49,95,86,74,75.71
26,77,63,57,56.07
77,74,58,55,58.54
99,31,62,53,60.41
23,46,60,76,66.65
7,55,70,60,58.32
49,61,41,26,33.07
89,7,25,38,39.59
39,71,77,79,74.98
37,61,86,88,82.47
57,25,37,37,39.73
38,85,100,100,93.8
37,61,54,46,48.15
93,31,42,18,32.87
9,36,40,44,39.94
57,86,81,67,70.66
50,55,51,70,62.82
34,69,34,17,24.09
88,68,62,59,63.42
58,48,27,19,25.85
67,80,71,70,70.28
92,53,72,67,71.24
76,65,53,80,72.0
19,83,100,100,91.9
65,72,61,68,66.0
15,43,37,44,39.53
91,82,86,90,89.25
4,55,99,100,90.16
66,37,44,46,47.92
52,93,89,56,65.77
91,70,74,56,65.2
64,89,86,96,90.17
20,86,77,92,80.82
18,47,49,52,48.2
16,66,72,64,61.71
56,52,40,17,28.19
55,56,69,70,68.5
88,50,43,50,52.35
82,84,79,88,84.98
0,47,37,33,31.51
92,54,40,48,50.36
71,58,53,46,51.18
1,44,75,85,74.06
2,53,55,40,40.93
41,62,59,38,45.22
98,74,75,69,74.05
90,78,67,68,70.19
8,69,59,71,61.31
70,45,9,25,25.11
62,60,72,100,87.82
96,48,42,45,49.63
4,72,85,95,83.34
76,61,63,80,75.03
10,78,67,82,71.1
80,65,73,63,67.84
23,36,56,63,57.12
22,64,51,41,42.72
58,73,86,93,87.79
48,44,40,41,42.14
41,72,73,60,62.44
32,15,33,19,25.17
1,85,59,48,47.1
92,99,86,89,89.14
63,29,18,0,11.74
85,76,96,90,91.39
55,67,69,77,72.76
61,69,72,85,79.01
66,76,90,100,93.9
29,51,66,55,55.87
4,66,56,75,62.49
91,46,39,51,52.02
39,68,75,79,74.28
2,69,100,100,90.2
66,54,58,66,64.25
83,80,85,100,93.84
35,43,51,74,63.81
69,58,60,65,64.26
57,58,43,28,35.9
96,54,85,66,75.01
61,69,62,65,64.36
95,74,86,81,84.44
45,45,40,58,51.75
51,59,51,71,63.44
93,100,100,100,99.3
21,72,51,37,39.81
41,17,36,54,47.92
48,41,45,45,45.45
34,33,30,49,42.3
100,69,78,82,83.18
27,53,52,38,41.53
78,82,43,18,31.97
21,57,55,43,45.04
45,67,50,55,52.59
11,76,77,81,73.18
34,79,82,89,81.81
54,83,100,88,88.72
43,62,58,53,53.78
49,47,52,55,53.98
100,78,73,52,63.6
5,36,37,4,14.76
34,36,20,28,26.58
26,63,40,33,34.56
77,49,40,42,45.25
99,63,63,90,83.55
21,33,22,18,20.29
100,74,86,94,92.43
77,70,66,79,75.09
87,92,92,92,92.26
87,69,67,38,52.26
9,57,53,89,70.59
72,69,59,58,60.01
83,53,45,54,54.56
50,39,17,0,10.21
60,60,82,97,89.23
61,36,41,36,40.5
51,54,45,31,37.51
76,36,15,0,12.22
9,87,71,65,62.02
57,38,39,24,32.18
4,94,80,67,65.02
46,49,47,43,45.27
94,47,45,46,51.12
5,71,75,95,80.22
27,74,66,72,65.99
21,61,73,56,58.14
56,48,48,55,53.4
14,39,44,38,38.06
86,66,75,64,69.92
5,67,37,17,22.3
66,75,73,56,62.66
11,52,33,58,46.13
24,22,0,33,22.34
76,59,83,80,80.74
64,82,88,92,88.72
58,87,80,81,78.61
45,66,59,49,51.75
70,24,4,0,8.44
56,61,52,71,64.1
30,53,28,47,39.89
84,58,65,48,57.29
31,47,41,66,55.81
15,46,54,41,42.71
14,55,40,25,29.22
8,52,57,46,45.98
83,59,55,51,56.01
88,47,54,52,56.86
6,77,93,97,87.35
2,42,45,60,49.87
78,52,43,22,34.35
65,60,65,64,65.13
14,60,54,25,33.32
33,56,50,53,50.36
68,49,42,45,46.69
44,39,35,34,35.91
53,47,85,85,82.11
10,51,64,46,48.17
75,32,36,52,49.74
34,51,65,40,47.5
49,77,69,60,62.35
50,75,76,75,73.03
71,35,10,22,23.88
100,57,51,51,56.73
83,48,53,62,62.22
4,30,34,22,24.32
93,38,35,17,30.65
97,80,51,51,56.32
41,76,82,52,60.31
52,56,73,64,65.84
78,67,69,47,57.07
18,42,22,37,31.03
4,55,24,44,34.67
15,54,60,73,63.89
7,34,23,22,20.83
91,59,61,68,68.41
69,52,46,24,35.43
75,66,63,67,67.14
20,72,94,100,90.46
39,85,71,88,78.62
15,51,47,21,28.57
46,69,58,70,64.52
42,74,91,68,73.1
46,54,50,59,55.32
1,81,100,100,90.1
23,50,52,36,40.14
88,27,62,92,82.87
51,82,85,69,72.32
15,49,59,59,55.22
21,30,25,35,31.12
81,55,40,48,49.39
26,39,49,47,45.7
65,67,63,84,76.31
44,35,55,70,63.24
22,60,68,53,54.82
95,54,59,63,65.48
1,75,91,95,85.25
64,36,48,47,49.66
100,60,72,99,91.12
37,22,48,61,55.06
74,64,62,35,47.34
42,19,38,40,40.13
83,40,23,13,23.77
25,42,72,66,64.22
17,42,51,41,42.01
82,57,66,73,72.18
71,19,16,0,12.16
78,27,1,4,10.92
8,68,71,100,82.11
32,34,23,27,26.99
52,41,53,60,57.41
22,53,86,69,69.79
28,64,68,79,70.99
23,54,45,53,47.76
41,49,43,38,40.17
23,86,86,97,86.85
27,57,60,64,59.82
56,52,46,36,41.66
69,39,8,9,15.42
14,72,64,64,59.53
4,32,42,49,42.91
66,33,25,23,28.47
2,20,41,55,46.38
87,54,37,37,42.71
14,63,63,77,66.97
0,68,39,44,38.58
51,68,67,71,68.06
84,30,48,57,57.08
40,35,54,36,42.26
69,66,82,100,91.8
20,79,81,92,81.66
17,65,62,49,49.91
74,64,68,69,69.66
15,57,63,47,49.15
85,93,91,79,83.9
63,68,45,27,36.29
68,52,88,70,75.53
17,45,57,40,42.96
19,67,55,49,47.96
2,61,63,76,64.97
47,35,22,0,11.4
50,79,88,82,80.82
15,59,83,100,86.67
54,68,63,64,63.23
77,64,38,31,37.97
76,43,58,34,45.93
54,92,81,82,79.39
61,87,92,85,85.56
68,70,58,51,55.28
9,87,98,100,90.37
5,41,38,31,31.26
18,54,48,44,43.25
37,48,75,80,74.53
82,74,77,68,72.93
22,100,100,97,90.47
50,71,78,72,72.02
0,14,0,0,0.0
97,77,86,79,83.51
57,45,49,38,43.63
41,44,46,20,30.57
27,78,98,96,90.41
31,58,46,72,60.59
31,18,35,39,37.25
39,22,32,52,45.04
78,97,85,67,73.84
66,86,95,95,92.72
42,61,54,56,54.32
85,70,83,100,93.62
73,56,35,19,29.69
65,78,90,98,92.68
81,32,48,51,53.89
41,63,45,47,46.13
69,20,6,11,15.99
65,60,64,73,70.12
63,54,58,76,69.93
17,59,65,81,70.32
83,24,32,38,40.83
55,74,42,48,47.13
21,41,63,77,67.24
18,30,45,81,64.6
61,70,70,99,87.22
70,48,26,42,40.26
24,60,41,56,48.6
7,35,43,37,36.13
66,37,29,23,29.56
14,64,47,62,53.39
89,60,72,58,65.99
13,47,32,24,25.71
39,78,59,33,41.76
37,88,82,76,74.46
78,54,62,64,65.48
19,52,52,59,53.5
68,72,75,91,84.02
6,56,100,86,82.73
57,69,62,45,51.41
2,60,51,74,60.29
96,41,64,72,72.11
8,41,30,8,15.04
80,65,43,56,54.7
98,54,41,38,45.48
43,38,20,11,16.94
46,53,70,83,75.88
8,54,49,58,50.53
72,100,85,69,74.34
46,41,26,2,14.11
43,75,91,100,91.63
0,88,100,69,71.42
53,60,61,51,54.56
26,73,56,51,50.76
60,70,79,88,82.86
21,64,52,74,62.25
76,43,41,49,49.39
3,25,34,35,32.22
58,44,37,53,49.08
50,58,32,52,46.46
3,35,19,32,25.75
6,51,57,59,53.85
46,40,61,82,72.27
42,37,21,31,29.38
6,40,75,68,64.46
84,80,70,82,78.87
7,5,27,22,22.48
58,96,78,87,81.93
33,84,93,81,80.46
17,10,21,22,21.68
56,47,60,59,59.43
22,65,76,57,59.49
96,37,49,51,55.12
60,46,53,46,49.72
31,52,74,90,79.59
87,49,53,45,51.92
32,70,63,48,51.68
4,58,50,59,51.38
28,20,0,0,2.8
33,38,42,26,32.11
82,62,82,100,92.83
64,41,47,90,74.84
13,25,27,24,24.34
77,73,75,75,75.46
4,76,79,74,69.13
0,24,25,27,23.9
36,54,52,56,52.99
80,42,31,44,43.86
60,54,18,35,33.07
11,73,62,71,62.82
2,36,25,40,31.77
43,59,61,88,75.86
8,45,57,58,53.05
81,49,35,48,47.93
39,18,44,27,33.61
2,61,66,84,71.05
11,69,89,100,87.89
68,100,87,91,88.09
95,71,58,65,66.39
25,50,41,56,48.86
88,32,17,33,34.21
95,88,88,72,79.38
62,66,66,76,72.07
62,80,77,80,77.68
17,39,34,22,25.41
86,55,67,82,78.54
28,49,55,34,40.43
42,79,60,50,52.46
81,67,91,88,88.57
5,57,42,48,42.28
92,100,100,100,99.2
31,47,23,38,33.32
43,51,54,75,66.05
12,76,80,88,78.29
84,20,25,23,29.9
86,51,43,41,46.33
92,69,77,97,91.1
97,53,85,91,90.28
84,50,57,34,46.73
44,75,77,84,78.53
21,24,16,0,6.91
64,58,50,83,71.77
25,36,18,11,15.24
79,91,92,77,82.47
93,55,58,71,69.78
89,51,59,61,63.8
78,74,68,52,59.69
20,41,34,20,25.07
80,100,100,91,92.78
30,75,79,66,66.93
48,76,63,57,58.41
94,68,78,99,92.77
33,49,55,66,60.02
25,72,83,78,74.92
78,49,69,80,77.02
72,90,80,100,91.34
82,74,90,72,78.92
45,87,91,79,79.87
100,100,100,90,94.12
16,55,53,53,49.87
50,47,50,23,34.17
42,58,57,54,54.02
25,26,2,0,3.32
91,58,64,73,72.37
62,65,54,91,77.29
96,49,23,20,29.05
81,59,72,59,65.46
32,50,74,51,56.61
40,54,60,50,52.17
9,59,71,82,71.98
80,44,8,19,22.25
14,27,10,0,4.62
83,74,97,79,85.24
63,84,59,70,66.1
84,44,45,54,55.02
7,57,71,90,76.67
82,47,49,49,53.03
15,68,66,76,67.23
3,26,18,27,22.23
23,49,48,42,42.16
76,67,66,53,59.62
33,56,68,77,70.1
76,93,84,70,75.27
56,50,33,25,31.01
9,24,25,13,16.8
90,61,67,58,64.54
91,87,77,78,79.66
93,57,46,39,47.1
78,78,86,90,87.69
43,72,53,70,62.84
86,70,58,36,48.0
57,30,35,47,44.66
93,90,79,93,89.15
10,48,67,67,61.81
22,83,96,90,85.68
35,63,76,99,86.02
30,63,70,73,68.38
98,34,23,43,43.16
12,22,22,18,18.96
28,51,27,41,36.09
3,50,24,59,43.45
35,91,86,91,84.32
73,96,88,100,93.86
12,58,51,67,57.41
17,93,87,95,85.24
87,65,70,63,67.57
77,74,83,96,90.76
44,73,30,44,40.43
83,52,86,69,75.9
47,24,17,37,32.53
99,80,90,89,90.53
76,68,89,87,87.15
74,96,67,86,79.4
79,64,32,35,38.52
51,50,50,41,44.89
53,61,59,61,60.18
61,71,74,72,71.76
52,65,57,64,61.23
10,95,84,97,84.79
4,51,41,42,38.51
27,83,71,81,72.82
35,59,50,38,41.9
45,76,60,50,53.05
85,49,87,82,84.46
36,48,48,48,47.09
85,33,34,25,34.11
57,41,51,57,55.97
28,59,45,24,30.99
74,71,69,61,65.17
7,63,49,61,52.7
3,79,82,82,74.52
15,41,44,39,38.71
2,17,22,15,16.04
88,71,71,53,62.32
41,70,70,67,65.48
77,52,32,24,32.17
57,69,69,59,62.4
7,71,85,100,86.5
79,88,100,100,97.9
67,96,77,75,75.26
85,58,64,70,70.26
81,58,55,47,53.14
74,94,100,100,97.4
47,71,69,74,70.1
44,66,78,75,73.44
18,85,97,100,91.19
57,82,57,61,59.88
51,90,88,47,59.95
0,44,50,47,43.47
0,70,86,99,85.93
63,89,80,62,68.09
3,51,64,81,68.45
12,64,72,100,82.92
0,71,74,55,55.57
35,55,47,16,27.85
3,70,46,37,36.93
97,54,65,88,82.4
89,75,78,82,81.69
4,30,6,32,21.57
88,71,73,64,69.4
85,80,75,68,72.34
93,75,55,49,55.54
80,73,89,92,89.98
77,75,67,64,66.54
96,65,26,27,34.14
61,59,67,61,63.44
84,75,84,86,85.33
81,80,78,64,70.52
68,58,35,18,28.71
19,62,54,53,50.73
98,100,99,97,97.86
4,82,82,90,79.66
11,88,100,100,91.1
91,33,21,40,39.7
41,59,42,33,36.96
89,76,70,70,72.64
73,57,33,4,20.11
12,53,59,21,31.71
62,100,100,86,88.34
85,97,98,100,98.15
49,64,63,70,66.16
85,39,20,18,25.58
40,64,30,36,35.16
67,72,47,60,57.4
10,52,53,53,48.79
79,71,68,67,68.84
83,30,40,60,56.92
18,86,69,75,67.95
45,73,63,64,62.38
49,80,93,100,92.98
89,64,92,99,96.49
11,49,60,62,56.7
34,60,50,34,39.02
4,49,77,86,75.45
60,61,54,50,52.87
94,51,51,52,56.64
56,51,46,48,48.66
26,55,50,20,30.19
94,44,47,47,52.36
31,50,40,27,31.76
62,47,48,58,55.72
68,99,100,97,95.31
52,54,64,65,64.0
46,86,84,90,84.35
44,64,35,50,45.1
85,81,55,30,43.53
71,63,74,61,66.26
25,71,83,68,68.37
89,67,67,81,77.89
85,33,49,60,59.75
40,75,68,59,59.9
63,82,84,100,91.51
90,71,64,68,69.37
89,81,68,31,48.48
17,41,43,60,50.94
80,62,43,57,55.8
27,63,56,50,49.97
22,47,66,68,63.1
62,88,75,93,84.72
47,77,80,86,80.67
74,99,85,65,72.07
93,59,72,49,60.69
58,28,51,69,63.03
83,51,42,48,50.2
82,61,78,67,72.47
0,45,71,97,79.71
8,77,68,65,60.95
32,34,50,48,47.25
63,71,62,87,77.38
52,51,47,41,44.3
18,65,28,47,38.99
67,46,42,30,37.83
34,64,60,59,57.06
70,67,56,57,58.48
19,38,49,38,40.06
30,45,46,46,44.79
20,31,32,39,35.35
59,72,63,85,76.22
31,21,21,40,33.78
13,7,3,0,2.46
29,66,37,62,51.59
48,65,79,66,68.26
77,51,46,30,40.04
5,71,69,53,53.44
38,38,29,45,39.86
27,17,23,3,11.67
61,56,73,84,78.92
59,58,56,53,54.82
85,74,65,74,72.8
22,93,81,82,75.97
31,32,31,48,41.87
48,68,79,89,82.44
31,62,45,45,43.96
70,100,100,94,93.8
34,32,46,52,49.2
61,58,68,59,62.35
42,33,23,0,11.22
79,19,26,41,40.94
4,58,37,43,37.86
32,100,82,71,70.68
60,72,82,80,79.11
32,52,51,51,49.67
0,48,56,67,57.64
90,40,29,36,39.86
19,43,55,38,41.97
60,31,7,7,12.54
72,87,74,89,83.41
20,73,82,66,66.73
96,75,79,72,77.22
61,63,65,74,70.47
82,44,48,45,49.7
8,52,44,12,21.47
97,70,80,73,78.16
5,28,30,61,46.73
54,58,78,77,75.51
91,85,87,65,74.86
63,52,45,19,31.87
58,49,53,58,56.9
26,84,90,100,89.84
6,72,93,91,83.65
61,74,65,75,71.4
14,58,33,35,32.51
45,46,46,36,40.38
78,71,63,84,77.33
13,40,46,52,46.54
63,86,57,64,62.36
24,58,71,60,60.12
100,80,98,79,87.25
75,64,86,79,81.29
27,62,65,61,59.15
5,56,77,56,57.54
74,78,91,86,86.76
3,42,27,23,22.59
55,72,69,91,81.33
56,38,17,6,14.9
22,55,60,49,50.29
48,69,72,62,64.26
66,51,35,7,21.89
91,79,96,69,79.86
98,100,100,87,92.12
6,28,30,25,25.35
19,61,47,35,37.62
46,60,23,34,32.24
68,24,41,43,45.54
62,65,84,100,91.4
66,44,64,64,64.47
90,88,80,80,81.28
12,78,74,77,69.98
42,66,68,58,59.68
90,65,73,74,75.88
2,49,54,50,46.65
70,68,71,84,78.95
17,42,46,46,43.25
5,53,43,40,38.02
22,52,38,34,34.54
39,52,58,76,67.51
83,45,55,78,71.97
64,43,54,84,73.44
18,60,97,92,86.37
4,36,0,19,11.93
73,55,54,55,56.67
43,40,33,46,42.32
82,59,66,66,67.98
74,77,81,65,71.37
97,55,79,91,88.59
11,38,63,50,50.61
35,64,67,57,58.51
79,60,76,69,72.18
31,74,80,100,87.35
3,59,72,65,61.36
11,44,35,38,34.94
33,65,63,64,61.1
41,48,38,30,33.98
53,39,30,30,32.73
42,48,70,100,85.21
27,74,82,98,86.65
100,83,83,90,89.56
41,70,63,61,59.99
10,35,11,18,15.53
91,47,53,35,46.46
43,48,34,34,35.3
10,63,71,54,54.99
76,68,92,90,89.92
86,87,97,87,90.17
32,11,1,0,3.77
6,55,82,93,81.54
85,55,52,47,52.94
29,83,87,90,83.66
66,51,71,61,64.86
32,76,61,68,62.69
5,79,69,53,53.85
46,85,100,94,91.26
66,38,35,19,28.75
70,56,47,34,42.06
61,66,64,76,71.2
100,73,56,83,77.36
68,68,96,98,94.95
19,73,72,62,61.06
51,58,69,95,83.01
15,44,68,50,52.55
39,31,43,46,44.73
15,55,32,50,41.61
86,56,49,58,58.46
63,45,38,48,47.2
42,67,64,75,68.72
36,39,43,11,23.74
53,48,39,17,27.4
43,47,52,44,46.77
28,63,50,39,41.76
6,72,64,56,53.69
2,47,44,54,46.08
99,88,79,78,80.87
70,70,45,57,55.12
70,56,37,35,39.64
18,46,48,37,38.97
65,58,60,75,70.05
19,25,14,0,6.13
77,56,58,18,36.06
41,78,69,72,68.75
90,55,61,57,61.79
63,53,53,61,59.29
43,69,76,70,69.48
32,78,78,80,75.33
41,17,10,13,15.24
38,55,62,55,55.73
69,86,88,67,74.06
23,35,53,46,45.86
69,54,62,53,57.91
99,54,48,56,58.45
15,72,71,65,62.1
38,71,77,69,68.87
73,73,79,79,78.97
28,50,33,21,25.86
69,54,69,77,74.36
21,53,66,93,78.04
35,15,17,0,8.65
5,39,19,0,6.46
69,84,95,100,95.65
45,90,96,92,89.17
39,46,38,20,28.05
62,59,55,41,47.67
32,71,59,72,64.68
45,55,49,62,56.89
65,100,99,93,92.15
60,55,70,58,62.23
34,55,54,76,65.28
70,65,66,78,74.17
60,35,35,27,33.19
90,56,54,47,53.67
53,39,42,35,39.15
48,42,62,54,56.33
14,23,16,32,25.91
14,88,100,100,91.4
74,82,73,90,83.8
86,47,69,68,70.48
34,39,21,2,11.3
52,51,30,14,23.14
39,44,8,0,6.55
61,36,49,50,51.21
94,54,37,35,42.28
57,91,98,92,90.94
28,46,41,36,36.91
40,66,70,59,60.68
90,52,37,40,44.47
49,100,100,87,87.35
20,56,63,72,64.7
60,60,85,84,82.24
29,79,54,76,65.37
59,46,48,55,53.76
91,65,69,71,72.69
72,99,98,90,91.18
81,21,45,65,60.97
91,51,21,25,31.0
90,53,57,51,57.27
82,33,17,0,13.42
71,84,83,81,81.04
14,60,56,76,63.97
64,84,100,100,96.4
82,31,24,44,42.28
67,29,36,18,28.5
30,77,63,65,61.62
33,50,71,82,74.24
34,77,87,78,76.67
55,85,75,52,59.33
80,78,65,74,72.46
89,43,39,29,38.48
9,69,91,100,88.48
5,96,82,77,71.64
1,37,48,55,47.86
62,52,68,65,65.96
82,45,48,66,62.43
18,59,58,61,56.41
21,43,37,41,38.41
6,65,45,25,29.52
82,76,87,80,82.57
91,54,53,65,64.57
24,35,20,14,16.94
35,41,63,71,65.65
88,77,75,80,80.01
1,80,85,100,85.82
63,40,47,64,59.44
13,58,69,55,55.47
88,40,47,22,36.49
21,58,50,16,27.26
95,86,66,66,69.48
25,54,60,64,59.64
50,63,55,58,56.63
79,59,57,71,68.11
75,66,62,52,57.44
95,37,55,44,52.79
17,62,68,59,58.13
18,53,48,48,45.66
12,69,80,70,67.8
19,58,54,57,52.75
14,55,48,54,48.48
65,50,51,47,50.54
83,65,95,100,96.93
25,70,78,89,79.71
64,97,98,96,94.06
91,65,59,77,73.47
16,52,40,20,26.25
87,43,37,31,38.87
20,79,100,100,92.0
35,50,51,38,42.2
82,42,20,27,31.01
70,42,46,31,39.92
63,52,34,20,29.0
76,100,100,93,93.69
3,43,32,29,27.51
33,47,57,61,57.57
45,39,27,14,21.32
96,67,59,48,56.73
4,39,39,53,44.5
51,36,38,57,51.38
44,67,46,45,46.02
96,82,89,86,88.46
80,45,29,31,35.38
93,83,70,69,72.05
61,76,93,96,92.28
73,56,50,26,38.7
8,56,50,65,55.55
20,86,90,56,63.44
15,72,83,87,78.99
83,57,76,79,79.19
88,63,95,68,78.52
71,74,61,83,75.84
32,78,68,80,72.14
5,48,41,20,25.21
31,38,23,29,27.63
97,52,55,80,74.79
2,61,74,70,64.84
13,56,66,37,43.88
79,37,29,10,23.2
37,45,53,53,51.91
19,77,100,77,78.7
45,46,49,64,58.17
54,82,85,81,79.9
55,64,51,37,43.45
21,64,44,45,43.09
75,89,74,70,72.41
40,69,99,90,88.18
60,82,89,94,89.82
44,70,64,85,75.19
22,55,65,56,55.95
38,70,55,53,52.34
99,49,53,37,48.76
42,46,61,76,68.54
59,43,35,34,37.11
64,57,70,59,63.4
97,90,94,91,92.99
15,38,48,67,56.4
4,64,66,49,50.26
89,45,21,9,21.17
65,63,46,17,30.97
46,56,38,14,24.6
81,57,61,65,66.05
99,65,71,48,60.56
73,56,51,52,54.13
4,31,41,52,44.62
4,100,100,100,90.4
32,64,57,59,55.85
99,78,73,88,84.81
74,80,80,58,66.63
44,81,83,73,73.65
38,13,10,26,22.85
65,52,50,29,39.27
69,59,62,55,59.05
1,42,31,28,26.53
18,49,40,35,35.64
9,42,40,48,42.17
51,96,89,79,79.82
35,58,62,67,62.35
54,79,69,35,47.72
57,78,97,82,84.23
55,60,67,67,66.46
7,33,22,0,7.36
16,53,52,48,46.44
36,44,63,52,54.26
52,41,57,67,63.01
26,78,87,80,77.26
48,83,84,100,90.26
25,100,95,100,91.14
28,70,100,100,92.8
12,57,37,31,31.49
35,39,44,26,32.88
74,75,63,34,47.32
98,95,100,96,97.78
71,65,72,73,73.0
33,46,42,61,52.94
65,33,40,78,65.83
37,94,87,81,78.58
71,50,41,62,57.4
10,44,20,26,23.44
91,62,47,73,67.68
97,75,67,75,74.99
59,59,51,41,46.18
73,87,100,100,97.3
7,80,86,80,74.74
86,51,19,3,16.64
84,48,55,62,62.72
20,48,37,48,42.27
85,46,51,39,47.55
4,53,54,77,63.2
97,61,54,53,58.19
5,57,43,30,31.91
67,59,75,75,74.6
12,62,63,44,47.1
73,17,37,36,40.32
53,27,51,53,52.91
72,48,41,49,49.62
21,35,34,47,41.05
73,21,17,13,20.51
72,77,73,79,76.75
57,79,90,95,89.99
6,38,53,29,34.23
27,37,49,66,57.79
98,36,26,27,34.29
40,68,74,73,70.31
8,56,53,57,51.28
76,100,99,87,90.12
73,65,48,47,50.68
42,38,28,55,45.8
29,52,68,58,58.45
97,52,66,31,48.25
3,64,54,69,58.53
43,17,0,0,4.76
56,99,93,100,93.66
77,75,65,62,64.88
0,44,39,44,38.58
34,40,59,60,57.43
37,54,73,85,77.32
93,60,57,16,36.3
55,55,55,74,66.78
67,78,70,100,87.81
44,64,49,42,44.44
15,100,98,91,86.18
53,69,77,62,65.74
7,64,73,72,66.24
20,53,25,38,32.69
89,71,84,65,73.31
98,64,84,82,84.78
4,52,54,37,39.3
51,75,71,40,50.59
18,34,20,2,9.68
87,68,70,48,58.53
63,98,100,100,96.3
58,71,84,74,75.51
95,79,84,97,93.31
38,41,21,20,22.35
29,30,29,38,34.53
23,17,25,29,27.73
74,52,43,33,40.79
32,62,56,51,51.38
19,62,74,58,59.08
46,36,48,48,48.27
12,54,53,48,46.54
83,62,41,59,56.26
92,49,48,46,51.56
61,28,32,10,22.03
40,100,100,100,94.0
37,44,40,43,41.98
36,53,48,42,43.73
7,54,51,46,44.1
91,60,58,64,65.4
13,29,15,20,18.04
70,67,81,94,87.94
55,79,75,80,76.55
6,81,78,75,69.54
85,72,62,75,72.71
77,64,73,59,65.43
36,63,61,74,66.7
38,16,14,6,11.92
91,53,71,57,64.82
91,42,29,0,17.87
54,72,59,62,61.04
86,80,67,77,74.92
81,51,40,48,49.29
56,29,27,19,25.62
42,73,83,63,67.42
9,80,84,69,67.95
99,73,91,74,81.95
82,63,44,38,45.06
33,70,56,57,54.96
93,63,46,63,61.17
5,34,63,58,54.8
42,64,43,29,35.08
44,31,42,40,41.29
79,80,83,100,92.87
36,54,68,92,79.81
35,49,21,13,17.96
26,28,40,62,52.43
52,49,29,22,27.54
19,54,42,40,39.01
7,52,68,71,64.28
68,35,43,69,61.4
77,60,68,78,75.76
83,75,72,66,69.73
7,52,36,38,34.79
38,71,46,47,46.31
27,81,79,70,68.71
9,68,75,85,74.6
53,53,33,54,48.06
20,56,45,45,43.09
86,62,63,70,69.85
77,100,91,67,76.03
81,51,32,47,46.42
66,71,66,49,56.19
76,69,74,100,90.09
46,23,7,10,12.97
3,69,72,58,57.14
17,66,48,37,38.68
4,72,52,44,42.64
87,18,25,22,29.72
10,67,65,50,50.98
64,63,79,86,82.03
88,37,33,65,58.1
61,59,84,67,72.15
8,41,36,29,29.36
58,70,64,42,50.31
50,42,62,51,54.9
61,58,73,69,69.8
1,31,32,68,50.64
13,51,41,82,63.02
57,73,93,100,93.76
83,63,55,67,65.5
94,73,82,98,93.26
89,40,47,55,56.54
68,88,75,63,67.72
30,30,36,46,42.09
43,41,44,55,50.57
87,57,60,61,64.0
34,68,64,59,58.4
100,30,28,38,41.67
12,49,18,30,24.94
66,74,92,57,68.72
11,57,44,46,42.27
42,40,29,19,24.99
97,44,44,42,48.63
54,30,17,27,27.25
38,41,54,46,48.19
82,83,100,98,97.34
38,67,39,31,34.7
18,82,76,73,68.87
23,66,83,87,79.88
47,94,81,74,73.91
34,65,74,55,59.33
5,72,93,100,88.67
49,79,90,87,84.57
35,58,63,70,64.68
64,77,69,71,70.36
76,89,94,79,83.92
0,31,28,27,25.19
45,24,41,39,40.41
54,39,47,70,61.86
28,48,39,48,43.88
30,69,59,56,54.94
31,33,49,43,43.98
82,81,81,84,83.42
40,59,51,30,38.0
72,62,59,32,44.43
27,66,64,63,59.99
40,59,53,54,52.42
36,66,58,43,47.18
68,55,27,24,30.03
44,67,72,65,65.3
38,44,47,69,59.67
32,39,25,20,23.54
33,82,95,98,91.1
85,42,50,36,45.56
28,86,85,100,88.57
19,34,27,19,21.89
37,53,54,64,58.74
54,74,100,100,95.4
73,47,56,32,43.59
63,96,100,88,89.29
35,28,17,28,25.63
29,66,95,89,85.29
10,60,38,30,30.54
41,70,83,100,89.03
25,70,67,56,56.8
51,34,17,0,10.25
59,44,48,50,51.03
32,43,44,51,47.4
97,34,44,59,58.92
26,37,41,64,54.12
29,100,100,100,92.9
80,37,31,39,41.17
91,58,73,67,71.49
37,95,96,100,92.58
97,68,89,80,84.55
91,44,16,36,35.62
56,49,46,66,59.86
18,63,39,50,43.65
33,64,57,31,39.32
59,56,53,79,69.79
79,57,66,44,54.34
16,53,67,54,54.68
12,59,61,61,56.55
81,65,58,56,59.69
20,58,54,46,45.92
92,50,43,68,63.18
2,63,75,68,64.19
56,50,70,86,78.86
58,46,36,21,29.77
59,46,41,33,38.16
32,54,38,41,39.49
88,98,89,97,94.19
1,55,82,83,75.16
82,35,40,45,47.78
48,75,81,81,78.46
100,88,80,97,92.82
54,53,52,53,53.06
43,51,48,60,55.24
96,52,57,71,69.57
14,31,28,12,17.51
100,93,82,81,83.86
56,66,59,41,48.38
23,68,83,66,67.35
58,44,45,33,39.27
42,100,95,100,92.89
97,40,33,43,45.97
10,74,97,100,90.3
73,58,47,75,66.7
49,73,55,60,57.95
53,84,100,96,93.08
8,71,68,74,65.94
34,91,67,73,67.38
80,47,49,52,54.09
40,64,88,100,90.61
91,49,60,53,59.46
79,40,44,47,49.7
43,62,57,98,80.87
96,91,70,61,67.83
24,38,76,63,63.84
48,43,34,3,17.05
3,63,56,73,61.36
23,40,54,55,52.02
83,51,64,65,66.73
1,59,66,70,62.3
78,64,62,60,63.2
51,39,43,48,47.49
18,64,60,61,56.89
44,54,44,42,43.01
98,49,26,31,36.51
27,46,45,63,54.58
85,93,97,97,96.39
18,75,97,89,84.76
1,71,40,46,40.45
63,29,31,37,38.43
86,84,78,43,58.19
23,55,37,55,46.99
86,88,95,100,97.4
73,58,73,65,68.75
24,56,49,48,46.56
98,89,84,77,81.73
58,66,52,38,44.76
44,67,74,84,77.4
100,44,27,22,31.7
14,75,72,75,68.05
9,42,61,83,69.32
89,13,33,57,53.29
90,41,35,37,42.02
20,41,48,32,36.22
2,53,81,80,72.74
33,53,33,22,26.68
20,62,39,50,44.35
54,55,65,60,61.26
48,82,100,100,94.8
23,47,71,94,80.48
30,47,38,0,14.54
93,71,98,100,98.86
15,47,45,41,40.26
42,86,75,91,81.89
26,73,59,52,51.81
48,71,44,40,42.25
8,25,17,0,6.16
4,36,43,30,31.76
29,61,67,39,46.97
25,52,58,60,56.3
100,100,100,84,90.72
16,54,57,46,46.51
27,37,40,42,40.73
35,48,8,0,5.94
67,78,81,78,78.01
0,0,0,0,0.0
16,66,65,73,65.56
90,43,50,52,55.43
92,76,71,68,71.42
24,76,92,70,72.44
11,94,100,97,89.61
11,75,86,87,79.61
30,53,52,23,32.77
26,56,77,100,85.82
92,38,31,25,33.6
28,83,96,77,78.42
39,44,48,42,44.05
51,58,60,68,63.99
96,66,42,21,35.44
92,81,79,84,83.63
43,44,62,74,67.98
76,66,48,31,40.68
4,45,23,7,11.95
97,37,5,34,31.94
45,39,27,26,28.74
58,56,63,79,72.72
14,59,59,35,40.68
10,43,37,46,40.22
31,64,86,91,84.11
21,53,53,24,32.71
40,5,0,0,4.0
16,45,40,51,44.95
95,97,79,80,81.74
32,76,94,100,91.69
52,66,46,28,36.51
10,34,35,42,37.23
95,57,57,58,61.55
8,50,29,21,22.39
67,95,73,91,83.49
8,99,100,100,90.8
67,46,58,47,52.96
54,63,62,62,61.49
51,47,21,25,26.85
85,80,79,72,76.24
96,76,53,24,40.37
49,43,32,17,25.32
26,45,37,56,47.55
3,34,41,22,26.42
5,58,80,92,80.01
61,54,41,45,45.76
30,53,41,28,32.73
99,65,57,69,68.86
98,74,84,77,81.72
17,65,67,95,79.21
72,33,24,2,16.31
86,60,80,66,72.65
73,68,53,64,62.26
52,39,40,34,37.98
38,43,44,65,56.32
39,46,52,60,55.69
33,100,100,100,93.3
76,28,3,3,11.1
31,44,61,55,54.58
96,89,100,100,99.6
30,69,100,84,83.55
91,67,98,67,79.34
23,49,54,70,60.82
34,70,83,72,71.81
54,59,56,55,55.76
56,46,49,51,51.15
99,79,58,50,57.47
12,83,100,85,82.24
99,42,46,52,55.17
40,57,69,76,70.71
88,48,28,34,38.27
41,51,52,47,48.64
59,63,77,68,70.1
81,71,74,57,64.77
34,54,69,65,63.19
44,68,88,74,75.42
82,49,45,40,46.46
31,26,30,26,28.27
66,86,73,48,57.54
67,60,68,51,58.35
27,73,75,65,64.85
90,29,28,16,27.44
24,65,29,34,31.82
2,41,44,44,40.3
10,35,28,52,40.79
33,86,92,65,70.76
74,88,82,46,59.87
61,68,68,44,53.36
0,45,22,11,13.44
27,65,45,64,54.96
77,94,63,50,57.31
87,100,100,93,94.91
48,54,46,73,62.69
9,23,19,30,24.82
52,55,43,43,44.8
69,88,100,92,92.26
32,72,88,100,89.86
3,37,30,24,23.98
18,80,79,100,85.63
94,64,55,52,57.8
100,67,77,84,84.19
33,68,82,62,65.83
12,77,84,95,83.83
16,67,67,64,60.57
48,50,67,66,64.83
67,67,77,78,76.91
81,66,76,85,82.6
89,52,52,68,65.62
53,75,59,42,48.7
72,85,67,63,65.3
2,4,30,42,34.86
31,67,30,38,35.46
75,53,37,36,40.72
16,57,69,91,77.27
49,64,58,74,67.43
21,66,80,68,67.12
65,69,100,100,96.5
49,72,83,78,76.75
89,90,88,73,79.59
82,70,82,60,69.25
69,23,10,17,20.41
95,55,43,42,48.06
85,73,76,97,90.01
46,70,67,68,65.82
91,67,52,86,76.99
53,74,52,47,49.63
42,50,50,70,61.41
45,15,34,35,36.03
12,75,100,100,91.2
93,39,42,7,26.77
22,31,41,38,37.98
0,17,0,3,1.98
95,78,100,100,99.5
97,49,46,51,54.3
95,77,99,100,99.42
0,92,75,77,69.51
40,50,57,58,56.49
40,55,53,32,39.74
82,87,75,81,79.65
45,36,39,56,50.12
73,49,66,54,59.68
36,46,53,81,68.39
93,50,23,15,25.7
74,74,66,74,72.2
96,43,44,22,36.68
86,46,63,69,69.52
24,52,35,59,48.9
68,50,46,56,54.35
49,55,46,56,52.86
7,58,75,84,74.06
74,65,73,62,66.86
64,35,41,60,55.27
23,52,61,64,59.27
82,26,21,8,19.79
75,62,65,72,70.87
63,79,79,94,86.7
31,61,55,71,62.51
70,74,62,76,72.06
23,48,51,65,56.87
75,100,90,100,94.71
10,45,54,46,45.45
5,36,49,51,46.32
71,64,52,59,58.59
93,89,88,73,79.89
4,65,64,56,53.61
80,57,49,44,49.32
36,62,83,100,88.56
64,95,100,100,96.4
65,46,48,58,56.23
20,47,64,65,60.24
32,80,84,91,83.27
39,45,61,60,58.48
82,32,33,42,43.85
61,33,36,17,27.76
93,50,37,55,54.12
21,51,59,55,53.41
20,58,32,39,35.53
86,46,37,43,45.58
18,70,60,51,51.08
70,54,36,33,37.83
31,53,36,42,39.82
90,68,62,62,65.14
10,54,65,43,46.69
62,92,88,93,89.14
