2026-01-11 11:45:17 - __main__ - INFO - Initializing Facial Recognition Attendance System...
2026-01-11 11:45:17 - __main__ - INFO - Initializing face detection...
2026-01-11 11:45:34 - __main__ - INFO - Initializing Facial Recognition Attendance System...
2026-01-11 11:45:34 - __main__ - INFO - Initializing face detection...
2026-01-11 11:45:35 - core.face_detector - ERROR - facenet-pytorch not installed. Run: pip install facenet-pytorch
2026-01-11 11:46:11 - __main__ - INFO - Initializing Facial Recognition Attendance System...
2026-01-11 11:46:11 - __main__ - INFO - Initializing face detection...
2026-01-11 11:46:21 - core.face_detector - INFO - MTCNN detector initialized on cpu
2026-01-11 11:46:21 - core.face_detector - INFO - FaceDetector initialized with mtcnn backend
2026-01-11 11:46:21 - __main__ - INFO - Initializing face recognition...
2026-01-11 11:46:21 - core.face_recognizer - WARNING - InsightFace not available, falling back to FaceNet
2026-01-11 11:46:21 - core.face_recognizer - WARNING - arcface failed, falling back to facenet: ArcFace not available
2026-01-11 11:46:43 - core.face_recognizer - INFO - FaceNet recognizer initialized on cpu
2026-01-11 11:46:43 - core.face_recognizer - INFO - FaceRecognizer initialized with facenet backend
2026-01-11 11:46:43 - __main__ - INFO - Initializing face aligner...
2026-01-11 11:46:43 - core.face_aligner - INFO - FaceAligner initialized with target size (160, 160)
2026-01-11 11:46:43 - __main__ - INFO - Initializing face database...
2026-01-11 11:46:43 - database.face_database - INFO - FaceDatabase initialized with 0 faces
2026-01-11 11:46:43 - __main__ - INFO - Initializing attendance database...
2026-01-11 11:46:43 - database.attendance_db - INFO - AttendanceDB initialized: sqlite:////Users/tharusha_rashmika/Documents/projects/aleph/reserch/AI-Powered-Smart-School-Safety-and-Performance-Monitoring-System/Facial Recognition Attendance Systems/data/attendance.db
2026-01-11 11:46:43 - __main__ - INFO - Initializing attendance engine...
2026-01-11 11:46:43 - core.face_detector - INFO - MTCNN detector initialized on cpu
2026-01-11 11:46:43 - core.face_detector - INFO - FaceDetector initialized with mtcnn backend
2026-01-11 11:46:43 - core.face_recognizer - WARNING - InsightFace not available, falling back to FaceNet
2026-01-11 11:46:43 - core.face_recognizer - WARNING - arcface failed, falling back to facenet: ArcFace not available
2026-01-11 11:46:44 - core.face_recognizer - INFO - FaceNet recognizer initialized on cpu
2026-01-11 11:46:44 - core.face_recognizer - INFO - FaceRecognizer initialized with facenet backend
2026-01-11 11:46:44 - core.face_aligner - INFO - FaceAligner initialized with target size (160, 160)
2026-01-11 11:46:44 - core.attendance_engine - INFO - AttendanceEngine initialized
2026-01-11 11:46:44 - __main__ - INFO - Initializing registration service...
2026-01-11 11:46:44 - __main__ - INFO - Initializing face trainer...
2026-01-11 11:46:44 - training.face_trainer - INFO - FaceTrainer initialized
2026-01-11 11:46:44 - __main__ - INFO - Initializing attendance service...
2026-01-11 11:46:44 - __main__ - INFO - Initializing camera service...
2026-01-11 11:46:44 - __main__ - INFO - Loaded 0 registered faces
2026-01-11 11:46:44 - __main__ - INFO - API blueprints registered
2026-01-11 11:46:44 - __main__ - INFO - Application initialized successfully
2026-01-11 11:47:25 - __main__ - INFO - Initializing Facial Recognition Attendance System...
2026-01-11 11:47:25 - __main__ - INFO - Initializing face detection...
2026-01-11 11:47:27 - core.face_detector - INFO - MTCNN detector initialized on cpu
2026-01-11 11:47:27 - core.face_detector - INFO - FaceDetector initialized with mtcnn backend
2026-01-11 11:47:27 - __main__ - INFO - Initializing face recognition...
2026-01-11 11:47:27 - core.face_recognizer - WARNING - InsightFace not available, falling back to FaceNet
2026-01-11 11:47:27 - core.face_recognizer - WARNING - arcface failed, falling back to facenet: ArcFace not available
2026-01-11 11:47:28 - core.face_recognizer - INFO - FaceNet recognizer initialized on cpu
2026-01-11 11:47:28 - core.face_recognizer - INFO - FaceRecognizer initialized with facenet backend
2026-01-11 11:47:28 - __main__ - INFO - Initializing face aligner...
2026-01-11 11:47:28 - core.face_aligner - INFO - FaceAligner initialized with target size (160, 160)
2026-01-11 11:47:28 - __main__ - INFO - Initializing face database...
2026-01-11 11:47:28 - database.face_database - INFO - FaceDatabase initialized with 0 faces
2026-01-11 11:47:28 - __main__ - INFO - Initializing attendance database...
2026-01-11 11:47:28 - database.attendance_db - INFO - AttendanceDB initialized: sqlite:////Users/tharusha_rashmika/Documents/projects/aleph/reserch/AI-Powered-Smart-School-Safety-and-Performance-Monitoring-System/Facial Recognition Attendance Systems/data/attendance.db
2026-01-11 11:47:28 - __main__ - INFO - Initializing attendance engine...
2026-01-11 11:47:28 - core.face_detector - INFO - MTCNN detector initialized on cpu
2026-01-11 11:47:28 - core.face_detector - INFO - FaceDetector initialized with mtcnn backend
2026-01-11 11:47:28 - core.face_recognizer - WARNING - InsightFace not available, falling back to FaceNet
2026-01-11 11:47:28 - core.face_recognizer - WARNING - arcface failed, falling back to facenet: ArcFace not available
2026-01-11 11:47:28 - core.face_recognizer - INFO - FaceNet recognizer initialized on cpu
2026-01-11 11:47:28 - core.face_recognizer - INFO - FaceRecognizer initialized with facenet backend
2026-01-11 11:47:28 - core.face_aligner - INFO - FaceAligner initialized with target size (160, 160)
2026-01-11 11:47:28 - core.attendance_engine - INFO - AttendanceEngine initialized
2026-01-11 11:47:28 - __main__ - INFO - Initializing registration service...
2026-01-11 11:47:28 - __main__ - INFO - Initializing face trainer...
2026-01-11 11:47:28 - training.face_trainer - INFO - FaceTrainer initialized
2026-01-11 11:47:28 - __main__ - INFO - Initializing attendance service...
2026-01-11 11:47:28 - __main__ - INFO - Initializing camera service...
2026-01-11 11:47:28 - __main__ - INFO - Loaded 0 registered faces
2026-01-11 11:47:28 - __main__ - INFO - API blueprints registered
2026-01-11 11:47:28 - __main__ - INFO - Application initialized successfully
2026-01-11 11:47:48 - __main__ - INFO - Initializing Facial Recognition Attendance System...
2026-01-11 11:47:48 - __main__ - INFO - Initializing face detection...
2026-01-11 11:47:50 - core.face_detector - INFO - MTCNN detector initialized on cpu
2026-01-11 11:47:50 - core.face_detector - INFO - FaceDetector initialized with mtcnn backend
2026-01-11 11:47:50 - __main__ - INFO - Initializing face recognition...
2026-01-11 11:47:50 - core.face_recognizer - WARNING - InsightFace not available, falling back to FaceNet
2026-01-11 11:47:50 - core.face_recognizer - WARNING - arcface failed, falling back to facenet: ArcFace not available
2026-01-11 11:47:50 - core.face_recognizer - INFO - FaceNet recognizer initialized on cpu
2026-01-11 11:47:50 - core.face_recognizer - INFO - FaceRecognizer initialized with facenet backend
2026-01-11 11:47:50 - __main__ - INFO - Initializing face aligner...
2026-01-11 11:47:50 - core.face_aligner - INFO - FaceAligner initialized with target size (160, 160)
2026-01-11 11:47:50 - __main__ - INFO - Initializing face database...
2026-01-11 11:47:51 - database.face_database - INFO - FaceDatabase initialized with 0 faces
2026-01-11 11:47:51 - __main__ - INFO - Initializing attendance database...
2026-01-11 11:47:51 - database.attendance_db - INFO - AttendanceDB initialized: sqlite:////Users/tharusha_rashmika/Documents/projects/aleph/reserch/AI-Powered-Smart-School-Safety-and-Performance-Monitoring-System/Facial Recognition Attendance Systems/data/attendance.db
2026-01-11 11:47:51 - __main__ - INFO - Initializing attendance engine...
2026-01-11 11:47:51 - core.face_detector - INFO - MTCNN detector initialized on cpu
2026-01-11 11:47:51 - core.face_detector - INFO - FaceDetector initialized with mtcnn backend
2026-01-11 11:47:51 - core.face_recognizer - WARNING - InsightFace not available, falling back to FaceNet
2026-01-11 11:47:51 - core.face_recognizer - WARNING - arcface failed, falling back to facenet: ArcFace not available
2026-01-11 11:47:51 - core.face_recognizer - INFO - FaceNet recognizer initialized on cpu
2026-01-11 11:47:51 - core.face_recognizer - INFO - FaceRecognizer initialized with facenet backend
2026-01-11 11:47:51 - core.face_aligner - INFO - FaceAligner initialized with target size (160, 160)
2026-01-11 11:47:51 - core.attendance_engine - INFO - AttendanceEngine initialized
2026-01-11 11:47:51 - __main__ - INFO - Initializing registration service...
2026-01-11 11:47:51 - __main__ - INFO - Initializing face trainer...
2026-01-11 11:47:51 - training.face_trainer - INFO - FaceTrainer initialized
2026-01-11 11:47:51 - __main__ - INFO - Initializing attendance service...
2026-01-11 11:47:51 - __main__ - INFO - Initializing camera service...
2026-01-11 11:47:51 - __main__ - INFO - Loaded 0 registered faces
2026-01-11 11:47:51 - __main__ - INFO - API blueprints registered
2026-01-11 11:47:51 - __main__ - INFO - Application initialized successfully
2026-01-11 11:48:23 - __main__ - INFO - Initializing Facial Recognition Attendance System...
2026-01-11 11:48:23 - __main__ - INFO - Initializing face detection...
2026-01-11 11:48:25 - core.face_detector - INFO - MTCNN detector initialized on cpu
2026-01-11 11:48:25 - core.face_detector - INFO - FaceDetector initialized with mtcnn backend
2026-01-11 11:48:25 - __main__ - INFO - Initializing face recognition...
2026-01-11 11:48:25 - core.face_recognizer - WARNING - InsightFace not available, falling back to FaceNet
2026-01-11 11:48:25 - core.face_recognizer - WARNING - arcface failed, falling back to facenet: ArcFace not available
2026-01-11 11:48:25 - core.face_recognizer - INFO - FaceNet recognizer initialized on cpu
2026-01-11 11:48:25 - core.face_recognizer - INFO - FaceRecognizer initialized with facenet backend
2026-01-11 11:48:25 - __main__ - INFO - Initializing face aligner...
2026-01-11 11:48:25 - core.face_aligner - INFO - FaceAligner initialized with target size (160, 160)
2026-01-11 11:48:25 - __main__ - INFO - Initializing face database...
2026-01-11 11:48:25 - database.face_database - INFO - FaceDatabase initialized with 0 faces
2026-01-11 11:48:25 - __main__ - INFO - Initializing attendance database...
2026-01-11 11:48:25 - database.attendance_db - INFO - AttendanceDB initialized: sqlite:////Users/tharusha_rashmika/Documents/projects/aleph/reserch/AI-Powered-Smart-School-Safety-and-Performance-Monitoring-System/Facial Recognition Attendance Systems/data/attendance.db
2026-01-11 11:48:25 - __main__ - INFO - Initializing attendance engine...
2026-01-11 11:48:25 - core.face_detector - INFO - MTCNN detector initialized on cpu
2026-01-11 11:48:25 - core.face_detector - INFO - FaceDetector initialized with mtcnn backend
2026-01-11 11:48:25 - core.face_recognizer - WARNING - InsightFace not available, falling back to FaceNet
2026-01-11 11:48:25 - core.face_recognizer - WARNING - arcface failed, falling back to facenet: ArcFace not available
2026-01-11 11:48:26 - core.face_recognizer - INFO - FaceNet recognizer initialized on cpu
2026-01-11 11:48:26 - core.face_recognizer - INFO - FaceRecognizer initialized with facenet backend
2026-01-11 11:48:26 - core.face_aligner - INFO - FaceAligner initialized with target size (160, 160)
2026-01-11 11:48:26 - core.attendance_engine - INFO - AttendanceEngine initialized
2026-01-11 11:48:26 - __main__ - INFO - Initializing registration service...
2026-01-11 11:48:26 - __main__ - INFO - Initializing face trainer...
2026-01-11 11:48:26 - training.face_trainer - INFO - FaceTrainer initialized
2026-01-11 11:48:26 - __main__ - INFO - Initializing attendance service...
2026-01-11 11:48:26 - __main__ - INFO - Initializing camera service...
2026-01-11 11:48:26 - __main__ - INFO - Loaded 0 registered faces
2026-01-11 11:48:26 - __main__ - INFO - API blueprints registered
2026-01-11 11:48:26 - __main__ - INFO - Application initialized successfully
2026-01-11 11:48:26 - werkzeug - INFO - [31m[1mWARNING: This is a development server. Do not use it in a production deployment. Use a production WSGI server instead.[0m
 * Running on all addresses (0.0.0.0)
 * Running on http://127.0.0.1:5001
 * Running on http://192.168.8.171:5001
2026-01-11 11:48:26 - werkzeug - INFO - [33mPress CTRL+C to quit[0m
2026-01-11 11:48:26 - werkzeug - INFO -  * Restarting with stat
2026-01-11 11:48:26 - __main__ - INFO - Initializing Facial Recognition Attendance System...
2026-01-11 11:48:26 - __main__ - INFO - Initializing face detection...
2026-01-11 11:48:27 - core.face_detector - INFO - MTCNN detector initialized on cpu
2026-01-11 11:48:27 - core.face_detector - INFO - FaceDetector initialized with mtcnn backend
2026-01-11 11:48:27 - __main__ - INFO - Initializing face recognition...
2026-01-11 11:48:27 - core.face_recognizer - WARNING - InsightFace not available, falling back to FaceNet
2026-01-11 11:48:27 - core.face_recognizer - WARNING - arcface failed, falling back to facenet: ArcFace not available
2026-01-11 11:48:28 - core.face_recognizer - INFO - FaceNet recognizer initialized on cpu
2026-01-11 11:48:28 - core.face_recognizer - INFO - FaceRecognizer initialized with facenet backend
2026-01-11 11:48:28 - __main__ - INFO - Initializing face aligner...
2026-01-11 11:48:28 - core.face_aligner - INFO - FaceAligner initialized with target size (160, 160)
2026-01-11 11:48:28 - __main__ - INFO - Initializing face database...
2026-01-11 11:48:28 - database.face_database - INFO - FaceDatabase initialized with 0 faces
2026-01-11 11:48:28 - __main__ - INFO - Initializing attendance database...
2026-01-11 11:48:28 - database.attendance_db - INFO - AttendanceDB initialized: sqlite:////Users/tharusha_rashmika/Documents/projects/aleph/reserch/AI-Powered-Smart-School-Safety-and-Performance-Monitoring-System/Facial Recognition Attendance Systems/data/attendance.db
2026-01-11 11:48:28 - __main__ - INFO - Initializing attendance engine...
2026-01-11 11:48:28 - core.face_detector - INFO - MTCNN detector initialized on cpu
2026-01-11 11:48:28 - core.face_detector - INFO - FaceDetector initialized with mtcnn backend
2026-01-11 11:48:28 - core.face_recognizer - WARNING - InsightFace not available, falling back to FaceNet
2026-01-11 11:48:28 - core.face_recognizer - WARNING - arcface failed, falling back to facenet: ArcFace not available
2026-01-11 11:48:28 - core.face_recognizer - INFO - FaceNet recognizer initialized on cpu
2026-01-11 11:48:28 - core.face_recognizer - INFO - FaceRecognizer initialized with facenet backend
2026-01-11 11:48:28 - core.face_aligner - INFO - FaceAligner initialized with target size (160, 160)
2026-01-11 11:48:28 - core.attendance_engine - INFO - AttendanceEngine initialized
2026-01-11 11:48:28 - __main__ - INFO - Initializing registration service...
2026-01-11 11:48:28 - __main__ - INFO - Initializing face trainer...
2026-01-11 11:48:28 - training.face_trainer - INFO - FaceTrainer initialized
2026-01-11 11:48:28 - __main__ - INFO - Initializing attendance service...
2026-01-11 11:48:28 - __main__ - INFO - Initializing camera service...
2026-01-11 11:48:28 - __main__ - INFO - Loaded 0 registered faces
2026-01-11 11:48:28 - __main__ - INFO - API blueprints registered
2026-01-11 11:48:28 - __main__ - INFO - Application initialized successfully
2026-01-11 11:48:28 - werkzeug - WARNING -  * Debugger is active!
2026-01-11 11:48:28 - werkzeug - INFO -  * Debugger PIN: 277-274-484
2026-01-11 11:49:03 - __main__ - INFO - Initializing Facial Recognition Attendance System...
2026-01-11 11:49:03 - __main__ - INFO - Initializing face detection...
2026-01-11 11:49:06 - core.face_detector - INFO - MTCNN detector initialized on cpu
2026-01-11 11:49:06 - core.face_detector - INFO - FaceDetector initialized with mtcnn backend
2026-01-11 11:49:06 - __main__ - INFO - Initializing face recognition...
2026-01-11 11:49:06 - core.face_recognizer - WARNING - InsightFace not available, falling back to FaceNet
2026-01-11 11:49:06 - core.face_recognizer - WARNING - arcface failed, falling back to facenet: ArcFace not available
2026-01-11 11:49:06 - core.face_recognizer - INFO - FaceNet recognizer initialized on cpu
2026-01-11 11:49:06 - core.face_recognizer - INFO - FaceRecognizer initialized with facenet backend
2026-01-11 11:49:06 - __main__ - INFO - Initializing face aligner...
2026-01-11 11:49:06 - core.face_aligner - INFO - FaceAligner initialized with target size (160, 160)
2026-01-11 11:49:06 - __main__ - INFO - Initializing face database...
2026-01-11 11:49:06 - database.face_database - INFO - FaceDatabase initialized with 0 faces
2026-01-11 11:49:06 - __main__ - INFO - Initializing attendance database...
2026-01-11 11:49:06 - database.attendance_db - INFO - AttendanceDB initialized: sqlite:////Users/tharusha_rashmika/Documents/projects/aleph/reserch/AI-Powered-Smart-School-Safety-and-Performance-Monitoring-System/Facial Recognition Attendance Systems/data/attendance.db
2026-01-11 11:49:06 - __main__ - INFO - Initializing attendance engine...
2026-01-11 11:49:06 - core.face_detector - INFO - MTCNN detector initialized on cpu
2026-01-11 11:49:06 - core.face_detector - INFO - FaceDetector initialized with mtcnn backend
2026-01-11 11:49:06 - core.face_recognizer - WARNING - InsightFace not available, falling back to FaceNet
2026-01-11 11:49:06 - core.face_recognizer - WARNING - arcface failed, falling back to facenet: ArcFace not available
2026-01-11 11:49:06 - core.face_recognizer - INFO - FaceNet recognizer initialized on cpu
2026-01-11 11:49:06 - core.face_recognizer - INFO - FaceRecognizer initialized with facenet backend
2026-01-11 11:49:06 - core.face_aligner - INFO - FaceAligner initialized with target size (160, 160)
2026-01-11 11:49:06 - core.attendance_engine - INFO - AttendanceEngine initialized
2026-01-11 11:49:06 - __main__ - INFO - Initializing registration service...
2026-01-11 11:49:06 - __main__ - INFO - Initializing face trainer...
2026-01-11 11:49:06 - training.face_trainer - INFO - FaceTrainer initialized
2026-01-11 11:49:06 - __main__ - INFO - Initializing attendance service...
2026-01-11 11:49:06 - __main__ - INFO - Initializing camera service...
2026-01-11 11:49:06 - __main__ - INFO - Loaded 0 registered faces
2026-01-11 11:49:06 - __main__ - INFO - API blueprints registered
2026-01-11 11:49:06 - __main__ - INFO - Application initialized successfully
2026-01-11 11:49:06 - werkzeug - INFO - [31m[1mWARNING: This is a development server. Do not use it in a production deployment. Use a production WSGI server instead.[0m
 * Running on all addresses (0.0.0.0)
 * Running on http://127.0.0.1:5001
 * Running on http://192.168.8.171:5001
2026-01-11 11:49:06 - werkzeug - INFO - [33mPress CTRL+C to quit[0m
2026-01-11 11:49:06 - werkzeug - INFO -  * Restarting with stat
2026-01-11 11:49:06 - __main__ - INFO - Initializing Facial Recognition Attendance System...
2026-01-11 11:49:06 - __main__ - INFO - Initializing face detection...
2026-01-11 11:49:08 - core.face_detector - INFO - MTCNN detector initialized on cpu
2026-01-11 11:49:08 - core.face_detector - INFO - FaceDetector initialized with mtcnn backend
2026-01-11 11:49:08 - __main__ - INFO - Initializing face recognition...
2026-01-11 11:49:08 - core.face_recognizer - WARNING - InsightFace not available, falling back to FaceNet
2026-01-11 11:49:08 - core.face_recognizer - WARNING - arcface failed, falling back to facenet: ArcFace not available
2026-01-11 11:49:08 - core.face_recognizer - INFO - FaceNet recognizer initialized on cpu
2026-01-11 11:49:08 - core.face_recognizer - INFO - FaceRecognizer initialized with facenet backend
2026-01-11 11:49:08 - __main__ - INFO - Initializing face aligner...
2026-01-11 11:49:08 - core.face_aligner - INFO - FaceAligner initialized with target size (160, 160)
2026-01-11 11:49:08 - __main__ - INFO - Initializing face database...
2026-01-11 11:49:08 - database.face_database - INFO - FaceDatabase initialized with 0 faces
2026-01-11 11:49:08 - __main__ - INFO - Initializing attendance database...
2026-01-11 11:49:08 - database.attendance_db - INFO - AttendanceDB initialized: sqlite:////Users/tharusha_rashmika/Documents/projects/aleph/reserch/AI-Powered-Smart-School-Safety-and-Performance-Monitoring-System/Facial Recognition Attendance Systems/data/attendance.db
2026-01-11 11:49:08 - __main__ - INFO - Initializing attendance engine...
2026-01-11 11:49:08 - core.face_detector - INFO - MTCNN detector initialized on cpu
2026-01-11 11:49:08 - core.face_detector - INFO - FaceDetector initialized with mtcnn backend
2026-01-11 11:49:08 - core.face_recognizer - WARNING - InsightFace not available, falling back to FaceNet
2026-01-11 11:49:08 - core.face_recognizer - WARNING - arcface failed, falling back to facenet: ArcFace not available
2026-01-11 11:49:08 - core.face_recognizer - INFO - FaceNet recognizer initialized on cpu
2026-01-11 11:49:08 - core.face_recognizer - INFO - FaceRecognizer initialized with facenet backend
2026-01-11 11:49:08 - core.face_aligner - INFO - FaceAligner initialized with target size (160, 160)
2026-01-11 11:49:08 - core.attendance_engine - INFO - AttendanceEngine initialized
2026-01-11 11:49:08 - __main__ - INFO - Initializing registration service...
2026-01-11 11:49:08 - __main__ - INFO - Initializing face trainer...
2026-01-11 11:49:08 - training.face_trainer - INFO - FaceTrainer initialized
2026-01-11 11:49:08 - __main__ - INFO - Initializing attendance service...
2026-01-11 11:49:08 - __main__ - INFO - Initializing camera service...
2026-01-11 11:49:08 - __main__ - INFO - Loaded 0 registered faces
2026-01-11 11:49:08 - __main__ - INFO - API blueprints registered
2026-01-11 11:49:08 - __main__ - INFO - Application initialized successfully
2026-01-11 11:49:08 - werkzeug - WARNING -  * Debugger is active!
2026-01-11 11:49:09 - werkzeug - INFO -  * Debugger PIN: 277-274-484
2026-01-11 11:49:15 - werkzeug - INFO - 127.0.0.1 - - [11/Jan/2026 11:49:15] "GET / HTTP/1.1" 200 -
2026-01-11 11:49:19 - werkzeug - INFO - 127.0.0.1 - - [11/Jan/2026 11:49:19] "GET /api/health HTTP/1.1" 200 -
2026-01-11 11:50:53 - werkzeug - INFO -  * Detected change in '/Users/tharusha_rashmika/Documents/projects/aleph/reserch/AI-Powered-Smart-School-Safety-and-Performance-Monitoring-System/Facial Recognition Attendance Systems/config/settings.py', reloading
2026-01-11 11:50:54 - werkzeug - INFO -  * Restarting with stat
2026-01-11 11:50:54 - __main__ - INFO - Initializing Facial Recognition Attendance System...
2026-01-11 11:50:54 - __main__ - INFO - Initializing face detection...
2026-01-11 11:50:56 - core.face_detector - INFO - MTCNN detector initialized on cpu
2026-01-11 11:50:56 - core.face_detector - INFO - FaceDetector initialized with mtcnn backend
2026-01-11 11:50:56 - __main__ - INFO - Initializing face recognition...
2026-01-11 11:50:56 - core.face_recognizer - WARNING - InsightFace not available, falling back to FaceNet
2026-01-11 11:50:56 - core.face_recognizer - WARNING - arcface failed, falling back to facenet: ArcFace not available
2026-01-11 11:50:56 - core.face_recognizer - INFO - FaceNet recognizer initialized on cpu
2026-01-11 11:50:56 - core.face_recognizer - INFO - FaceRecognizer initialized with facenet backend
2026-01-11 11:50:56 - __main__ - INFO - Initializing face aligner...
2026-01-11 11:50:56 - core.face_aligner - INFO - FaceAligner initialized with target size (160, 160)
2026-01-11 11:50:56 - __main__ - INFO - Initializing face database...
2026-01-11 11:50:56 - database.face_database - INFO - FaceDatabase initialized with 0 faces
2026-01-11 11:50:56 - __main__ - INFO - Initializing attendance database...
2026-01-11 11:50:56 - database.attendance_db - INFO - AttendanceDB initialized: sqlite:////Users/tharusha_rashmika/Documents/projects/aleph/reserch/AI-Powered-Smart-School-Safety-and-Performance-Monitoring-System/Facial Recognition Attendance Systems/data/attendance.db
2026-01-11 11:50:56 - __main__ - INFO - Initializing attendance engine...
2026-01-11 11:50:56 - core.face_detector - INFO - MTCNN detector initialized on cpu
2026-01-11 11:50:56 - core.face_detector - INFO - FaceDetector initialized with mtcnn backend
2026-01-11 11:50:56 - core.face_recognizer - WARNING - InsightFace not available, falling back to FaceNet
2026-01-11 11:50:56 - core.face_recognizer - WARNING - arcface failed, falling back to facenet: ArcFace not available
2026-01-11 11:50:57 - core.face_recognizer - INFO - FaceNet recognizer initialized on cpu
2026-01-11 11:50:57 - core.face_recognizer - INFO - FaceRecognizer initialized with facenet backend
2026-01-11 11:50:57 - core.face_aligner - INFO - FaceAligner initialized with target size (160, 160)
2026-01-11 11:50:57 - core.attendance_engine - INFO - AttendanceEngine initialized
2026-01-11 11:50:57 - __main__ - INFO - Initializing registration service...
2026-01-11 11:50:57 - __main__ - INFO - Initializing face trainer...
2026-01-11 11:50:57 - training.face_trainer - INFO - FaceTrainer initialized
2026-01-11 11:50:57 - __main__ - INFO - Initializing attendance service...
2026-01-11 11:50:57 - __main__ - INFO - Initializing camera service...
2026-01-11 11:50:57 - __main__ - INFO - Loaded 0 registered faces
2026-01-11 11:50:57 - __main__ - INFO - API blueprints registered
2026-01-11 11:50:57 - __main__ - INFO - Application initialized successfully
2026-01-11 11:50:57 - werkzeug - WARNING -  * Debugger is active!
2026-01-11 11:50:57 - werkzeug - INFO -  * Debugger PIN: 277-274-484
2026-01-11 11:51:07 - __main__ - INFO - Initializing Facial Recognition Attendance System...
2026-01-11 11:51:07 - __main__ - INFO - Initializing face detection...
2026-01-11 11:51:09 - core.face_detector - INFO - MTCNN detector initialized on cpu
2026-01-11 11:51:09 - core.face_detector - INFO - FaceDetector initialized with mtcnn backend
2026-01-11 11:51:09 - __main__ - INFO - Initializing face recognition...
2026-01-11 11:51:09 - core.face_recognizer - WARNING - InsightFace not available, falling back to FaceNet
2026-01-11 11:51:09 - core.face_recognizer - WARNING - arcface failed, falling back to facenet: ArcFace not available
2026-01-11 11:51:09 - core.face_recognizer - INFO - FaceNet recognizer initialized on cpu
2026-01-11 11:51:09 - core.face_recognizer - INFO - FaceRecognizer initialized with facenet backend
2026-01-11 11:51:09 - __main__ - INFO - Initializing face aligner...
2026-01-11 11:51:09 - core.face_aligner - INFO - FaceAligner initialized with target size (160, 160)
2026-01-11 11:51:09 - __main__ - INFO - Initializing face database...
2026-01-11 11:51:09 - database.face_database - INFO - FaceDatabase initialized with 0 faces
2026-01-11 11:51:09 - __main__ - INFO - Initializing attendance database...
2026-01-11 11:51:09 - database.attendance_db - INFO - AttendanceDB initialized: sqlite:////Users/tharusha_rashmika/Documents/projects/aleph/reserch/AI-Powered-Smart-School-Safety-and-Performance-Monitoring-System/Facial Recognition Attendance Systems/data/attendance.db
2026-01-11 11:51:09 - __main__ - INFO - Initializing attendance engine...
2026-01-11 11:51:09 - core.face_detector - INFO - MTCNN detector initialized on cpu
2026-01-11 11:51:09 - core.face_detector - INFO - FaceDetector initialized with mtcnn backend
2026-01-11 11:51:09 - core.face_recognizer - WARNING - InsightFace not available, falling back to FaceNet
2026-01-11 11:51:09 - core.face_recognizer - WARNING - arcface failed, falling back to facenet: ArcFace not available
2026-01-11 11:51:09 - core.face_recognizer - INFO - FaceNet recognizer initialized on cpu
2026-01-11 11:51:09 - core.face_recognizer - INFO - FaceRecognizer initialized with facenet backend
2026-01-11 11:51:09 - core.face_aligner - INFO - FaceAligner initialized with target size (160, 160)
2026-01-11 11:51:09 - core.attendance_engine - INFO - AttendanceEngine initialized
2026-01-11 11:51:09 - __main__ - INFO - Initializing registration service...
2026-01-11 11:51:09 - __main__ - INFO - Initializing face trainer...
2026-01-11 11:51:09 - training.face_trainer - INFO - FaceTrainer initialized
2026-01-11 11:51:09 - __main__ - INFO - Initializing attendance service...
2026-01-11 11:51:09 - __main__ - INFO - Initializing camera service...
2026-01-11 11:51:09 - __main__ - INFO - Loaded 0 registered faces
2026-01-11 11:51:09 - __main__ - INFO - API blueprints registered
2026-01-11 11:51:09 - __main__ - INFO - Application initialized successfully
2026-01-11 11:51:09 - werkzeug - INFO - [31m[1mWARNING: This is a development server. Do not use it in a production deployment. Use a production WSGI server instead.[0m
 * Running on all addresses (0.0.0.0)
 * Running on http://127.0.0.1:5004
 * Running on http://192.168.8.171:5004
2026-01-11 11:51:09 - werkzeug - INFO - [33mPress CTRL+C to quit[0m
2026-01-11 11:51:09 - werkzeug - INFO -  * Restarting with stat
2026-01-11 11:51:10 - __main__ - INFO - Initializing Facial Recognition Attendance System...
2026-01-11 11:51:10 - __main__ - INFO - Initializing face detection...
2026-01-11 11:51:11 - core.face_detector - INFO - MTCNN detector initialized on cpu
2026-01-11 11:51:11 - core.face_detector - INFO - FaceDetector initialized with mtcnn backend
2026-01-11 11:51:11 - __main__ - INFO - Initializing face recognition...
2026-01-11 11:51:11 - core.face_recognizer - WARNING - InsightFace not available, falling back to FaceNet
2026-01-11 11:51:11 - core.face_recognizer - WARNING - arcface failed, falling back to facenet: ArcFace not available
2026-01-11 11:51:11 - core.face_recognizer - INFO - FaceNet recognizer initialized on cpu
2026-01-11 11:51:11 - core.face_recognizer - INFO - FaceRecognizer initialized with facenet backend
2026-01-11 11:51:11 - __main__ - INFO - Initializing face aligner...
2026-01-11 11:51:11 - core.face_aligner - INFO - FaceAligner initialized with target size (160, 160)
2026-01-11 11:51:11 - __main__ - INFO - Initializing face database...
2026-01-11 11:51:11 - database.face_database - INFO - FaceDatabase initialized with 0 faces
2026-01-11 11:51:11 - __main__ - INFO - Initializing attendance database...
2026-01-11 11:51:11 - database.attendance_db - INFO - AttendanceDB initialized: sqlite:////Users/tharusha_rashmika/Documents/projects/aleph/reserch/AI-Powered-Smart-School-Safety-and-Performance-Monitoring-System/Facial Recognition Attendance Systems/data/attendance.db
2026-01-11 11:51:11 - __main__ - INFO - Initializing attendance engine...
2026-01-11 11:51:11 - core.face_detector - INFO - MTCNN detector initialized on cpu
2026-01-11 11:51:11 - core.face_detector - INFO - FaceDetector initialized with mtcnn backend
2026-01-11 11:51:11 - core.face_recognizer - WARNING - InsightFace not available, falling back to FaceNet
2026-01-11 11:51:11 - core.face_recognizer - WARNING - arcface failed, falling back to facenet: ArcFace not available
2026-01-11 11:51:12 - core.face_recognizer - INFO - FaceNet recognizer initialized on cpu
2026-01-11 11:51:12 - core.face_recognizer - INFO - FaceRecognizer initialized with facenet backend
2026-01-11 11:51:12 - core.face_aligner - INFO - FaceAligner initialized with target size (160, 160)
2026-01-11 11:51:12 - core.attendance_engine - INFO - AttendanceEngine initialized
2026-01-11 11:51:12 - __main__ - INFO - Initializing registration service...
2026-01-11 11:51:12 - __main__ - INFO - Initializing face trainer...
2026-01-11 11:51:12 - training.face_trainer - INFO - FaceTrainer initialized
2026-01-11 11:51:12 - __main__ - INFO - Initializing attendance service...
2026-01-11 11:51:12 - __main__ - INFO - Initializing camera service...
2026-01-11 11:51:12 - __main__ - INFO - Loaded 0 registered faces
2026-01-11 11:51:12 - __main__ - INFO - API blueprints registered
2026-01-11 11:51:12 - __main__ - INFO - Application initialized successfully
2026-01-11 11:51:12 - werkzeug - WARNING -  * Debugger is active!
2026-01-11 11:51:12 - werkzeug - INFO -  * Debugger PIN: 277-274-484
2026-01-11 11:51:18 - werkzeug - INFO - 127.0.0.1 - - [11/Jan/2026 11:51:18] "GET / HTTP/1.1" 200 -
2026-01-11 11:51:25 - werkzeug - INFO - 127.0.0.1 - - [11/Jan/2026 11:51:25] "[31m[1mPOST /api/attendance/recognize_face HTTP/1.1[0m" 400 -
2026-01-11 11:54:37 - __main__ - INFO - Initializing Facial Recognition Attendance System...
2026-01-11 11:54:37 - __main__ - INFO - Initializing face detection...
2026-01-11 11:54:39 - core.face_detector - INFO - MTCNN detector initialized on cpu
2026-01-11 11:54:39 - core.face_detector - INFO - FaceDetector initialized with mtcnn backend
2026-01-11 11:54:39 - __main__ - INFO - Initializing face recognition...
2026-01-11 11:54:39 - core.face_recognizer - WARNING - InsightFace not available, falling back to FaceNet
2026-01-11 11:54:39 - core.face_recognizer - WARNING - arcface failed, falling back to facenet: ArcFace not available
2026-01-11 11:54:39 - core.face_recognizer - INFO - FaceNet recognizer initialized on cpu
2026-01-11 11:54:39 - core.face_recognizer - INFO - FaceRecognizer initialized with facenet backend
2026-01-11 11:54:39 - __main__ - INFO - Initializing face aligner...
2026-01-11 11:54:39 - core.face_aligner - INFO - FaceAligner initialized with target size (160, 160)
2026-01-11 11:54:39 - __main__ - INFO - Initializing face database...
2026-01-11 11:54:39 - database.face_database - INFO - FaceDatabase initialized with 0 faces
2026-01-11 11:54:39 - __main__ - INFO - Initializing attendance database...
2026-01-11 11:54:39 - database.attendance_db - INFO - AttendanceDB initialized: sqlite:////Users/tharusha_rashmika/Documents/projects/aleph/reserch/AI-Powered-Smart-School-Safety-and-Performance-Monitoring-System/Facial Recognition Attendance Systems/data/attendance.db
2026-01-11 11:54:39 - __main__ - INFO - Initializing attendance engine...
2026-01-11 11:54:39 - core.face_detector - INFO - MTCNN detector initialized on cpu
2026-01-11 11:54:39 - core.face_detector - INFO - FaceDetector initialized with mtcnn backend
2026-01-11 11:54:39 - core.face_recognizer - WARNING - InsightFace not available, falling back to FaceNet
2026-01-11 11:54:39 - core.face_recognizer - WARNING - arcface failed, falling back to facenet: ArcFace not available
2026-01-11 11:54:40 - core.face_recognizer - INFO - FaceNet recognizer initialized on cpu
2026-01-11 11:54:40 - core.face_recognizer - INFO - FaceRecognizer initialized with facenet backend
2026-01-11 11:54:40 - core.face_aligner - INFO - FaceAligner initialized with target size (160, 160)
2026-01-11 11:54:40 - core.attendance_engine - INFO - AttendanceEngine initialized
2026-01-11 11:54:40 - __main__ - INFO - Initializing registration service...
2026-01-11 11:54:40 - __main__ - INFO - Initializing face trainer...
2026-01-11 11:54:40 - training.face_trainer - INFO - FaceTrainer initialized
2026-01-11 11:54:40 - __main__ - INFO - Initializing attendance service...
2026-01-11 11:54:40 - __main__ - INFO - Initializing camera service...
2026-01-11 11:54:40 - __main__ - INFO - Loaded 0 registered faces
2026-01-11 11:54:40 - __main__ - INFO - API blueprints registered
2026-01-11 11:54:40 - __main__ - INFO - Application initialized successfully
2026-01-11 11:54:40 - werkzeug - INFO - [31m[1mWARNING: This is a development server. Do not use it in a production deployment. Use a production WSGI server instead.[0m
 * Running on all addresses (0.0.0.0)
 * Running on http://127.0.0.1:5004
 * Running on http://192.168.8.171:5004
2026-01-11 11:54:40 - werkzeug - INFO - [33mPress CTRL+C to quit[0m
2026-01-11 11:54:40 - werkzeug - INFO -  * Restarting with stat
2026-01-11 11:54:40 - __main__ - INFO - Initializing Facial Recognition Attendance System...
2026-01-11 11:54:40 - __main__ - INFO - Initializing face detection...
2026-01-11 11:54:41 - core.face_detector - INFO - MTCNN detector initialized on cpu
2026-01-11 11:54:41 - core.face_detector - INFO - FaceDetector initialized with mtcnn backend
2026-01-11 11:54:41 - __main__ - INFO - Initializing face recognition...
2026-01-11 11:54:41 - core.face_recognizer - WARNING - InsightFace not available, falling back to FaceNet
2026-01-11 11:54:41 - core.face_recognizer - WARNING - arcface failed, falling back to facenet: ArcFace not available
2026-01-11 11:54:42 - core.face_recognizer - INFO - FaceNet recognizer initialized on cpu
2026-01-11 11:54:42 - core.face_recognizer - INFO - FaceRecognizer initialized with facenet backend
2026-01-11 11:54:42 - __main__ - INFO - Initializing face aligner...
2026-01-11 11:54:42 - core.face_aligner - INFO - FaceAligner initialized with target size (160, 160)
2026-01-11 11:54:42 - __main__ - INFO - Initializing face database...
2026-01-11 11:54:42 - database.face_database - INFO - FaceDatabase initialized with 0 faces
2026-01-11 11:54:42 - __main__ - INFO - Initializing attendance database...
2026-01-11 11:54:42 - database.attendance_db - INFO - AttendanceDB initialized: sqlite:////Users/tharusha_rashmika/Documents/projects/aleph/reserch/AI-Powered-Smart-School-Safety-and-Performance-Monitoring-System/Facial Recognition Attendance Systems/data/attendance.db
2026-01-11 11:54:42 - __main__ - INFO - Initializing attendance engine...
2026-01-11 11:54:42 - core.face_detector - INFO - MTCNN detector initialized on cpu
2026-01-11 11:54:42 - core.face_detector - INFO - FaceDetector initialized with mtcnn backend
2026-01-11 11:54:42 - core.face_recognizer - WARNING - InsightFace not available, falling back to FaceNet
2026-01-11 11:54:42 - core.face_recognizer - WARNING - arcface failed, falling back to facenet: ArcFace not available
2026-01-11 11:54:42 - core.face_recognizer - INFO - FaceNet recognizer initialized on cpu
2026-01-11 11:54:42 - core.face_recognizer - INFO - FaceRecognizer initialized with facenet backend
2026-01-11 11:54:42 - core.face_aligner - INFO - FaceAligner initialized with target size (160, 160)
2026-01-11 11:54:42 - core.attendance_engine - INFO - AttendanceEngine initialized
2026-01-11 11:54:42 - __main__ - INFO - Initializing registration service...
2026-01-11 11:54:42 - __main__ - INFO - Initializing face trainer...
2026-01-11 11:54:42 - training.face_trainer - INFO - FaceTrainer initialized
2026-01-11 11:54:42 - __main__ - INFO - Initializing attendance service...
2026-01-11 11:54:42 - __main__ - INFO - Initializing camera service...
2026-01-11 11:54:42 - __main__ - INFO - Loaded 0 registered faces
2026-01-11 11:54:42 - __main__ - INFO - API blueprints registered
2026-01-11 11:54:42 - __main__ - INFO - Application initialized successfully
2026-01-11 11:54:42 - werkzeug - WARNING -  * Debugger is active!
2026-01-11 11:54:42 - werkzeug - INFO -  * Debugger PIN: 277-274-484
2026-01-11 11:54:44 - werkzeug - INFO - 127.0.0.1 - - [11/Jan/2026 11:54:44] "GET /api/health HTTP/1.1" 200 -
2026-01-11 12:01:07 - werkzeug - INFO -  * Detected change in '/Users/tharusha_rashmika/Documents/projects/aleph/reserch/AI-Powered-Smart-School-Safety-and-Performance-Monitoring-System/Facial Recognition Attendance Systems/app.py', reloading
2026-01-11 12:01:08 - werkzeug - INFO -  * Restarting with stat
2026-01-11 12:01:09 - __main__ - INFO - Initializing Facial Recognition Attendance System...
2026-01-11 12:01:09 - __main__ - INFO - Initializing face detection...
2026-01-11 12:01:10 - core.face_detector - INFO - MTCNN detector initialized on cpu
2026-01-11 12:01:10 - core.face_detector - INFO - FaceDetector initialized with mtcnn backend
2026-01-11 12:01:10 - __main__ - INFO - Initializing face recognition...
2026-01-11 12:01:10 - core.face_recognizer - WARNING - InsightFace not available, falling back to FaceNet
2026-01-11 12:01:10 - core.face_recognizer - WARNING - arcface failed, falling back to facenet: ArcFace not available
2026-01-11 12:01:11 - core.face_recognizer - INFO - FaceNet recognizer initialized on cpu
2026-01-11 12:01:11 - core.face_recognizer - INFO - FaceRecognizer initialized with facenet backend
2026-01-11 12:01:11 - __main__ - INFO - Initializing face aligner...
2026-01-11 12:01:11 - core.face_aligner - INFO - FaceAligner initialized with target size (160, 160)
2026-01-11 12:01:11 - __main__ - INFO - Initializing face database...
2026-01-11 12:01:11 - database.face_database - INFO - FaceDatabase initialized with 0 faces
2026-01-11 12:01:11 - __main__ - INFO - Initializing attendance database...
2026-01-11 12:01:11 - database.attendance_db - INFO - AttendanceDB initialized: sqlite:////Users/tharusha_rashmika/Documents/projects/aleph/reserch/AI-Powered-Smart-School-Safety-and-Performance-Monitoring-System/Facial Recognition Attendance Systems/data/attendance.db
2026-01-11 12:01:11 - __main__ - INFO - Initializing attendance engine...
2026-01-11 12:01:11 - core.face_detector - INFO - MTCNN detector initialized on cpu
2026-01-11 12:01:11 - core.face_detector - INFO - FaceDetector initialized with mtcnn backend
2026-01-11 12:01:11 - core.face_recognizer - WARNING - InsightFace not available, falling back to FaceNet
2026-01-11 12:01:11 - core.face_recognizer - WARNING - arcface failed, falling back to facenet: ArcFace not available
2026-01-11 12:01:11 - core.face_recognizer - INFO - FaceNet recognizer initialized on cpu
2026-01-11 12:01:11 - core.face_recognizer - INFO - FaceRecognizer initialized with facenet backend
2026-01-11 12:01:11 - core.face_aligner - INFO - FaceAligner initialized with target size (160, 160)
2026-01-11 12:01:11 - core.attendance_engine - INFO - AttendanceEngine initialized
2026-01-11 12:01:11 - __main__ - INFO - Initializing registration service...
2026-01-11 12:01:11 - __main__ - INFO - Initializing face trainer...
2026-01-11 12:01:11 - training.face_trainer - INFO - FaceTrainer initialized
2026-01-11 12:01:11 - __main__ - INFO - Initializing attendance service...
2026-01-11 12:01:11 - __main__ - INFO - Initializing camera service...
2026-01-11 12:01:11 - __main__ - INFO - Loaded 0 registered faces
2026-01-11 12:01:11 - __main__ - INFO - API blueprints registered
2026-01-11 12:01:11 - __main__ - INFO - Application initialized successfully
2026-01-11 12:01:11 - werkzeug - WARNING -  * Debugger is active!
2026-01-11 12:01:11 - werkzeug - INFO -  * Debugger PIN: 277-274-484
2026-01-11 12:05:38 - werkzeug - INFO -  * Detected change in '/Users/tharusha_rashmika/Documents/projects/aleph/reserch/AI-Powered-Smart-School-Safety-and-Performance-Monitoring-System/Facial Recognition Attendance Systems/app.py', reloading
2026-01-11 12:05:39 - werkzeug - INFO -  * Restarting with stat
2026-01-11 12:05:39 - __main__ - INFO - Initializing Facial Recognition Attendance System...
2026-01-11 12:05:39 - __main__ - INFO - Initializing face detection...
2026-01-11 12:05:41 - core.face_detector - INFO - MTCNN detector initialized on cpu
2026-01-11 12:05:41 - core.face_detector - INFO - FaceDetector initialized with mtcnn backend
2026-01-11 12:05:41 - __main__ - INFO - Initializing face recognition...
2026-01-11 12:05:41 - core.face_recognizer - WARNING - InsightFace not available, falling back to FaceNet
2026-01-11 12:05:41 - core.face_recognizer - WARNING - arcface failed, falling back to facenet: ArcFace not available
2026-01-11 12:05:41 - core.face_recognizer - INFO - FaceNet recognizer initialized on cpu
2026-01-11 12:05:41 - core.face_recognizer - INFO - FaceRecognizer initialized with facenet backend
2026-01-11 12:05:41 - __main__ - INFO - Initializing face aligner...
2026-01-11 12:05:41 - core.face_aligner - INFO - FaceAligner initialized with target size (160, 160)
2026-01-11 12:05:41 - __main__ - INFO - Initializing face database...
2026-01-11 12:05:42 - database.face_database - INFO - FaceDatabase initialized with 0 faces
2026-01-11 12:05:42 - __main__ - INFO - Initializing attendance database...
2026-01-11 12:05:42 - database.attendance_db - INFO - AttendanceDB initialized: sqlite:////Users/tharusha_rashmika/Documents/projects/aleph/reserch/AI-Powered-Smart-School-Safety-and-Performance-Monitoring-System/Facial Recognition Attendance Systems/data/attendance.db
2026-01-11 12:05:42 - __main__ - INFO - Initializing attendance engine...
2026-01-11 12:05:42 - core.face_detector - INFO - MTCNN detector initialized on cpu
2026-01-11 12:05:42 - core.face_detector - INFO - FaceDetector initialized with mtcnn backend
2026-01-11 12:05:42 - core.face_recognizer - WARNING - InsightFace not available, falling back to FaceNet
2026-01-11 12:05:42 - core.face_recognizer - WARNING - arcface failed, falling back to facenet: ArcFace not available
2026-01-11 12:05:42 - core.face_recognizer - INFO - FaceNet recognizer initialized on cpu
2026-01-11 12:05:42 - core.face_recognizer - INFO - FaceRecognizer initialized with facenet backend
2026-01-11 12:05:42 - core.face_aligner - INFO - FaceAligner initialized with target size (160, 160)
2026-01-11 12:05:42 - core.attendance_engine - INFO - AttendanceEngine initialized
2026-01-11 12:05:42 - __main__ - INFO - Initializing registration service...
2026-01-11 12:05:42 - __main__ - INFO - Initializing face trainer...
2026-01-11 12:05:42 - training.face_trainer - INFO - FaceTrainer initialized
2026-01-11 12:05:42 - __main__ - INFO - Initializing attendance service...
2026-01-11 12:05:42 - __main__ - INFO - Initializing camera service...
2026-01-11 12:05:42 - __main__ - INFO - Loaded 0 registered faces
2026-01-11 12:05:42 - __main__ - INFO - API blueprints registered
2026-01-11 12:05:42 - __main__ - INFO - Application initialized successfully
2026-01-11 12:05:42 - werkzeug - WARNING -  * Debugger is active!
2026-01-11 12:05:42 - werkzeug - INFO -  * Debugger PIN: 277-274-484
2026-01-11 12:05:56 - werkzeug - INFO -  * Detected change in '/Users/tharusha_rashmika/Documents/projects/aleph/reserch/AI-Powered-Smart-School-Safety-and-Performance-Monitoring-System/Facial Recognition Attendance Systems/app.py', reloading
2026-01-11 12:05:56 - werkzeug - INFO -  * Restarting with stat
2026-01-11 12:05:57 - __main__ - INFO - Initializing Facial Recognition Attendance System...
2026-01-11 12:05:57 - __main__ - INFO - Initializing face detection...
2026-01-11 12:05:58 - core.face_detector - INFO - MTCNN detector initialized on cpu
2026-01-11 12:05:58 - core.face_detector - INFO - FaceDetector initialized with mtcnn backend
2026-01-11 12:05:58 - __main__ - INFO - Initializing face recognition...
2026-01-11 12:05:58 - core.face_recognizer - WARNING - InsightFace not available, falling back to FaceNet
2026-01-11 12:05:58 - core.face_recognizer - WARNING - arcface failed, falling back to facenet: ArcFace not available
2026-01-11 12:05:58 - core.face_recognizer - INFO - FaceNet recognizer initialized on cpu
2026-01-11 12:05:58 - core.face_recognizer - INFO - FaceRecognizer initialized with facenet backend
2026-01-11 12:05:58 - __main__ - INFO - Initializing face aligner...
2026-01-11 12:05:58 - core.face_aligner - INFO - FaceAligner initialized with target size (160, 160)
2026-01-11 12:05:58 - __main__ - INFO - Initializing face database...
2026-01-11 12:05:58 - database.face_database - INFO - FaceDatabase initialized with 0 faces
2026-01-11 12:05:58 - __main__ - INFO - Initializing attendance database...
2026-01-11 12:05:58 - database.attendance_db - INFO - AttendanceDB initialized: sqlite:////Users/tharusha_rashmika/Documents/projects/aleph/reserch/AI-Powered-Smart-School-Safety-and-Performance-Monitoring-System/Facial Recognition Attendance Systems/data/attendance.db
2026-01-11 12:05:58 - __main__ - INFO - Initializing attendance engine...
2026-01-11 12:05:58 - core.face_detector - INFO - MTCNN detector initialized on cpu
2026-01-11 12:05:58 - core.face_detector - INFO - FaceDetector initialized with mtcnn backend
2026-01-11 12:05:58 - core.face_recognizer - WARNING - InsightFace not available, falling back to FaceNet
2026-01-11 12:05:58 - core.face_recognizer - WARNING - arcface failed, falling back to facenet: ArcFace not available
2026-01-11 12:05:59 - core.face_recognizer - INFO - FaceNet recognizer initialized on cpu
2026-01-11 12:05:59 - core.face_recognizer - INFO - FaceRecognizer initialized with facenet backend
2026-01-11 12:05:59 - core.face_aligner - INFO - FaceAligner initialized with target size (160, 160)
2026-01-11 12:05:59 - core.attendance_engine - INFO - AttendanceEngine initialized
2026-01-11 12:05:59 - __main__ - INFO - Initializing registration service...
2026-01-11 12:05:59 - __main__ - INFO - Initializing face trainer...
2026-01-11 12:05:59 - training.face_trainer - INFO - FaceTrainer initialized
2026-01-11 12:05:59 - __main__ - INFO - Initializing attendance service...
2026-01-11 12:05:59 - __main__ - INFO - Initializing camera service...
2026-01-11 12:05:59 - __main__ - INFO - Loaded 0 registered faces
2026-01-11 12:05:59 - __main__ - INFO - API blueprints registered
2026-01-11 12:05:59 - __main__ - INFO - Application initialized successfully
2026-01-11 12:05:59 - werkzeug - WARNING -  * Debugger is active!
2026-01-11 12:05:59 - werkzeug - INFO -  * Debugger PIN: 277-274-484
2026-01-11 12:06:09 - werkzeug - INFO -  * Detected change in '/Users/tharusha_rashmika/Documents/projects/aleph/reserch/AI-Powered-Smart-School-Safety-and-Performance-Monitoring-System/Facial Recognition Attendance Systems/app.py', reloading
2026-01-11 12:06:10 - werkzeug - INFO -  * Restarting with stat
2026-01-11 12:06:10 - __main__ - INFO - Initializing Facial Recognition Attendance System...
2026-01-11 12:06:10 - __main__ - INFO - Initializing face detection...
2026-01-11 12:06:12 - core.face_detector - INFO - MTCNN detector initialized on cpu
2026-01-11 12:06:12 - core.face_detector - INFO - FaceDetector initialized with mtcnn backend
2026-01-11 12:06:12 - __main__ - INFO - Initializing face recognition...
2026-01-11 12:06:12 - core.face_recognizer - WARNING - InsightFace not available, falling back to FaceNet
2026-01-11 12:06:12 - core.face_recognizer - WARNING - arcface failed, falling back to facenet: ArcFace not available
2026-01-11 12:06:12 - core.face_recognizer - INFO - FaceNet recognizer initialized on cpu
2026-01-11 12:06:12 - core.face_recognizer - INFO - FaceRecognizer initialized with facenet backend
2026-01-11 12:06:12 - __main__ - INFO - Initializing face aligner...
2026-01-11 12:06:12 - core.face_aligner - INFO - FaceAligner initialized with target size (160, 160)
2026-01-11 12:06:12 - __main__ - INFO - Initializing face database...
2026-01-11 12:06:12 - database.face_database - INFO - FaceDatabase initialized with 0 faces
2026-01-11 12:06:12 - __main__ - INFO - Initializing attendance database...
2026-01-11 12:06:12 - database.attendance_db - INFO - AttendanceDB initialized: sqlite:////Users/tharusha_rashmika/Documents/projects/aleph/reserch/AI-Powered-Smart-School-Safety-and-Performance-Monitoring-System/Facial Recognition Attendance Systems/data/attendance.db
2026-01-11 12:06:12 - __main__ - INFO - Initializing attendance engine...
2026-01-11 12:06:12 - core.face_detector - INFO - MTCNN detector initialized on cpu
2026-01-11 12:06:12 - core.face_detector - INFO - FaceDetector initialized with mtcnn backend
2026-01-11 12:06:12 - core.face_recognizer - WARNING - InsightFace not available, falling back to FaceNet
2026-01-11 12:06:12 - core.face_recognizer - WARNING - arcface failed, falling back to facenet: ArcFace not available
2026-01-11 12:06:12 - core.face_recognizer - INFO - FaceNet recognizer initialized on cpu
2026-01-11 12:06:12 - core.face_recognizer - INFO - FaceRecognizer initialized with facenet backend
2026-01-11 12:06:12 - core.face_aligner - INFO - FaceAligner initialized with target size (160, 160)
2026-01-11 12:06:12 - core.attendance_engine - INFO - AttendanceEngine initialized
2026-01-11 12:06:12 - __main__ - INFO - Initializing registration service...
2026-01-11 12:06:12 - __main__ - INFO - Initializing face trainer...
2026-01-11 12:06:12 - training.face_trainer - INFO - FaceTrainer initialized
2026-01-11 12:06:12 - __main__ - INFO - Initializing attendance service...
2026-01-11 12:06:12 - __main__ - INFO - Initializing camera service...
2026-01-11 12:06:12 - __main__ - INFO - Loaded 0 registered faces
2026-01-11 12:06:12 - __main__ - INFO - API blueprints registered
2026-01-11 12:06:12 - __main__ - INFO - Application initialized successfully
2026-01-11 12:06:12 - werkzeug - WARNING -  * Debugger is active!
2026-01-11 12:06:12 - werkzeug - INFO -  * Debugger PIN: 277-274-484
2026-01-11 12:08:22 - __main__ - INFO - Initializing Facial Recognition Attendance System...
2026-01-11 12:08:22 - __main__ - INFO - Initializing face detection...
2026-01-11 12:08:24 - core.face_detector - INFO - MTCNN detector initialized on cpu
2026-01-11 12:08:24 - core.face_detector - INFO - FaceDetector initialized with mtcnn backend
2026-01-11 12:08:24 - __main__ - INFO - Initializing face recognition...
2026-01-11 12:08:24 - core.face_recognizer - WARNING - InsightFace not available, falling back to FaceNet
2026-01-11 12:08:24 - core.face_recognizer - WARNING - arcface failed, falling back to facenet: ArcFace not available
2026-01-11 12:08:24 - core.face_recognizer - INFO - FaceNet recognizer initialized on cpu
2026-01-11 12:08:24 - core.face_recognizer - INFO - FaceRecognizer initialized with facenet backend
2026-01-11 12:08:24 - __main__ - INFO - Initializing face aligner...
2026-01-11 12:08:24 - core.face_aligner - INFO - FaceAligner initialized with target size (160, 160)
2026-01-11 12:08:24 - __main__ - INFO - Initializing face database...
2026-01-11 12:08:24 - database.face_database - INFO - FaceDatabase initialized with 0 faces
2026-01-11 12:08:24 - __main__ - INFO - Initializing attendance database...
2026-01-11 12:08:24 - database.attendance_db - INFO - AttendanceDB initialized: sqlite:////Users/tharusha_rashmika/Documents/projects/aleph/reserch/AI-Powered-Smart-School-Safety-and-Performance-Monitoring-System/Facial Recognition Attendance Systems/data/attendance.db
2026-01-11 12:08:24 - __main__ - INFO - Initializing attendance engine...
2026-01-11 12:08:24 - core.face_detector - INFO - MTCNN detector initialized on cpu
2026-01-11 12:08:24 - core.face_detector - INFO - FaceDetector initialized with mtcnn backend
2026-01-11 12:08:24 - core.face_recognizer - WARNING - InsightFace not available, falling back to FaceNet
2026-01-11 12:08:24 - core.face_recognizer - WARNING - arcface failed, falling back to facenet: ArcFace not available
2026-01-11 12:08:24 - core.face_recognizer - INFO - FaceNet recognizer initialized on cpu
2026-01-11 12:08:24 - core.face_recognizer - INFO - FaceRecognizer initialized with facenet backend
2026-01-11 12:08:24 - core.face_aligner - INFO - FaceAligner initialized with target size (160, 160)
2026-01-11 12:08:24 - core.attendance_engine - INFO - AttendanceEngine initialized
2026-01-11 12:08:24 - __main__ - INFO - Initializing registration service...
2026-01-11 12:08:24 - __main__ - INFO - Initializing face trainer...
2026-01-11 12:08:24 - training.face_trainer - INFO - FaceTrainer initialized
2026-01-11 12:08:24 - __main__ - INFO - Initializing attendance service...
2026-01-11 12:08:24 - __main__ - INFO - Initializing camera service...
2026-01-11 12:08:24 - __main__ - INFO - Loaded 0 registered faces
2026-01-11 12:08:25 - __main__ - INFO - API blueprints registered
2026-01-11 12:08:25 - __main__ - INFO - Application initialized successfully
2026-01-11 12:09:28 - werkzeug - INFO - 127.0.0.1 - - [11/Jan/2026 12:09:28] "OPTIONS /api/students/register HTTP/1.1" 200 -
2026-01-11 12:09:28 - __main__ - INFO - Starting face registration for student: stu-00000078 (tharusha Senanayake) with 25 images
2026-01-11 12:09:28 - database.attendance_db - INFO - Added student: DASH_stu-00000078
2026-01-11 12:09:28 - services.registration_service - INFO - Started capture session: DASH_stu-00000078_1768113568 for tharusha Senanayake
2026-01-11 12:09:29 - __main__ - INFO - Captured 25 faces, 0 failed for student stu-00000078
2026-01-11 12:09:29 - __main__ - INFO - Training face model for student stu-00000078...
2026-01-11 12:09:29 - training.face_trainer - INFO - Training student DASH_stu-00000078 with 25 images
2026-01-11 12:09:38 - training.embedding_generator - INFO - Filtered 10 outliers (115 remaining)
2026-01-11 12:09:38 - database.face_database - INFO - Saved 1 embeddings to disk
2026-01-11 12:09:38 - database.face_database - INFO - Added student: DASH_stu-00000078 (DASH_stu-00000078)
2026-01-11 12:09:38 - training.face_trainer - INFO - Trained student DASH_stu-00000078: 25 images, quality=0.81
2026-01-11 12:09:38 - __main__ - ERROR - Face registration error for student stu-00000078: 'RegistrationService' object has no attribute 'complete_session'
Traceback (most recent call last):
  File "/Users/tharusha_rashmika/Documents/projects/aleph/reserch/AI-Powered-Smart-School-Safety-and-Performance-Monitoring-System/Facial Recognition Attendance Systems/app.py", line 605, in api_students_register
    app.registration_service.complete_session(session_id)
    ^^^^^^^^^^^^^^^^^^^^^^^^^^^^^^^^^^^^^^^^^
AttributeError: 'RegistrationService' object has no attribute 'complete_session'
2026-01-11 12:09:38 - werkzeug - INFO - 127.0.0.1 - - [11/Jan/2026 12:09:38] "[35m[1mPOST /api/students/register HTTP/1.1[0m" 500 -
2026-01-11 12:10:37 - werkzeug - INFO -  * Detected change in '/Users/tharusha_rashmika/Documents/projects/aleph/reserch/AI-Powered-Smart-School-Safety-and-Performance-Monitoring-System/Facial Recognition Attendance Systems/app.py', reloading
2026-01-11 12:10:37 - werkzeug - INFO -  * Restarting with stat
2026-01-11 12:10:38 - __main__ - INFO - Initializing Facial Recognition Attendance System...
2026-01-11 12:10:38 - __main__ - INFO - Initializing face detection...
2026-01-11 12:10:40 - core.face_detector - INFO - MTCNN detector initialized on cpu
2026-01-11 12:10:40 - core.face_detector - INFO - FaceDetector initialized with mtcnn backend
2026-01-11 12:10:40 - __main__ - INFO - Initializing face recognition...
2026-01-11 12:10:40 - core.face_recognizer - WARNING - InsightFace not available, falling back to FaceNet
2026-01-11 12:10:40 - core.face_recognizer - WARNING - arcface failed, falling back to facenet: ArcFace not available
2026-01-11 12:10:40 - core.face_recognizer - INFO - FaceNet recognizer initialized on cpu
2026-01-11 12:10:40 - core.face_recognizer - INFO - FaceRecognizer initialized with facenet backend
2026-01-11 12:10:40 - __main__ - INFO - Initializing face aligner...
2026-01-11 12:10:40 - core.face_aligner - INFO - FaceAligner initialized with target size (160, 160)
2026-01-11 12:10:40 - __main__ - INFO - Initializing face database...
2026-01-11 12:10:40 - database.face_database - INFO - Loaded 1 embeddings from disk
2026-01-11 12:10:40 - database.face_database - INFO - FaceDatabase initialized with 1 faces
2026-01-11 12:10:40 - __main__ - INFO - Initializing attendance database...
2026-01-11 12:10:40 - database.attendance_db - INFO - AttendanceDB initialized: sqlite:////Users/tharusha_rashmika/Documents/projects/aleph/reserch/AI-Powered-Smart-School-Safety-and-Performance-Monitoring-System/Facial Recognition Attendance Systems/data/attendance.db
2026-01-11 12:10:40 - __main__ - INFO - Initializing attendance engine...
2026-01-11 12:10:40 - core.face_detector - INFO - MTCNN detector initialized on cpu
2026-01-11 12:10:40 - core.face_detector - INFO - FaceDetector initialized with mtcnn backend
2026-01-11 12:10:40 - core.face_recognizer - WARNING - InsightFace not available, falling back to FaceNet
2026-01-11 12:10:40 - core.face_recognizer - WARNING - arcface failed, falling back to facenet: ArcFace not available
2026-01-11 12:10:40 - core.face_recognizer - INFO - FaceNet recognizer initialized on cpu
2026-01-11 12:10:40 - core.face_recognizer - INFO - FaceRecognizer initialized with facenet backend
2026-01-11 12:10:40 - core.face_aligner - INFO - FaceAligner initialized with target size (160, 160)
2026-01-11 12:10:40 - core.attendance_engine - INFO - AttendanceEngine initialized
2026-01-11 12:10:40 - core.attendance_engine - INFO - Loaded 1 faces for matching
2026-01-11 12:10:40 - __main__ - INFO - Initializing registration service...
2026-01-11 12:10:40 - __main__ - INFO - Initializing face trainer...
2026-01-11 12:10:40 - training.face_trainer - INFO - FaceTrainer initialized
2026-01-11 12:10:40 - __main__ - INFO - Initializing attendance service...
2026-01-11 12:10:40 - __main__ - INFO - Initializing camera service...
2026-01-11 12:10:40 - __main__ - INFO - Loaded 1 registered faces
2026-01-11 12:10:40 - __main__ - INFO - API blueprints registered
2026-01-11 12:10:40 - __main__ - INFO - Application initialized successfully
2026-01-11 12:10:40 - werkzeug - WARNING -  * Debugger is active!
2026-01-11 12:10:40 - werkzeug - INFO -  * Debugger PIN: 277-274-484
2026-01-11 12:11:52 - __main__ - INFO - Initializing Facial Recognition Attendance System...
2026-01-11 12:11:52 - __main__ - INFO - Initializing face detection...
2026-01-11 12:11:53 - core.face_detector - INFO - MTCNN detector initialized on cpu
2026-01-11 12:11:53 - core.face_detector - INFO - FaceDetector initialized with mtcnn backend
2026-01-11 12:11:53 - __main__ - INFO - Initializing face recognition...
2026-01-11 12:11:53 - core.face_recognizer - WARNING - InsightFace not available, falling back to FaceNet
2026-01-11 12:11:53 - core.face_recognizer - WARNING - arcface failed, falling back to facenet: ArcFace not available
2026-01-11 12:11:53 - core.face_recognizer - INFO - FaceNet recognizer initialized on cpu
2026-01-11 12:11:53 - core.face_recognizer - INFO - FaceRecognizer initialized with facenet backend
2026-01-11 12:11:53 - __main__ - INFO - Initializing face aligner...
2026-01-11 12:11:53 - core.face_aligner - INFO - FaceAligner initialized with target size (160, 160)
2026-01-11 12:11:53 - __main__ - INFO - Initializing face database...
2026-01-11 12:11:53 - database.face_database - INFO - Loaded 1 embeddings from disk
2026-01-11 12:11:53 - database.face_database - INFO - FaceDatabase initialized with 1 faces
2026-01-11 12:11:53 - __main__ - INFO - Initializing attendance database...
2026-01-11 12:11:53 - database.attendance_db - INFO - AttendanceDB initialized: sqlite:////Users/tharusha_rashmika/Documents/projects/aleph/reserch/AI-Powered-Smart-School-Safety-and-Performance-Monitoring-System/Facial Recognition Attendance Systems/data/attendance.db
2026-01-11 12:11:53 - __main__ - INFO - Initializing attendance engine...
2026-01-11 12:11:53 - core.face_detector - INFO - MTCNN detector initialized on cpu
2026-01-11 12:11:53 - core.face_detector - INFO - FaceDetector initialized with mtcnn backend
2026-01-11 12:11:53 - core.face_recognizer - WARNING - InsightFace not available, falling back to FaceNet
2026-01-11 12:11:53 - core.face_recognizer - WARNING - arcface failed, falling back to facenet: ArcFace not available
2026-01-11 12:11:54 - core.face_recognizer - INFO - FaceNet recognizer initialized on cpu
2026-01-11 12:11:54 - core.face_recognizer - INFO - FaceRecognizer initialized with facenet backend
2026-01-11 12:11:54 - core.face_aligner - INFO - FaceAligner initialized with target size (160, 160)
2026-01-11 12:11:54 - core.attendance_engine - INFO - AttendanceEngine initialized
2026-01-11 12:11:54 - core.attendance_engine - INFO - Loaded 1 faces for matching
2026-01-11 12:11:54 - __main__ - INFO - Initializing registration service...
2026-01-11 12:11:54 - __main__ - INFO - Initializing face trainer...
2026-01-11 12:11:54 - training.face_trainer - INFO - FaceTrainer initialized
2026-01-11 12:11:54 - __main__ - INFO - Initializing attendance service...
2026-01-11 12:11:54 - __main__ - INFO - Initializing camera service...
2026-01-11 12:11:54 - __main__ - INFO - Loaded 1 registered faces
2026-01-11 12:11:54 - __main__ - INFO - API blueprints registered
2026-01-11 12:11:54 - __main__ - INFO - Application initialized successfully
2026-01-11 12:13:07 - __main__ - INFO - Initializing Facial Recognition Attendance System...
2026-01-11 12:13:07 - __main__ - INFO - Initializing face detection...
2026-01-11 12:13:08 - core.face_detector - INFO - MTCNN detector initialized on cpu
2026-01-11 12:13:08 - core.face_detector - INFO - FaceDetector initialized with mtcnn backend
2026-01-11 12:13:08 - __main__ - INFO - Initializing face recognition...
2026-01-11 12:13:08 - core.face_recognizer - WARNING - InsightFace not available, falling back to FaceNet
2026-01-11 12:13:08 - core.face_recognizer - WARNING - arcface failed, falling back to facenet: ArcFace not available
2026-01-11 12:13:08 - core.face_recognizer - INFO - FaceNet recognizer initialized on cpu
2026-01-11 12:13:08 - core.face_recognizer - INFO - FaceRecognizer initialized with facenet backend
2026-01-11 12:13:08 - __main__ - INFO - Initializing face aligner...
2026-01-11 12:13:08 - core.face_aligner - INFO - FaceAligner initialized with target size (160, 160)
2026-01-11 12:13:08 - __main__ - INFO - Initializing face database...
2026-01-11 12:13:08 - database.face_database - INFO - Loaded 1 embeddings from disk
2026-01-11 12:13:08 - database.face_database - INFO - FaceDatabase initialized with 1 faces
2026-01-11 12:13:08 - __main__ - INFO - Initializing attendance database...
2026-01-11 12:13:08 - database.attendance_db - INFO - AttendanceDB initialized: sqlite:////Users/tharusha_rashmika/Documents/projects/aleph/reserch/AI-Powered-Smart-School-Safety-and-Performance-Monitoring-System/Facial Recognition Attendance Systems/data/attendance.db
2026-01-11 12:13:08 - __main__ - INFO - Initializing attendance engine...
2026-01-11 12:13:08 - core.face_detector - INFO - MTCNN detector initialized on cpu
2026-01-11 12:13:08 - core.face_detector - INFO - FaceDetector initialized with mtcnn backend
2026-01-11 12:13:08 - core.face_recognizer - WARNING - InsightFace not available, falling back to FaceNet
2026-01-11 12:13:08 - core.face_recognizer - WARNING - arcface failed, falling back to facenet: ArcFace not available
2026-01-11 12:13:09 - core.face_recognizer - INFO - FaceNet recognizer initialized on cpu
2026-01-11 12:13:09 - core.face_recognizer - INFO - FaceRecognizer initialized with facenet backend
2026-01-11 12:13:09 - core.face_aligner - INFO - FaceAligner initialized with target size (160, 160)
2026-01-11 12:13:09 - core.attendance_engine - INFO - AttendanceEngine initialized
2026-01-11 12:13:09 - core.attendance_engine - INFO - Loaded 1 faces for matching
2026-01-11 12:13:09 - __main__ - INFO - Initializing registration service...
2026-01-11 12:13:09 - __main__ - INFO - Initializing face trainer...
2026-01-11 12:13:09 - training.face_trainer - INFO - FaceTrainer initialized
2026-01-11 12:13:09 - __main__ - INFO - Initializing attendance service...
2026-01-11 12:13:09 - __main__ - INFO - Initializing camera service...
2026-01-11 12:13:09 - __main__ - INFO - Loaded 1 registered faces
2026-01-11 12:13:09 - __main__ - INFO - API blueprints registered
2026-01-11 12:13:09 - __main__ - INFO - Application initialized successfully
2026-01-11 12:13:09 - werkzeug - INFO - [31m[1mWARNING: This is a development server. Do not use it in a production deployment. Use a production WSGI server instead.[0m
 * Running on all addresses (0.0.0.0)
 * Running on http://127.0.0.1:5004
 * Running on http://192.168.8.171:5004
2026-01-11 12:13:09 - werkzeug - INFO - [33mPress CTRL+C to quit[0m
2026-01-11 12:13:09 - werkzeug - INFO -  * Restarting with stat
2026-01-11 12:13:09 - __main__ - INFO - Initializing Facial Recognition Attendance System...
2026-01-11 12:13:09 - __main__ - INFO - Initializing face detection...
2026-01-11 12:13:10 - core.face_detector - INFO - MTCNN detector initialized on cpu
2026-01-11 12:13:10 - core.face_detector - INFO - FaceDetector initialized with mtcnn backend
2026-01-11 12:13:10 - __main__ - INFO - Initializing face recognition...
2026-01-11 12:13:10 - core.face_recognizer - WARNING - InsightFace not available, falling back to FaceNet
2026-01-11 12:13:10 - core.face_recognizer - WARNING - arcface failed, falling back to facenet: ArcFace not available
2026-01-11 12:13:11 - core.face_recognizer - INFO - FaceNet recognizer initialized on cpu
2026-01-11 12:13:11 - core.face_recognizer - INFO - FaceRecognizer initialized with facenet backend
2026-01-11 12:13:11 - __main__ - INFO - Initializing face aligner...
2026-01-11 12:13:11 - core.face_aligner - INFO - FaceAligner initialized with target size (160, 160)
2026-01-11 12:13:11 - __main__ - INFO - Initializing face database...
2026-01-11 12:13:11 - database.face_database - INFO - Loaded 1 embeddings from disk
2026-01-11 12:13:11 - database.face_database - INFO - FaceDatabase initialized with 1 faces
2026-01-11 12:13:11 - __main__ - INFO - Initializing attendance database...
2026-01-11 12:13:11 - database.attendance_db - INFO - AttendanceDB initialized: sqlite:////Users/tharusha_rashmika/Documents/projects/aleph/reserch/AI-Powered-Smart-School-Safety-and-Performance-Monitoring-System/Facial Recognition Attendance Systems/data/attendance.db
2026-01-11 12:13:11 - __main__ - INFO - Initializing attendance engine...
2026-01-11 12:13:11 - core.face_detector - INFO - MTCNN detector initialized on cpu
2026-01-11 12:13:11 - core.face_detector - INFO - FaceDetector initialized with mtcnn backend
2026-01-11 12:13:11 - core.face_recognizer - WARNING - InsightFace not available, falling back to FaceNet
2026-01-11 12:13:11 - core.face_recognizer - WARNING - arcface failed, falling back to facenet: ArcFace not available
2026-01-11 12:13:11 - core.face_recognizer - INFO - FaceNet recognizer initialized on cpu
2026-01-11 12:13:11 - core.face_recognizer - INFO - FaceRecognizer initialized with facenet backend
2026-01-11 12:13:11 - core.face_aligner - INFO - FaceAligner initialized with target size (160, 160)
2026-01-11 12:13:11 - core.attendance_engine - INFO - AttendanceEngine initialized
2026-01-11 12:13:11 - core.attendance_engine - INFO - Loaded 1 faces for matching
2026-01-11 12:13:11 - __main__ - INFO - Initializing registration service...
2026-01-11 12:13:11 - __main__ - INFO - Initializing face trainer...
2026-01-11 12:13:11 - training.face_trainer - INFO - FaceTrainer initialized
2026-01-11 12:13:11 - __main__ - INFO - Initializing attendance service...
2026-01-11 12:13:11 - __main__ - INFO - Initializing camera service...
2026-01-11 12:13:11 - __main__ - INFO - Loaded 1 registered faces
2026-01-11 12:13:11 - __main__ - INFO - API blueprints registered
2026-01-11 12:13:11 - __main__ - INFO - Application initialized successfully
2026-01-11 12:13:11 - werkzeug - WARNING -  * Debugger is active!
2026-01-11 12:13:11 - werkzeug - INFO -  * Debugger PIN: 277-274-484
2026-01-11 12:14:12 - werkzeug - INFO - 127.0.0.1 - - [11/Jan/2026 12:14:12] "OPTIONS /api/students/register HTTP/1.1" 200 -
2026-01-11 12:14:12 - __main__ - INFO - Starting face registration for student: stu-00000078 (tharusha Senanayake) with 25 images
2026-01-11 12:14:12 - services.registration_service - INFO - Started capture session: DASH_stu-00000078_1768113852 for tharusha Senanayake
2026-01-11 12:14:12 - __main__ - INFO - Captured 25 faces, 0 failed for student stu-00000078
2026-01-11 12:14:12 - __main__ - INFO - Training face model for student stu-00000078...
2026-01-11 12:14:12 - training.face_trainer - INFO - Training student DASH_stu-00000078 with 25 images
2026-01-11 12:14:20 - training.embedding_generator - INFO - Filtered 6 outliers (119 remaining)
2026-01-11 12:14:20 - database.face_database - INFO - Saved 1 embeddings to disk
2026-01-11 12:14:20 - database.face_database - INFO - Added student: DASH_stu-00000078 (DASH_stu-00000078)
2026-01-11 12:14:20 - training.face_trainer - INFO - Trained student DASH_stu-00000078: 25 images, quality=0.79
2026-01-11 12:14:20 - services.registration_service - INFO - Registration completed for DASH_stu-00000078: 25 images
2026-01-11 12:14:20 - core.attendance_engine - INFO - Loaded 1 faces for matching
2026-01-11 12:14:20 - __main__ - INFO - ✓ Student stu-00000078 registered and trained successfully with 25 faces
2026-01-11 12:14:20 - werkzeug - INFO - 127.0.0.1 - - [11/Jan/2026 12:14:20] "POST /api/students/register HTTP/1.1" 200 -
2026-01-11 12:15:00 - __main__ - ERROR - Face recognition error: 'AttendanceEngine' object has no attribute 'recognize_faces'
2026-01-11 12:15:00 - werkzeug - INFO - 127.0.0.1 - - [11/Jan/2026 12:15:00] "[35m[1mPOST /recognize_face HTTP/1.1[0m" 500 -
2026-01-11 12:15:02 - __main__ - ERROR - Face recognition error: 'AttendanceEngine' object has no attribute 'recognize_faces'
2026-01-11 12:15:02 - werkzeug - INFO - 127.0.0.1 - - [11/Jan/2026 12:15:02] "[35m[1mPOST /recognize_face HTTP/1.1[0m" 500 -
2026-01-11 12:15:05 - __main__ - ERROR - Face recognition error: 'AttendanceEngine' object has no attribute 'recognize_faces'
2026-01-11 12:15:05 - werkzeug - INFO - 127.0.0.1 - - [11/Jan/2026 12:15:05] "[35m[1mPOST /recognize_face HTTP/1.1[0m" 500 -
2026-01-11 12:15:08 - __main__ - ERROR - Face recognition error: 'AttendanceEngine' object has no attribute 'recognize_faces'
2026-01-11 12:15:08 - werkzeug - INFO - 127.0.0.1 - - [11/Jan/2026 12:15:08] "[35m[1mPOST /recognize_face HTTP/1.1[0m" 500 -
2026-01-11 12:15:11 - __main__ - ERROR - Face recognition error: 'AttendanceEngine' object has no attribute 'recognize_faces'
2026-01-11 12:15:11 - werkzeug - INFO - 127.0.0.1 - - [11/Jan/2026 12:15:11] "[35m[1mPOST /recognize_face HTTP/1.1[0m" 500 -
2026-01-11 12:15:14 - __main__ - ERROR - Face recognition error: 'AttendanceEngine' object has no attribute 'recognize_faces'
2026-01-11 12:15:14 - werkzeug - INFO - 127.0.0.1 - - [11/Jan/2026 12:15:14] "[35m[1mPOST /recognize_face HTTP/1.1[0m" 500 -
2026-01-11 12:15:17 - __main__ - ERROR - Face recognition error: 'AttendanceEngine' object has no attribute 'recognize_faces'
2026-01-11 12:15:17 - werkzeug - INFO - 127.0.0.1 - - [11/Jan/2026 12:15:17] "[35m[1mPOST /recognize_face HTTP/1.1[0m" 500 -
2026-01-11 12:15:20 - __main__ - ERROR - Face recognition error: 'AttendanceEngine' object has no attribute 'recognize_faces'
2026-01-11 12:15:20 - werkzeug - INFO - 127.0.0.1 - - [11/Jan/2026 12:15:20] "[35m[1mPOST /recognize_face HTTP/1.1[0m" 500 -
2026-01-11 12:15:23 - __main__ - ERROR - Face recognition error: 'AttendanceEngine' object has no attribute 'recognize_faces'
2026-01-11 12:15:23 - werkzeug - INFO - 127.0.0.1 - - [11/Jan/2026 12:15:23] "[35m[1mPOST /recognize_face HTTP/1.1[0m" 500 -
2026-01-11 12:15:26 - __main__ - ERROR - Face recognition error: 'AttendanceEngine' object has no attribute 'recognize_faces'
2026-01-11 12:15:26 - werkzeug - INFO - 127.0.0.1 - - [11/Jan/2026 12:15:26] "[35m[1mPOST /recognize_face HTTP/1.1[0m" 500 -
2026-01-11 12:17:21 - werkzeug - INFO -  * Detected change in '/Users/tharusha_rashmika/Documents/projects/aleph/reserch/AI-Powered-Smart-School-Safety-and-Performance-Monitoring-System/Facial Recognition Attendance Systems/app.py', reloading
2026-01-11 12:17:22 - werkzeug - INFO -  * Restarting with stat
2026-01-11 12:18:33 - __main__ - INFO - Initializing Facial Recognition Attendance System...
2026-01-11 12:18:33 - __main__ - INFO - Initializing face detection...
2026-01-11 12:18:35 - core.face_detector - INFO - MTCNN detector initialized on cpu
2026-01-11 12:18:35 - core.face_detector - INFO - FaceDetector initialized with mtcnn backend
2026-01-11 12:18:35 - __main__ - INFO - Initializing face recognition...
2026-01-11 12:18:35 - core.face_recognizer - WARNING - InsightFace not available, falling back to FaceNet
2026-01-11 12:18:35 - core.face_recognizer - WARNING - arcface failed, falling back to facenet: ArcFace not available
2026-01-11 12:18:35 - core.face_recognizer - INFO - FaceNet recognizer initialized on cpu
2026-01-11 12:18:35 - core.face_recognizer - INFO - FaceRecognizer initialized with facenet backend
2026-01-11 12:18:35 - __main__ - INFO - Initializing face aligner...
2026-01-11 12:18:35 - core.face_aligner - INFO - FaceAligner initialized with target size (160, 160)
2026-01-11 12:18:35 - __main__ - INFO - Initializing face database...
2026-01-11 12:18:36 - database.face_database - INFO - Loaded 1 embeddings from disk
2026-01-11 12:18:36 - database.face_database - INFO - FaceDatabase initialized with 1 faces
2026-01-11 12:18:36 - __main__ - INFO - Initializing attendance database...
2026-01-11 12:18:36 - database.attendance_db - INFO - AttendanceDB initialized: sqlite:////Users/tharusha_rashmika/Documents/projects/aleph/reserch/AI-Powered-Smart-School-Safety-and-Performance-Monitoring-System/Facial Recognition Attendance Systems/data/attendance.db
2026-01-11 12:18:36 - __main__ - INFO - Initializing attendance engine...
2026-01-11 12:18:36 - core.face_detector - INFO - MTCNN detector initialized on cpu
2026-01-11 12:18:36 - core.face_detector - INFO - FaceDetector initialized with mtcnn backend
2026-01-11 12:18:36 - core.face_recognizer - WARNING - InsightFace not available, falling back to FaceNet
2026-01-11 12:18:36 - core.face_recognizer - WARNING - arcface failed, falling back to facenet: ArcFace not available
2026-01-11 12:18:36 - core.face_recognizer - INFO - FaceNet recognizer initialized on cpu
2026-01-11 12:18:36 - core.face_recognizer - INFO - FaceRecognizer initialized with facenet backend
2026-01-11 12:18:36 - core.face_aligner - INFO - FaceAligner initialized with target size (160, 160)
2026-01-11 12:18:36 - core.attendance_engine - INFO - AttendanceEngine initialized
2026-01-11 12:18:36 - core.attendance_engine - INFO - Loaded 1 faces for matching
2026-01-11 12:18:36 - __main__ - INFO - Initializing registration service...
2026-01-11 12:18:36 - __main__ - INFO - Initializing face trainer...
2026-01-11 12:18:36 - training.face_trainer - INFO - FaceTrainer initialized
2026-01-11 12:18:36 - __main__ - INFO - Initializing attendance service...
2026-01-11 12:18:36 - __main__ - INFO - Initializing camera service...
2026-01-11 12:18:36 - __main__ - INFO - Loaded 1 registered faces
2026-01-11 12:18:36 - __main__ - INFO - API blueprints registered
2026-01-11 12:18:36 - __main__ - INFO - Application initialized successfully
2026-01-11 12:18:36 - werkzeug - INFO - [31m[1mWARNING: This is a development server. Do not use it in a production deployment. Use a production WSGI server instead.[0m
 * Running on all addresses (0.0.0.0)
 * Running on http://127.0.0.1:5004
 * Running on http://192.168.8.171:5004
2026-01-11 12:18:36 - werkzeug - INFO - [33mPress CTRL+C to quit[0m
2026-01-11 12:18:36 - werkzeug - INFO -  * Restarting with stat
2026-01-11 12:18:36 - __main__ - INFO - Initializing Facial Recognition Attendance System...
2026-01-11 12:18:36 - __main__ - INFO - Initializing face detection...
2026-01-11 12:18:37 - core.face_detector - INFO - MTCNN detector initialized on cpu
2026-01-11 12:18:37 - core.face_detector - INFO - FaceDetector initialized with mtcnn backend
2026-01-11 12:18:37 - __main__ - INFO - Initializing face recognition...
2026-01-11 12:18:37 - core.face_recognizer - WARNING - InsightFace not available, falling back to FaceNet
2026-01-11 12:18:37 - core.face_recognizer - WARNING - arcface failed, falling back to facenet: ArcFace not available
2026-01-11 12:18:38 - core.face_recognizer - INFO - FaceNet recognizer initialized on cpu
2026-01-11 12:18:38 - core.face_recognizer - INFO - FaceRecognizer initialized with facenet backend
2026-01-11 12:18:38 - __main__ - INFO - Initializing face aligner...
2026-01-11 12:18:38 - core.face_aligner - INFO - FaceAligner initialized with target size (160, 160)
2026-01-11 12:18:38 - __main__ - INFO - Initializing face database...
2026-01-11 12:18:38 - database.face_database - INFO - Loaded 1 embeddings from disk
2026-01-11 12:18:38 - database.face_database - INFO - FaceDatabase initialized with 1 faces
2026-01-11 12:18:38 - __main__ - INFO - Initializing attendance database...
2026-01-11 12:18:38 - database.attendance_db - INFO - AttendanceDB initialized: sqlite:////Users/tharusha_rashmika/Documents/projects/aleph/reserch/AI-Powered-Smart-School-Safety-and-Performance-Monitoring-System/Facial Recognition Attendance Systems/data/attendance.db
2026-01-11 12:18:38 - __main__ - INFO - Initializing attendance engine...
2026-01-11 12:18:38 - core.face_detector - INFO - MTCNN detector initialized on cpu
2026-01-11 12:18:38 - core.face_detector - INFO - FaceDetector initialized with mtcnn backend
2026-01-11 12:18:38 - core.face_recognizer - WARNING - InsightFace not available, falling back to FaceNet
2026-01-11 12:18:38 - core.face_recognizer - WARNING - arcface failed, falling back to facenet: ArcFace not available
2026-01-11 12:18:38 - core.face_recognizer - INFO - FaceNet recognizer initialized on cpu
2026-01-11 12:18:38 - core.face_recognizer - INFO - FaceRecognizer initialized with facenet backend
2026-01-11 12:18:38 - core.face_aligner - INFO - FaceAligner initialized with target size (160, 160)
2026-01-11 12:18:38 - core.attendance_engine - INFO - AttendanceEngine initialized
2026-01-11 12:18:38 - core.attendance_engine - INFO - Loaded 1 faces for matching
2026-01-11 12:18:38 - __main__ - INFO - Initializing registration service...
2026-01-11 12:18:38 - __main__ - INFO - Initializing face trainer...
2026-01-11 12:18:38 - training.face_trainer - INFO - FaceTrainer initialized
2026-01-11 12:18:38 - __main__ - INFO - Initializing attendance service...
2026-01-11 12:18:38 - __main__ - INFO - Initializing camera service...
2026-01-11 12:18:38 - __main__ - INFO - Loaded 1 registered faces
2026-01-11 12:18:38 - __main__ - INFO - API blueprints registered
2026-01-11 12:18:38 - __main__ - INFO - Application initialized successfully
2026-01-11 12:18:38 - werkzeug - WARNING -  * Debugger is active!
2026-01-11 12:18:38 - werkzeug - INFO -  * Debugger PIN: 277-274-484
2026-01-11 12:19:29 - __main__ - WARNING - Could not get dashboard ID: 'FaceDatabase' object has no attribute 'get_student'
2026-01-11 12:19:29 - __main__ - INFO - Face recognized: DASH_stu-00000078 (ID: DASH_stu-00000078, Dashboard: DASH_stu-00000078, Confidence: 0.89)
2026-01-11 12:19:29 - werkzeug - INFO - 127.0.0.1 - - [11/Jan/2026 12:19:29] "POST /recognize_face HTTP/1.1" 200 -
2026-01-11 12:19:42 - werkzeug - INFO - 127.0.0.1 - - [11/Jan/2026 12:19:42] "POST /recognize_face HTTP/1.1" 200 -
2026-01-11 12:19:45 - werkzeug - INFO - 127.0.0.1 - - [11/Jan/2026 12:19:45] "POST /recognize_face HTTP/1.1" 200 -
2026-01-11 12:19:48 - werkzeug - INFO - 127.0.0.1 - - [11/Jan/2026 12:19:48] "POST /recognize_face HTTP/1.1" 200 -
2026-01-11 12:19:52 - __main__ - WARNING - Could not get dashboard ID: 'FaceDatabase' object has no attribute 'get_student'
2026-01-11 12:19:52 - __main__ - INFO - Face recognized: DASH_stu-00000078 (ID: DASH_stu-00000078, Dashboard: DASH_stu-00000078, Confidence: 0.80)
2026-01-11 12:19:52 - werkzeug - INFO - 127.0.0.1 - - [11/Jan/2026 12:19:52] "POST /recognize_face HTTP/1.1" 200 -
2026-01-11 12:19:54 - __main__ - WARNING - Could not get dashboard ID: 'FaceDatabase' object has no attribute 'get_student'
2026-01-11 12:19:54 - __main__ - INFO - Face recognized: DASH_stu-00000078 (ID: DASH_stu-00000078, Dashboard: DASH_stu-00000078, Confidence: 0.79)
2026-01-11 12:19:54 - werkzeug - INFO - 127.0.0.1 - - [11/Jan/2026 12:19:54] "POST /recognize_face HTTP/1.1" 200 -
2026-01-11 12:19:57 - __main__ - WARNING - Could not get dashboard ID: 'FaceDatabase' object has no attribute 'get_student'
2026-01-11 12:19:57 - __main__ - INFO - Face recognized: DASH_stu-00000078 (ID: DASH_stu-00000078, Dashboard: DASH_stu-00000078, Confidence: 0.78)
2026-01-11 12:19:57 - werkzeug - INFO - 127.0.0.1 - - [11/Jan/2026 12:19:57] "POST /recognize_face HTTP/1.1" 200 -
2026-01-11 12:20:00 - __main__ - WARNING - Could not get dashboard ID: 'FaceDatabase' object has no attribute 'get_student'
2026-01-11 12:20:00 - __main__ - INFO - Face recognized: DASH_stu-00000078 (ID: DASH_stu-00000078, Dashboard: DASH_stu-00000078, Confidence: 0.62)
2026-01-11 12:20:00 - werkzeug - INFO - 127.0.0.1 - - [11/Jan/2026 12:20:00] "POST /recognize_face HTTP/1.1" 200 -
2026-01-11 12:20:03 - __main__ - WARNING - Could not get dashboard ID: 'FaceDatabase' object has no attribute 'get_student'
2026-01-11 12:20:03 - __main__ - INFO - Face recognized: DASH_stu-00000078 (ID: DASH_stu-00000078, Dashboard: DASH_stu-00000078, Confidence: 0.94)
2026-01-11 12:20:03 - werkzeug - INFO - 127.0.0.1 - - [11/Jan/2026 12:20:03] "POST /recognize_face HTTP/1.1" 200 -
2026-01-11 12:20:06 - werkzeug - INFO - 127.0.0.1 - - [11/Jan/2026 12:20:06] "POST /recognize_face HTTP/1.1" 200 -
2026-01-11 12:20:09 - __main__ - WARNING - Could not get dashboard ID: 'FaceDatabase' object has no attribute 'get_student'
2026-01-11 12:20:09 - __main__ - INFO - Face recognized: DASH_stu-00000078 (ID: DASH_stu-00000078, Dashboard: DASH_stu-00000078, Confidence: 0.88)
2026-01-11 12:20:09 - werkzeug - INFO - 127.0.0.1 - - [11/Jan/2026 12:20:09] "POST /recognize_face HTTP/1.1" 200 -
2026-01-11 12:20:12 - __main__ - WARNING - Could not get dashboard ID: 'FaceDatabase' object has no attribute 'get_student'
2026-01-11 12:20:12 - __main__ - INFO - Face recognized: DASH_stu-00000078 (ID: DASH_stu-00000078, Dashboard: DASH_stu-00000078, Confidence: 0.82)
2026-01-11 12:20:12 - werkzeug - INFO - 127.0.0.1 - - [11/Jan/2026 12:20:12] "POST /recognize_face HTTP/1.1" 200 -
2026-01-11 12:20:15 - werkzeug - INFO - 127.0.0.1 - - [11/Jan/2026 12:20:15] "POST /recognize_face HTTP/1.1" 200 -
2026-01-11 12:20:18 - werkzeug - INFO - 127.0.0.1 - - [11/Jan/2026 12:20:18] "POST /recognize_face HTTP/1.1" 200 -
2026-01-11 12:20:21 - werkzeug - INFO - 127.0.0.1 - - [11/Jan/2026 12:20:21] "POST /recognize_face HTTP/1.1" 200 -
2026-01-11 12:20:24 - __main__ - WARNING - Could not get dashboard ID: 'FaceDatabase' object has no attribute 'get_student'
2026-01-11 12:20:24 - __main__ - INFO - Face recognized: DASH_stu-00000078 (ID: DASH_stu-00000078, Dashboard: DASH_stu-00000078, Confidence: 0.89)
2026-01-11 12:20:24 - werkzeug - INFO - 127.0.0.1 - - [11/Jan/2026 12:20:24] "POST /recognize_face HTTP/1.1" 200 -
2026-01-11 12:20:27 - __main__ - WARNING - Could not get dashboard ID: 'FaceDatabase' object has no attribute 'get_student'
2026-01-11 12:20:27 - __main__ - INFO - Face recognized: DASH_stu-00000078 (ID: DASH_stu-00000078, Dashboard: DASH_stu-00000078, Confidence: 0.77)
2026-01-11 12:20:27 - werkzeug - INFO - 127.0.0.1 - - [11/Jan/2026 12:20:27] "POST /recognize_face HTTP/1.1" 200 -
2026-01-11 12:20:30 - __main__ - WARNING - Could not get dashboard ID: 'FaceDatabase' object has no attribute 'get_student'
2026-01-11 12:20:30 - __main__ - INFO - Face recognized: DASH_stu-00000078 (ID: DASH_stu-00000078, Dashboard: DASH_stu-00000078, Confidence: 0.91)
2026-01-11 12:20:30 - werkzeug - INFO - 127.0.0.1 - - [11/Jan/2026 12:20:30] "POST /recognize_face HTTP/1.1" 200 -
2026-01-11 12:20:33 - __main__ - WARNING - Could not get dashboard ID: 'FaceDatabase' object has no attribute 'get_student'
2026-01-11 12:20:33 - __main__ - INFO - Face recognized: DASH_stu-00000078 (ID: DASH_stu-00000078, Dashboard: DASH_stu-00000078, Confidence: 0.90)
2026-01-11 12:20:33 - werkzeug - INFO - 127.0.0.1 - - [11/Jan/2026 12:20:33] "POST /recognize_face HTTP/1.1" 200 -
2026-01-11 12:20:36 - __main__ - WARNING - Could not get dashboard ID: 'FaceDatabase' object has no attribute 'get_student'
2026-01-11 12:20:36 - __main__ - INFO - Face recognized: DASH_stu-00000078 (ID: DASH_stu-00000078, Dashboard: DASH_stu-00000078, Confidence: 0.86)
2026-01-11 12:20:36 - werkzeug - INFO - 127.0.0.1 - - [11/Jan/2026 12:20:36] "POST /recognize_face HTTP/1.1" 200 -
2026-01-11 12:20:39 - __main__ - WARNING - Could not get dashboard ID: 'FaceDatabase' object has no attribute 'get_student'
2026-01-11 12:20:39 - __main__ - INFO - Face recognized: DASH_stu-00000078 (ID: DASH_stu-00000078, Dashboard: DASH_stu-00000078, Confidence: 0.83)
2026-01-11 12:20:39 - werkzeug - INFO - 127.0.0.1 - - [11/Jan/2026 12:20:39] "POST /recognize_face HTTP/1.1" 200 -
2026-01-11 12:20:42 - __main__ - WARNING - Could not get dashboard ID: 'FaceDatabase' object has no attribute 'get_student'
2026-01-11 12:20:42 - __main__ - INFO - Face recognized: DASH_stu-00000078 (ID: DASH_stu-00000078, Dashboard: DASH_stu-00000078, Confidence: 0.82)
2026-01-11 12:20:42 - werkzeug - INFO - 127.0.0.1 - - [11/Jan/2026 12:20:42] "POST /recognize_face HTTP/1.1" 200 -
2026-01-11 12:20:45 - __main__ - WARNING - Could not get dashboard ID: 'FaceDatabase' object has no attribute 'get_student'
2026-01-11 12:20:45 - __main__ - INFO - Face recognized: DASH_stu-00000078 (ID: DASH_stu-00000078, Dashboard: DASH_stu-00000078, Confidence: 0.85)
2026-01-11 12:20:45 - werkzeug - INFO - 127.0.0.1 - - [11/Jan/2026 12:20:45] "POST /recognize_face HTTP/1.1" 200 -
2026-01-11 12:20:48 - __main__ - WARNING - Could not get dashboard ID: 'FaceDatabase' object has no attribute 'get_student'
2026-01-11 12:20:48 - __main__ - INFO - Face recognized: DASH_stu-00000078 (ID: DASH_stu-00000078, Dashboard: DASH_stu-00000078, Confidence: 0.81)
2026-01-11 12:20:48 - werkzeug - INFO - 127.0.0.1 - - [11/Jan/2026 12:20:48] "POST /recognize_face HTTP/1.1" 200 -
2026-01-11 12:20:51 - __main__ - WARNING - Could not get dashboard ID: 'FaceDatabase' object has no attribute 'get_student'
2026-01-11 12:20:51 - __main__ - INFO - Face recognized: DASH_stu-00000078 (ID: DASH_stu-00000078, Dashboard: DASH_stu-00000078, Confidence: 0.83)
2026-01-11 12:20:51 - werkzeug - INFO - 127.0.0.1 - - [11/Jan/2026 12:20:51] "POST /recognize_face HTTP/1.1" 200 -
2026-01-11 12:20:54 - __main__ - WARNING - Could not get dashboard ID: 'FaceDatabase' object has no attribute 'get_student'
2026-01-11 12:20:54 - __main__ - INFO - Face recognized: DASH_stu-00000078 (ID: DASH_stu-00000078, Dashboard: DASH_stu-00000078, Confidence: 0.85)
2026-01-11 12:20:54 - werkzeug - INFO - 127.0.0.1 - - [11/Jan/2026 12:20:54] "POST /recognize_face HTTP/1.1" 200 -
2026-01-11 12:20:57 - __main__ - WARNING - Could not get dashboard ID: 'FaceDatabase' object has no attribute 'get_student'
2026-01-11 12:20:57 - __main__ - INFO - Face recognized: DASH_stu-00000078 (ID: DASH_stu-00000078, Dashboard: DASH_stu-00000078, Confidence: 0.88)
2026-01-11 12:20:57 - werkzeug - INFO - 127.0.0.1 - - [11/Jan/2026 12:20:57] "POST /recognize_face HTTP/1.1" 200 -
2026-01-11 12:21:00 - __main__ - WARNING - Could not get dashboard ID: 'FaceDatabase' object has no attribute 'get_student'
2026-01-11 12:21:00 - __main__ - INFO - Face recognized: DASH_stu-00000078 (ID: DASH_stu-00000078, Dashboard: DASH_stu-00000078, Confidence: 0.86)
2026-01-11 12:21:00 - werkzeug - INFO - 127.0.0.1 - - [11/Jan/2026 12:21:00] "POST /recognize_face HTTP/1.1" 200 -
2026-01-11 12:21:03 - __main__ - WARNING - Could not get dashboard ID: 'FaceDatabase' object has no attribute 'get_student'
2026-01-11 12:21:03 - __main__ - INFO - Face recognized: DASH_stu-00000078 (ID: DASH_stu-00000078, Dashboard: DASH_stu-00000078, Confidence: 0.84)
2026-01-11 12:21:03 - werkzeug - INFO - 127.0.0.1 - - [11/Jan/2026 12:21:03] "POST /recognize_face HTTP/1.1" 200 -
2026-01-11 12:21:06 - __main__ - WARNING - Could not get dashboard ID: 'FaceDatabase' object has no attribute 'get_student'
2026-01-11 12:21:06 - __main__ - INFO - Face recognized: DASH_stu-00000078 (ID: DASH_stu-00000078, Dashboard: DASH_stu-00000078, Confidence: 0.83)
2026-01-11 12:21:06 - werkzeug - INFO - 127.0.0.1 - - [11/Jan/2026 12:21:06] "POST /recognize_face HTTP/1.1" 200 -
2026-01-11 12:21:09 - __main__ - WARNING - Could not get dashboard ID: 'FaceDatabase' object has no attribute 'get_student'
2026-01-11 12:21:09 - __main__ - INFO - Face recognized: DASH_stu-00000078 (ID: DASH_stu-00000078, Dashboard: DASH_stu-00000078, Confidence: 0.82)
2026-01-11 12:21:09 - werkzeug - INFO - 127.0.0.1 - - [11/Jan/2026 12:21:09] "POST /recognize_face HTTP/1.1" 200 -
2026-01-11 12:21:12 - __main__ - WARNING - Could not get dashboard ID: 'FaceDatabase' object has no attribute 'get_student'
2026-01-11 12:21:12 - __main__ - INFO - Face recognized: DASH_stu-00000078 (ID: DASH_stu-00000078, Dashboard: DASH_stu-00000078, Confidence: 0.85)
2026-01-11 12:21:12 - werkzeug - INFO - 127.0.0.1 - - [11/Jan/2026 12:21:12] "POST /recognize_face HTTP/1.1" 200 -
2026-01-11 12:21:15 - __main__ - WARNING - Could not get dashboard ID: 'FaceDatabase' object has no attribute 'get_student'
2026-01-11 12:21:15 - __main__ - INFO - Face recognized: DASH_stu-00000078 (ID: DASH_stu-00000078, Dashboard: DASH_stu-00000078, Confidence: 0.85)
2026-01-11 12:21:15 - werkzeug - INFO - 127.0.0.1 - - [11/Jan/2026 12:21:15] "POST /recognize_face HTTP/1.1" 200 -
2026-01-11 12:21:18 - werkzeug - INFO - 127.0.0.1 - - [11/Jan/2026 12:21:18] "POST /recognize_face HTTP/1.1" 200 -
2026-01-11 12:21:21 - werkzeug - INFO - 127.0.0.1 - - [11/Jan/2026 12:21:21] "POST /recognize_face HTTP/1.1" 200 -
2026-01-11 12:21:24 - werkzeug - INFO - 127.0.0.1 - - [11/Jan/2026 12:21:24] "POST /recognize_face HTTP/1.1" 200 -
2026-01-11 12:21:27 - werkzeug - INFO - 127.0.0.1 - - [11/Jan/2026 12:21:27] "POST /recognize_face HTTP/1.1" 200 -
2026-01-11 12:21:30 - werkzeug - INFO - 127.0.0.1 - - [11/Jan/2026 12:21:30] "POST /recognize_face HTTP/1.1" 200 -
2026-01-11 12:21:33 - werkzeug - INFO - 127.0.0.1 - - [11/Jan/2026 12:21:33] "POST /recognize_face HTTP/1.1" 200 -
2026-01-11 12:21:36 - werkzeug - INFO - 127.0.0.1 - - [11/Jan/2026 12:21:36] "POST /recognize_face HTTP/1.1" 200 -
2026-01-11 12:21:39 - werkzeug - INFO - 127.0.0.1 - - [11/Jan/2026 12:21:39] "POST /recognize_face HTTP/1.1" 200 -
2026-01-11 12:21:42 - werkzeug - INFO - 127.0.0.1 - - [11/Jan/2026 12:21:42] "POST /recognize_face HTTP/1.1" 200 -
2026-01-11 12:21:45 - __main__ - WARNING - Could not get dashboard ID: 'FaceDatabase' object has no attribute 'get_student'
2026-01-11 12:21:45 - __main__ - INFO - Face recognized: DASH_stu-00000078 (ID: DASH_stu-00000078, Dashboard: DASH_stu-00000078, Confidence: 0.85)
2026-01-11 12:21:45 - werkzeug - INFO - 127.0.0.1 - - [11/Jan/2026 12:21:45] "POST /recognize_face HTTP/1.1" 200 -
2026-01-11 12:21:48 - __main__ - WARNING - Could not get dashboard ID: 'FaceDatabase' object has no attribute 'get_student'
2026-01-11 12:21:48 - __main__ - INFO - Face recognized: DASH_stu-00000078 (ID: DASH_stu-00000078, Dashboard: DASH_stu-00000078, Confidence: 0.84)
2026-01-11 12:21:48 - werkzeug - INFO - 127.0.0.1 - - [11/Jan/2026 12:21:48] "POST /recognize_face HTTP/1.1" 200 -
2026-01-11 12:21:51 - __main__ - WARNING - Could not get dashboard ID: 'FaceDatabase' object has no attribute 'get_student'
2026-01-11 12:21:51 - __main__ - INFO - Face recognized: DASH_stu-00000078 (ID: DASH_stu-00000078, Dashboard: DASH_stu-00000078, Confidence: 0.79)
2026-01-11 12:21:51 - werkzeug - INFO - 127.0.0.1 - - [11/Jan/2026 12:21:51] "POST /recognize_face HTTP/1.1" 200 -
2026-01-11 12:21:54 - __main__ - WARNING - Could not get dashboard ID: 'FaceDatabase' object has no attribute 'get_student'
2026-01-11 12:21:54 - __main__ - INFO - Face recognized: DASH_stu-00000078 (ID: DASH_stu-00000078, Dashboard: DASH_stu-00000078, Confidence: 0.82)
2026-01-11 12:21:54 - werkzeug - INFO - 127.0.0.1 - - [11/Jan/2026 12:21:54] "POST /recognize_face HTTP/1.1" 200 -
2026-01-11 12:21:57 - __main__ - WARNING - Could not get dashboard ID: 'FaceDatabase' object has no attribute 'get_student'
2026-01-11 12:21:57 - __main__ - INFO - Face recognized: DASH_stu-00000078 (ID: DASH_stu-00000078, Dashboard: DASH_stu-00000078, Confidence: 0.82)
2026-01-11 12:21:57 - werkzeug - INFO - 127.0.0.1 - - [11/Jan/2026 12:21:57] "POST /recognize_face HTTP/1.1" 200 -
2026-01-11 12:22:00 - __main__ - WARNING - Could not get dashboard ID: 'FaceDatabase' object has no attribute 'get_student'
2026-01-11 12:22:00 - __main__ - INFO - Face recognized: DASH_stu-00000078 (ID: DASH_stu-00000078, Dashboard: DASH_stu-00000078, Confidence: 0.84)
2026-01-11 12:22:00 - werkzeug - INFO - 127.0.0.1 - - [11/Jan/2026 12:22:00] "POST /recognize_face HTTP/1.1" 200 -
2026-01-11 12:22:03 - __main__ - WARNING - Could not get dashboard ID: 'FaceDatabase' object has no attribute 'get_student'
2026-01-11 12:22:03 - __main__ - INFO - Face recognized: DASH_stu-00000078 (ID: DASH_stu-00000078, Dashboard: DASH_stu-00000078, Confidence: 0.87)
2026-01-11 12:22:03 - werkzeug - INFO - 127.0.0.1 - - [11/Jan/2026 12:22:03] "POST /recognize_face HTTP/1.1" 200 -
2026-01-11 12:22:06 - __main__ - WARNING - Could not get dashboard ID: 'FaceDatabase' object has no attribute 'get_student'
2026-01-11 12:22:06 - __main__ - INFO - Face recognized: DASH_stu-00000078 (ID: DASH_stu-00000078, Dashboard: DASH_stu-00000078, Confidence: 0.85)
2026-01-11 12:22:06 - werkzeug - INFO - 127.0.0.1 - - [11/Jan/2026 12:22:06] "POST /recognize_face HTTP/1.1" 200 -
2026-01-11 12:22:09 - __main__ - WARNING - Could not get dashboard ID: 'FaceDatabase' object has no attribute 'get_student'
2026-01-11 12:22:09 - __main__ - INFO - Face recognized: DASH_stu-00000078 (ID: DASH_stu-00000078, Dashboard: DASH_stu-00000078, Confidence: 0.81)
2026-01-11 12:22:09 - werkzeug - INFO - 127.0.0.1 - - [11/Jan/2026 12:22:09] "POST /recognize_face HTTP/1.1" 200 -
2026-01-11 12:22:12 - __main__ - WARNING - Could not get dashboard ID: 'FaceDatabase' object has no attribute 'get_student'
2026-01-11 12:22:12 - __main__ - INFO - Face recognized: DASH_stu-00000078 (ID: DASH_stu-00000078, Dashboard: DASH_stu-00000078, Confidence: 0.83)
2026-01-11 12:22:12 - werkzeug - INFO - 127.0.0.1 - - [11/Jan/2026 12:22:12] "POST /recognize_face HTTP/1.1" 200 -
2026-01-11 12:22:15 - __main__ - WARNING - Could not get dashboard ID: 'FaceDatabase' object has no attribute 'get_student'
2026-01-11 12:22:15 - __main__ - INFO - Face recognized: DASH_stu-00000078 (ID: DASH_stu-00000078, Dashboard: DASH_stu-00000078, Confidence: 0.78)
2026-01-11 12:22:15 - werkzeug - INFO - 127.0.0.1 - - [11/Jan/2026 12:22:15] "POST /recognize_face HTTP/1.1" 200 -
2026-01-11 12:22:18 - __main__ - WARNING - Could not get dashboard ID: 'FaceDatabase' object has no attribute 'get_student'
2026-01-11 12:22:18 - __main__ - INFO - Face recognized: DASH_stu-00000078 (ID: DASH_stu-00000078, Dashboard: DASH_stu-00000078, Confidence: 0.85)
2026-01-11 12:22:18 - werkzeug - INFO - 127.0.0.1 - - [11/Jan/2026 12:22:18] "POST /recognize_face HTTP/1.1" 200 -
2026-01-11 12:22:21 - __main__ - WARNING - Could not get dashboard ID: 'FaceDatabase' object has no attribute 'get_student'
2026-01-11 12:22:21 - __main__ - INFO - Face recognized: DASH_stu-00000078 (ID: DASH_stu-00000078, Dashboard: DASH_stu-00000078, Confidence: 0.84)
2026-01-11 12:22:21 - werkzeug - INFO - 127.0.0.1 - - [11/Jan/2026 12:22:21] "POST /recognize_face HTTP/1.1" 200 -
2026-01-11 12:22:24 - __main__ - WARNING - Could not get dashboard ID: 'FaceDatabase' object has no attribute 'get_student'
2026-01-11 12:22:24 - __main__ - INFO - Face recognized: DASH_stu-00000078 (ID: DASH_stu-00000078, Dashboard: DASH_stu-00000078, Confidence: 0.86)
2026-01-11 12:22:24 - werkzeug - INFO - 127.0.0.1 - - [11/Jan/2026 12:22:24] "POST /recognize_face HTTP/1.1" 200 -
2026-01-11 12:22:27 - __main__ - WARNING - Could not get dashboard ID: 'FaceDatabase' object has no attribute 'get_student'
2026-01-11 12:22:27 - __main__ - INFO - Face recognized: DASH_stu-00000078 (ID: DASH_stu-00000078, Dashboard: DASH_stu-00000078, Confidence: 0.82)
2026-01-11 12:22:27 - werkzeug - INFO - 127.0.0.1 - - [11/Jan/2026 12:22:27] "POST /recognize_face HTTP/1.1" 200 -
2026-01-11 12:22:30 - werkzeug - INFO - 127.0.0.1 - - [11/Jan/2026 12:22:30] "POST /recognize_face HTTP/1.1" 200 -
2026-01-11 12:22:33 - werkzeug - INFO - 127.0.0.1 - - [11/Jan/2026 12:22:33] "POST /recognize_face HTTP/1.1" 200 -
2026-01-11 12:22:36 - __main__ - WARNING - Could not get dashboard ID: 'FaceDatabase' object has no attribute 'get_student'
2026-01-11 12:22:36 - __main__ - INFO - Face recognized: DASH_stu-00000078 (ID: DASH_stu-00000078, Dashboard: DASH_stu-00000078, Confidence: 0.89)
2026-01-11 12:22:36 - werkzeug - INFO - 127.0.0.1 - - [11/Jan/2026 12:22:36] "POST /recognize_face HTTP/1.1" 200 -
2026-01-11 12:22:39 - werkzeug - INFO - 127.0.0.1 - - [11/Jan/2026 12:22:39] "POST /recognize_face HTTP/1.1" 200 -
2026-01-11 12:22:42 - __main__ - WARNING - Could not get dashboard ID: 'FaceDatabase' object has no attribute 'get_student'
2026-01-11 12:22:42 - __main__ - INFO - Face recognized: DASH_stu-00000078 (ID: DASH_stu-00000078, Dashboard: DASH_stu-00000078, Confidence: 0.57)
2026-01-11 12:22:42 - werkzeug - INFO - 127.0.0.1 - - [11/Jan/2026 12:22:42] "POST /recognize_face HTTP/1.1" 200 -
2026-01-11 12:22:45 - __main__ - WARNING - Could not get dashboard ID: 'FaceDatabase' object has no attribute 'get_student'
2026-01-11 12:22:45 - __main__ - INFO - Face recognized: DASH_stu-00000078 (ID: DASH_stu-00000078, Dashboard: DASH_stu-00000078, Confidence: 0.72)
2026-01-11 12:22:45 - werkzeug - INFO - 127.0.0.1 - - [11/Jan/2026 12:22:45] "POST /recognize_face HTTP/1.1" 200 -
2026-01-11 12:22:48 - __main__ - WARNING - Could not get dashboard ID: 'FaceDatabase' object has no attribute 'get_student'
2026-01-11 12:22:48 - __main__ - INFO - Face recognized: DASH_stu-00000078 (ID: DASH_stu-00000078, Dashboard: DASH_stu-00000078, Confidence: 0.77)
2026-01-11 12:22:48 - werkzeug - INFO - 127.0.0.1 - - [11/Jan/2026 12:22:48] "POST /recognize_face HTTP/1.1" 200 -
2026-01-11 12:22:51 - __main__ - WARNING - Could not get dashboard ID: 'FaceDatabase' object has no attribute 'get_student'
2026-01-11 12:22:51 - __main__ - INFO - Face recognized: DASH_stu-00000078 (ID: DASH_stu-00000078, Dashboard: DASH_stu-00000078, Confidence: 0.80)
2026-01-11 12:22:51 - werkzeug - INFO - 127.0.0.1 - - [11/Jan/2026 12:22:51] "POST /recognize_face HTTP/1.1" 200 -
2026-01-11 12:22:54 - werkzeug - INFO - 127.0.0.1 - - [11/Jan/2026 12:22:54] "POST /recognize_face HTTP/1.1" 200 -
2026-01-11 12:22:57 - werkzeug - INFO - 127.0.0.1 - - [11/Jan/2026 12:22:57] "POST /recognize_face HTTP/1.1" 200 -
2026-01-11 12:23:00 - werkzeug - INFO - 127.0.0.1 - - [11/Jan/2026 12:23:00] "POST /recognize_face HTTP/1.1" 200 -
2026-01-11 12:23:03 - __main__ - WARNING - Could not get dashboard ID: 'FaceDatabase' object has no attribute 'get_student'
2026-01-11 12:23:03 - __main__ - INFO - Face recognized: DASH_stu-00000078 (ID: DASH_stu-00000078, Dashboard: DASH_stu-00000078, Confidence: 0.86)
2026-01-11 12:23:03 - werkzeug - INFO - 127.0.0.1 - - [11/Jan/2026 12:23:03] "POST /recognize_face HTTP/1.1" 200 -
2026-01-11 12:23:06 - werkzeug - INFO - 127.0.0.1 - - [11/Jan/2026 12:23:06] "POST /recognize_face HTTP/1.1" 200 -
2026-01-11 12:23:09 - werkzeug - INFO - 127.0.0.1 - - [11/Jan/2026 12:23:09] "POST /recognize_face HTTP/1.1" 200 -
2026-01-11 12:23:12 - __main__ - WARNING - Could not get dashboard ID: 'FaceDatabase' object has no attribute 'get_student'
2026-01-11 12:23:12 - __main__ - INFO - Face recognized: DASH_stu-00000078 (ID: DASH_stu-00000078, Dashboard: DASH_stu-00000078, Confidence: 0.73)
2026-01-11 12:23:12 - werkzeug - INFO - 127.0.0.1 - - [11/Jan/2026 12:23:12] "POST /recognize_face HTTP/1.1" 200 -
2026-01-11 12:23:15 - __main__ - WARNING - Could not get dashboard ID: 'FaceDatabase' object has no attribute 'get_student'
2026-01-11 12:23:15 - __main__ - INFO - Face recognized: DASH_stu-00000078 (ID: DASH_stu-00000078, Dashboard: DASH_stu-00000078, Confidence: 0.75)
2026-01-11 12:23:15 - werkzeug - INFO - 127.0.0.1 - - [11/Jan/2026 12:23:15] "POST /recognize_face HTTP/1.1" 200 -
2026-01-11 12:23:18 - __main__ - WARNING - Could not get dashboard ID: 'FaceDatabase' object has no attribute 'get_student'
2026-01-11 12:23:18 - __main__ - INFO - Face recognized: DASH_stu-00000078 (ID: DASH_stu-00000078, Dashboard: DASH_stu-00000078, Confidence: 0.85)
2026-01-11 12:23:18 - werkzeug - INFO - 127.0.0.1 - - [11/Jan/2026 12:23:18] "POST /recognize_face HTTP/1.1" 200 -
2026-01-11 12:23:21 - __main__ - WARNING - Could not get dashboard ID: 'FaceDatabase' object has no attribute 'get_student'
2026-01-11 12:23:21 - __main__ - INFO - Face recognized: DASH_stu-00000078 (ID: DASH_stu-00000078, Dashboard: DASH_stu-00000078, Confidence: 0.88)
2026-01-11 12:23:21 - werkzeug - INFO - 127.0.0.1 - - [11/Jan/2026 12:23:21] "POST /recognize_face HTTP/1.1" 200 -
2026-01-11 12:29:06 - werkzeug - INFO - 127.0.0.1 - - [11/Jan/2026 12:29:06] "OPTIONS /api/students/register HTTP/1.1" 200 -
2026-01-11 12:29:06 - __main__ - INFO - Starting face registration for student: stu-00000078 (tharusha Senanayake) with 40 images
2026-01-11 12:29:06 - services.registration_service - INFO - Started capture session: DASH_stu-00000078_1768114746 for tharusha Senanayake
2026-01-11 12:29:07 - __main__ - INFO - Captured 40 faces, 0 failed for student stu-00000078
2026-01-11 12:29:07 - __main__ - INFO - Training face model for student stu-00000078...
2026-01-11 12:29:07 - training.face_trainer - INFO - Training student DASH_stu-00000078 with 40 images
2026-01-11 12:29:20 - training.embedding_generator - INFO - Filtered 7 outliers (193 remaining)
2026-01-11 12:29:20 - database.face_database - INFO - Saved 1 embeddings to disk
2026-01-11 12:29:20 - database.face_database - INFO - Added student: DASH_stu-00000078 (DASH_stu-00000078)
2026-01-11 12:29:20 - training.face_trainer - INFO - Trained student DASH_stu-00000078: 40 images, quality=0.74
2026-01-11 12:29:20 - services.registration_service - INFO - Registration completed for DASH_stu-00000078: 40 images
2026-01-11 12:29:20 - core.attendance_engine - INFO - Loaded 1 faces for matching
2026-01-11 12:29:20 - __main__ - INFO - ✓ Student stu-00000078 registered and trained successfully with 40 faces
2026-01-11 12:29:20 - werkzeug - INFO - 127.0.0.1 - - [11/Jan/2026 12:29:20] "POST /api/students/register HTTP/1.1" 200 -
2026-01-11 12:29:34 - werkzeug - INFO - 127.0.0.1 - - [11/Jan/2026 12:29:34] "POST /recognize_face HTTP/1.1" 200 -
2026-01-11 12:29:36 - __main__ - WARNING - Could not get dashboard ID: 'FaceDatabase' object has no attribute 'get_student'
2026-01-11 12:29:36 - __main__ - INFO - Face recognized: tharusha Senanayake (ID: DASH_stu-00000078, Dashboard: DASH_stu-00000078, Confidence: 0.91)
2026-01-11 12:29:36 - werkzeug - INFO - 127.0.0.1 - - [11/Jan/2026 12:29:36] "POST /recognize_face HTTP/1.1" 200 -
2026-01-11 12:29:43 - werkzeug - INFO - 127.0.0.1 - - [11/Jan/2026 12:29:43] "POST /recognize_face HTTP/1.1" 200 -
2026-01-11 12:29:45 - werkzeug - INFO - 127.0.0.1 - - [11/Jan/2026 12:29:45] "POST /recognize_face HTTP/1.1" 200 -
2026-01-11 12:29:47 - __main__ - WARNING - Could not get dashboard ID: 'FaceDatabase' object has no attribute 'get_student'
2026-01-11 12:29:47 - __main__ - INFO - Face recognized: tharusha Senanayake (ID: DASH_stu-00000078, Dashboard: DASH_stu-00000078, Confidence: 0.93)
2026-01-11 12:29:47 - werkzeug - INFO - 127.0.0.1 - - [11/Jan/2026 12:29:47] "POST /recognize_face HTTP/1.1" 200 -
2026-01-11 12:29:54 - werkzeug - INFO - 127.0.0.1 - - [11/Jan/2026 12:29:54] "POST /recognize_face HTTP/1.1" 200 -
2026-01-11 12:29:56 - werkzeug - INFO - 127.0.0.1 - - [11/Jan/2026 12:29:56] "POST /recognize_face HTTP/1.1" 200 -
2026-01-11 12:29:58 - werkzeug - INFO - 127.0.0.1 - - [11/Jan/2026 12:29:58] "POST /recognize_face HTTP/1.1" 200 -
2026-01-11 12:30:00 - werkzeug - INFO - 127.0.0.1 - - [11/Jan/2026 12:30:00] "POST /recognize_face HTTP/1.1" 200 -
2026-01-11 12:30:02 - werkzeug - INFO - 127.0.0.1 - - [11/Jan/2026 12:30:02] "POST /recognize_face HTTP/1.1" 200 -
2026-01-11 12:30:04 - werkzeug - INFO - 127.0.0.1 - - [11/Jan/2026 12:30:04] "POST /recognize_face HTTP/1.1" 200 -
2026-01-11 12:30:06 - __main__ - WARNING - Could not get dashboard ID: 'FaceDatabase' object has no attribute 'get_student'
2026-01-11 12:30:06 - __main__ - INFO - Face recognized: tharusha Senanayake (ID: DASH_stu-00000078, Dashboard: DASH_stu-00000078, Confidence: 0.89)
2026-01-11 12:30:06 - werkzeug - INFO - 127.0.0.1 - - [11/Jan/2026 12:30:06] "POST /recognize_face HTTP/1.1" 200 -
2026-01-11 12:30:14 - __main__ - WARNING - Could not get dashboard ID: 'FaceDatabase' object has no attribute 'get_student'
2026-01-11 12:30:14 - __main__ - INFO - Face recognized: tharusha Senanayake (ID: DASH_stu-00000078, Dashboard: DASH_stu-00000078, Confidence: 0.90)
2026-01-11 12:30:14 - werkzeug - INFO - 127.0.0.1 - - [11/Jan/2026 12:30:14] "POST /recognize_face HTTP/1.1" 200 -
2026-01-11 12:30:21 - __main__ - WARNING - Could not get dashboard ID: 'FaceDatabase' object has no attribute 'get_student'
2026-01-11 12:30:21 - __main__ - INFO - Face recognized: tharusha Senanayake (ID: DASH_stu-00000078, Dashboard: DASH_stu-00000078, Confidence: 0.89)
2026-01-11 12:30:21 - werkzeug - INFO - 127.0.0.1 - - [11/Jan/2026 12:30:21] "POST /recognize_face HTTP/1.1" 200 -
2026-01-11 12:30:28 - werkzeug - INFO - 127.0.0.1 - - [11/Jan/2026 12:30:28] "POST /recognize_face HTTP/1.1" 200 -
2026-01-11 12:30:30 - __main__ - WARNING - Could not get dashboard ID: 'FaceDatabase' object has no attribute 'get_student'
2026-01-11 12:30:30 - __main__ - INFO - Face recognized: tharusha Senanayake (ID: DASH_stu-00000078, Dashboard: DASH_stu-00000078, Confidence: 0.90)
2026-01-11 12:30:30 - werkzeug - INFO - 127.0.0.1 - - [11/Jan/2026 12:30:30] "POST /recognize_face HTTP/1.1" 200 -
2026-01-11 12:30:37 - __main__ - WARNING - Could not get dashboard ID: 'FaceDatabase' object has no attribute 'get_student'
2026-01-11 12:30:37 - __main__ - INFO - Face recognized: tharusha Senanayake (ID: DASH_stu-00000078, Dashboard: DASH_stu-00000078, Confidence: 0.91)
2026-01-11 12:30:37 - werkzeug - INFO - 127.0.0.1 - - [11/Jan/2026 12:30:37] "POST /recognize_face HTTP/1.1" 200 -
2026-01-11 12:30:45 - werkzeug - INFO - 127.0.0.1 - - [11/Jan/2026 12:30:45] "POST /recognize_face HTTP/1.1" 200 -
2026-01-11 12:30:46 - __main__ - WARNING - Could not get dashboard ID: 'FaceDatabase' object has no attribute 'get_student'
2026-01-11 12:30:46 - __main__ - INFO - Face recognized: tharusha Senanayake (ID: DASH_stu-00000078, Dashboard: DASH_stu-00000078, Confidence: 0.85)
2026-01-11 12:30:46 - werkzeug - INFO - 127.0.0.1 - - [11/Jan/2026 12:30:46] "POST /recognize_face HTTP/1.1" 200 -
2026-01-11 12:30:54 - __main__ - WARNING - Could not get dashboard ID: 'FaceDatabase' object has no attribute 'get_student'
2026-01-11 12:30:54 - __main__ - INFO - Face recognized: tharusha Senanayake (ID: DASH_stu-00000078, Dashboard: DASH_stu-00000078, Confidence: 0.87)
2026-01-11 12:30:54 - werkzeug - INFO - 127.0.0.1 - - [11/Jan/2026 12:30:54] "POST /recognize_face HTTP/1.1" 200 -
2026-01-11 12:31:01 - werkzeug - INFO - 127.0.0.1 - - [11/Jan/2026 12:31:01] "POST /recognize_face HTTP/1.1" 200 -
2026-01-11 12:31:03 - werkzeug - INFO - 127.0.0.1 - - [11/Jan/2026 12:31:03] "POST /recognize_face HTTP/1.1" 200 -
2026-01-11 12:31:05 - werkzeug - INFO - 127.0.0.1 - - [11/Jan/2026 12:31:05] "POST /recognize_face HTTP/1.1" 200 -
2026-01-11 12:31:07 - werkzeug - INFO - 127.0.0.1 - - [11/Jan/2026 12:31:07] "POST /recognize_face HTTP/1.1" 200 -
2026-01-11 12:31:09 - werkzeug - INFO - 127.0.0.1 - - [11/Jan/2026 12:31:09] "POST /recognize_face HTTP/1.1" 200 -
2026-01-11 12:31:11 - werkzeug - INFO - 127.0.0.1 - - [11/Jan/2026 12:31:11] "POST /recognize_face HTTP/1.1" 200 -
2026-01-11 12:31:13 - werkzeug - INFO - 127.0.0.1 - - [11/Jan/2026 12:31:13] "POST /recognize_face HTTP/1.1" 200 -
2026-01-11 12:31:15 - werkzeug - INFO - 127.0.0.1 - - [11/Jan/2026 12:31:15] "POST /recognize_face HTTP/1.1" 200 -
2026-01-11 12:31:17 - __main__ - WARNING - Could not get dashboard ID: 'FaceDatabase' object has no attribute 'get_student'
2026-01-11 12:31:17 - __main__ - INFO - Face recognized: tharusha Senanayake (ID: DASH_stu-00000078, Dashboard: DASH_stu-00000078, Confidence: 0.89)
2026-01-11 12:31:17 - werkzeug - INFO - 127.0.0.1 - - [11/Jan/2026 12:31:17] "POST /recognize_face HTTP/1.1" 200 -
2026-01-11 12:33:08 - __main__ - INFO - Initializing Facial Recognition Attendance System...
2026-01-11 12:33:08 - __main__ - INFO - Initializing face detection...
2026-01-11 12:33:10 - core.face_detector - INFO - MTCNN detector initialized on cpu
2026-01-11 12:33:10 - core.face_detector - INFO - FaceDetector initialized with mtcnn backend
2026-01-11 12:33:10 - __main__ - INFO - Initializing face recognition...
2026-01-11 12:33:10 - core.face_recognizer - WARNING - InsightFace not available, falling back to FaceNet
2026-01-11 12:33:10 - core.face_recognizer - WARNING - arcface failed, falling back to facenet: ArcFace not available
2026-01-11 12:33:10 - core.face_recognizer - INFO - FaceNet recognizer initialized on cpu
2026-01-11 12:33:10 - core.face_recognizer - INFO - FaceRecognizer initialized with facenet backend
2026-01-11 12:33:10 - __main__ - INFO - Initializing face aligner...
2026-01-11 12:33:10 - core.face_aligner - INFO - FaceAligner initialized with target size (160, 160)
2026-01-11 12:33:10 - __main__ - INFO - Initializing face database...
2026-01-11 12:33:10 - database.face_database - INFO - Loaded 1 embeddings from disk
2026-01-11 12:33:10 - database.face_database - INFO - FaceDatabase initialized with 1 faces
2026-01-11 12:33:10 - __main__ - INFO - Initializing attendance database...
2026-01-11 12:33:10 - database.attendance_db - INFO - AttendanceDB initialized: sqlite:////Users/tharusha_rashmika/Documents/projects/aleph/reserch/AI-Powered-Smart-School-Safety-and-Performance-Monitoring-System/Facial Recognition Attendance Systems/data/attendance.db
2026-01-11 12:33:10 - __main__ - INFO - Initializing attendance engine...
2026-01-11 12:33:10 - core.face_detector - INFO - MTCNN detector initialized on cpu
2026-01-11 12:33:10 - core.face_detector - INFO - FaceDetector initialized with mtcnn backend
2026-01-11 12:33:10 - core.face_recognizer - WARNING - InsightFace not available, falling back to FaceNet
2026-01-11 12:33:10 - core.face_recognizer - WARNING - arcface failed, falling back to facenet: ArcFace not available
2026-01-11 12:33:11 - core.face_recognizer - INFO - FaceNet recognizer initialized on cpu
2026-01-11 12:33:11 - core.face_recognizer - INFO - FaceRecognizer initialized with facenet backend
2026-01-11 12:33:11 - core.face_aligner - INFO - FaceAligner initialized with target size (160, 160)
2026-01-11 12:33:11 - core.attendance_engine - INFO - AttendanceEngine initialized
2026-01-11 12:33:11 - core.attendance_engine - INFO - Loaded 1 faces for matching
2026-01-11 12:33:11 - __main__ - INFO - Initializing registration service...
2026-01-11 12:33:11 - __main__ - INFO - Initializing face trainer...
2026-01-11 12:33:11 - training.face_trainer - INFO - FaceTrainer initialized
2026-01-11 12:33:11 - __main__ - INFO - Initializing attendance service...
2026-01-11 12:33:11 - __main__ - INFO - Initializing camera service...
2026-01-11 12:33:11 - __main__ - INFO - Loaded 1 registered faces
2026-01-11 12:33:11 - __main__ - INFO - API blueprints registered
2026-01-11 12:33:11 - __main__ - INFO - Application initialized successfully
2026-01-11 12:36:57 - __main__ - INFO - Initializing Facial Recognition Attendance System...
2026-01-11 12:36:57 - __main__ - INFO - Initializing face detection...
2026-01-11 12:36:59 - core.face_detector - INFO - MTCNN detector initialized on cpu
2026-01-11 12:36:59 - core.face_detector - INFO - FaceDetector initialized with mtcnn backend
2026-01-11 12:36:59 - __main__ - INFO - Initializing face recognition...
2026-01-11 12:36:59 - core.face_recognizer - WARNING - InsightFace not available, falling back to FaceNet
2026-01-11 12:36:59 - core.face_recognizer - WARNING - arcface failed, falling back to facenet: ArcFace not available
2026-01-11 12:36:59 - core.face_recognizer - INFO - FaceNet recognizer initialized on cpu
2026-01-11 12:36:59 - core.face_recognizer - INFO - FaceRecognizer initialized with facenet backend
2026-01-11 12:36:59 - __main__ - INFO - Initializing face aligner...
2026-01-11 12:36:59 - core.face_aligner - INFO - FaceAligner initialized with target size (160, 160)
2026-01-11 12:36:59 - __main__ - INFO - Initializing face database...
2026-01-11 12:36:59 - database.face_database - INFO - Loaded 1 embeddings from disk
2026-01-11 12:36:59 - database.face_database - INFO - FaceDatabase initialized with 1 faces
2026-01-11 12:36:59 - __main__ - INFO - Initializing attendance database...
2026-01-11 12:36:59 - database.attendance_db - INFO - AttendanceDB initialized: sqlite:////Users/tharusha_rashmika/Documents/projects/aleph/reserch/AI-Powered-Smart-School-Safety-and-Performance-Monitoring-System/Facial Recognition Attendance Systems/data/attendance.db
2026-01-11 12:36:59 - __main__ - INFO - Initializing attendance engine...
2026-01-11 12:36:59 - core.face_detector - INFO - MTCNN detector initialized on cpu
2026-01-11 12:36:59 - core.face_detector - INFO - FaceDetector initialized with mtcnn backend
2026-01-11 12:36:59 - core.face_recognizer - WARNING - InsightFace not available, falling back to FaceNet
2026-01-11 12:36:59 - core.face_recognizer - WARNING - arcface failed, falling back to facenet: ArcFace not available
2026-01-11 12:37:00 - core.face_recognizer - INFO - FaceNet recognizer initialized on cpu
2026-01-11 12:37:00 - core.face_recognizer - INFO - FaceRecognizer initialized with facenet backend
2026-01-11 12:37:00 - core.face_aligner - INFO - FaceAligner initialized with target size (160, 160)
2026-01-11 12:37:00 - core.attendance_engine - INFO - AttendanceEngine initialized
2026-01-11 12:37:00 - core.attendance_engine - INFO - Loaded 1 faces for matching
2026-01-11 12:37:00 - __main__ - INFO - Initializing registration service...
2026-01-11 12:37:00 - __main__ - INFO - Initializing face trainer...
2026-01-11 12:37:00 - training.face_trainer - INFO - FaceTrainer initialized
2026-01-11 12:37:00 - __main__ - INFO - Initializing attendance service...
2026-01-11 12:37:00 - __main__ - INFO - Initializing camera service...
2026-01-11 12:37:00 - __main__ - INFO - Loaded 1 registered faces
2026-01-11 12:37:00 - __main__ - INFO - API blueprints registered
2026-01-11 12:37:00 - __main__ - INFO - Application initialized successfully
2026-01-11 12:37:00 - werkzeug - INFO - [31m[1mWARNING: This is a development server. Do not use it in a production deployment. Use a production WSGI server instead.[0m
 * Running on all addresses (0.0.0.0)
 * Running on http://127.0.0.1:5004
 * Running on http://192.168.8.171:5004
2026-01-11 12:37:00 - werkzeug - INFO - [33mPress CTRL+C to quit[0m
2026-01-11 12:37:00 - werkzeug - INFO -  * Restarting with stat
2026-01-11 12:37:00 - __main__ - INFO - Initializing Facial Recognition Attendance System...
2026-01-11 12:37:00 - __main__ - INFO - Initializing face detection...
2026-01-11 12:37:02 - core.face_detector - INFO - MTCNN detector initialized on cpu
2026-01-11 12:37:02 - core.face_detector - INFO - FaceDetector initialized with mtcnn backend
2026-01-11 12:37:02 - __main__ - INFO - Initializing face recognition...
2026-01-11 12:37:02 - core.face_recognizer - WARNING - InsightFace not available, falling back to FaceNet
2026-01-11 12:37:02 - core.face_recognizer - WARNING - arcface failed, falling back to facenet: ArcFace not available
2026-01-11 12:37:02 - core.face_recognizer - INFO - FaceNet recognizer initialized on cpu
2026-01-11 12:37:02 - core.face_recognizer - INFO - FaceRecognizer initialized with facenet backend
2026-01-11 12:37:02 - __main__ - INFO - Initializing face aligner...
2026-01-11 12:37:02 - core.face_aligner - INFO - FaceAligner initialized with target size (160, 160)
2026-01-11 12:37:02 - __main__ - INFO - Initializing face database...
2026-01-11 12:37:02 - database.face_database - INFO - Loaded 1 embeddings from disk
2026-01-11 12:37:02 - database.face_database - INFO - FaceDatabase initialized with 1 faces
2026-01-11 12:37:02 - __main__ - INFO - Initializing attendance database...
2026-01-11 12:37:02 - database.attendance_db - INFO - AttendanceDB initialized: sqlite:////Users/tharusha_rashmika/Documents/projects/aleph/reserch/AI-Powered-Smart-School-Safety-and-Performance-Monitoring-System/Facial Recognition Attendance Systems/data/attendance.db
2026-01-11 12:37:02 - __main__ - INFO - Initializing attendance engine...
2026-01-11 12:37:02 - core.face_detector - INFO - MTCNN detector initialized on cpu
2026-01-11 12:37:02 - core.face_detector - INFO - FaceDetector initialized with mtcnn backend
2026-01-11 12:37:02 - core.face_recognizer - WARNING - InsightFace not available, falling back to FaceNet
2026-01-11 12:37:02 - core.face_recognizer - WARNING - arcface failed, falling back to facenet: ArcFace not available
2026-01-11 12:37:02 - core.face_recognizer - INFO - FaceNet recognizer initialized on cpu
2026-01-11 12:37:02 - core.face_recognizer - INFO - FaceRecognizer initialized with facenet backend
2026-01-11 12:37:02 - core.face_aligner - INFO - FaceAligner initialized with target size (160, 160)
2026-01-11 12:37:02 - core.attendance_engine - INFO - AttendanceEngine initialized
2026-01-11 12:37:02 - core.attendance_engine - INFO - Loaded 1 faces for matching
2026-01-11 12:37:02 - __main__ - INFO - Initializing registration service...
2026-01-11 12:37:02 - __main__ - INFO - Initializing face trainer...
2026-01-11 12:37:02 - training.face_trainer - INFO - FaceTrainer initialized
2026-01-11 12:37:02 - __main__ - INFO - Initializing attendance service...
2026-01-11 12:37:02 - __main__ - INFO - Initializing camera service...
2026-01-11 12:37:02 - __main__ - INFO - Loaded 1 registered faces
2026-01-11 12:37:02 - __main__ - INFO - API blueprints registered
2026-01-11 12:37:02 - __main__ - INFO - Application initialized successfully
2026-01-11 12:37:02 - werkzeug - WARNING -  * Debugger is active!
2026-01-11 12:37:02 - werkzeug - INFO -  * Debugger PIN: 277-274-484
2026-01-11 12:37:03 - werkzeug - INFO - 127.0.0.1 - - [11/Jan/2026 12:37:03] "POST /recognize_face HTTP/1.1" 200 -
2026-01-11 12:37:03 - werkzeug - INFO - 127.0.0.1 - - [11/Jan/2026 12:37:03] "POST /recognize_face HTTP/1.1" 200 -
2026-01-11 12:37:04 - werkzeug - INFO - 127.0.0.1 - - [11/Jan/2026 12:37:04] "POST /recognize_face HTTP/1.1" 200 -
2026-01-11 12:37:06 - werkzeug - INFO - 127.0.0.1 - - [11/Jan/2026 12:37:06] "POST /recognize_face HTTP/1.1" 200 -
2026-01-11 12:37:08 - werkzeug - INFO - 127.0.0.1 - - [11/Jan/2026 12:37:08] "POST /recognize_face HTTP/1.1" 200 -
2026-01-11 12:37:10 - werkzeug - INFO - 127.0.0.1 - - [11/Jan/2026 12:37:10] "POST /recognize_face HTTP/1.1" 200 -
2026-01-11 12:37:12 - werkzeug - INFO - 127.0.0.1 - - [11/Jan/2026 12:37:12] "POST /recognize_face HTTP/1.1" 200 -
2026-01-11 12:37:14 - werkzeug - INFO - 127.0.0.1 - - [11/Jan/2026 12:37:14] "POST /recognize_face HTTP/1.1" 200 -
2026-01-11 12:37:16 - werkzeug - INFO - 127.0.0.1 - - [11/Jan/2026 12:37:16] "POST /recognize_face HTTP/1.1" 200 -
2026-01-11 12:37:18 - werkzeug - INFO - 127.0.0.1 - - [11/Jan/2026 12:37:18] "POST /recognize_face HTTP/1.1" 200 -
2026-01-11 12:37:20 - werkzeug - INFO - 127.0.0.1 - - [11/Jan/2026 12:37:20] "POST /recognize_face HTTP/1.1" 200 -
2026-01-11 12:37:22 - werkzeug - INFO - 127.0.0.1 - - [11/Jan/2026 12:37:22] "POST /recognize_face HTTP/1.1" 200 -
2026-01-11 12:37:24 - werkzeug - INFO - 127.0.0.1 - - [11/Jan/2026 12:37:24] "POST /recognize_face HTTP/1.1" 200 -
2026-01-11 12:38:00 - __main__ - WARNING - Could not get dashboard ID: 'FaceDatabase' object has no attribute 'get_student'
2026-01-11 12:38:00 - __main__ - INFO - Face recognized: DASH_stu-00000078 (ID: DASH_stu-00000078, Dashboard: DASH_stu-00000078, Confidence: 0.86)
2026-01-11 12:38:00 - werkzeug - INFO - 127.0.0.1 - - [11/Jan/2026 12:38:00] "POST /recognize_face HTTP/1.1" 200 -
2026-01-11 12:38:08 - __main__ - WARNING - Could not get dashboard ID: 'FaceDatabase' object has no attribute 'get_student'
2026-01-11 12:38:08 - __main__ - INFO - Face recognized: DASH_stu-00000078 (ID: DASH_stu-00000078, Dashboard: DASH_stu-00000078, Confidence: 0.84)
2026-01-11 12:38:08 - werkzeug - INFO - 127.0.0.1 - - [11/Jan/2026 12:38:08] "POST /recognize_face HTTP/1.1" 200 -
2026-01-11 12:38:15 - __main__ - WARNING - Could not get dashboard ID: 'FaceDatabase' object has no attribute 'get_student'
2026-01-11 12:38:15 - __main__ - INFO - Face recognized: DASH_stu-00000078 (ID: DASH_stu-00000078, Dashboard: DASH_stu-00000078, Confidence: 0.83)
2026-01-11 12:38:15 - werkzeug - INFO - 127.0.0.1 - - [11/Jan/2026 12:38:15] "POST /recognize_face HTTP/1.1" 200 -
2026-01-11 12:38:22 - __main__ - WARNING - Could not get dashboard ID: 'FaceDatabase' object has no attribute 'get_student'
2026-01-11 12:38:22 - __main__ - INFO - Face recognized: DASH_stu-00000078 (ID: DASH_stu-00000078, Dashboard: DASH_stu-00000078, Confidence: 0.81)
2026-01-11 12:38:22 - werkzeug - INFO - 127.0.0.1 - - [11/Jan/2026 12:38:22] "POST /recognize_face HTTP/1.1" 200 -
2026-01-11 12:38:29 - __main__ - WARNING - Could not get dashboard ID: 'FaceDatabase' object has no attribute 'get_student'
2026-01-11 12:38:29 - __main__ - INFO - Face recognized: DASH_stu-00000078 (ID: DASH_stu-00000078, Dashboard: DASH_stu-00000078, Confidence: 0.83)
2026-01-11 12:38:29 - werkzeug - INFO - 127.0.0.1 - - [11/Jan/2026 12:38:29] "POST /recognize_face HTTP/1.1" 200 -
2026-01-11 12:38:37 - __main__ - WARNING - Could not get dashboard ID: 'FaceDatabase' object has no attribute 'get_student'
2026-01-11 12:38:37 - __main__ - INFO - Face recognized: DASH_stu-00000078 (ID: DASH_stu-00000078, Dashboard: DASH_stu-00000078, Confidence: 0.82)
2026-01-11 12:38:37 - werkzeug - INFO - 127.0.0.1 - - [11/Jan/2026 12:38:37] "POST /recognize_face HTTP/1.1" 200 -
2026-01-11 12:38:44 - __main__ - WARNING - Could not get dashboard ID: 'FaceDatabase' object has no attribute 'get_student'
2026-01-11 12:38:44 - __main__ - INFO - Face recognized: DASH_stu-00000078 (ID: DASH_stu-00000078, Dashboard: DASH_stu-00000078, Confidence: 0.78)
2026-01-11 12:38:44 - werkzeug - INFO - 127.0.0.1 - - [11/Jan/2026 12:38:44] "POST /recognize_face HTTP/1.1" 200 -
2026-01-11 12:38:51 - __main__ - WARNING - Could not get dashboard ID: 'FaceDatabase' object has no attribute 'get_student'
2026-01-11 12:38:51 - __main__ - INFO - Face recognized: DASH_stu-00000078 (ID: DASH_stu-00000078, Dashboard: DASH_stu-00000078, Confidence: 0.80)
2026-01-11 12:38:51 - werkzeug - INFO - 127.0.0.1 - - [11/Jan/2026 12:38:51] "POST /recognize_face HTTP/1.1" 200 -
2026-01-11 12:38:59 - __main__ - WARNING - Could not get dashboard ID: 'FaceDatabase' object has no attribute 'get_student'
2026-01-11 12:38:59 - __main__ - INFO - Face recognized: DASH_stu-00000078 (ID: DASH_stu-00000078, Dashboard: DASH_stu-00000078, Confidence: 0.79)
2026-01-11 12:38:59 - werkzeug - INFO - 127.0.0.1 - - [11/Jan/2026 12:38:59] "POST /recognize_face HTTP/1.1" 200 -
2026-01-11 12:39:06 - __main__ - WARNING - Could not get dashboard ID: 'FaceDatabase' object has no attribute 'get_student'
2026-01-11 12:39:06 - __main__ - INFO - Face recognized: DASH_stu-00000078 (ID: DASH_stu-00000078, Dashboard: DASH_stu-00000078, Confidence: 0.81)
2026-01-11 12:39:06 - werkzeug - INFO - 127.0.0.1 - - [11/Jan/2026 12:39:06] "POST /recognize_face HTTP/1.1" 200 -
2026-01-11 12:39:13 - __main__ - WARNING - Could not get dashboard ID: 'FaceDatabase' object has no attribute 'get_student'
2026-01-11 12:39:13 - __main__ - INFO - Face recognized: DASH_stu-00000078 (ID: DASH_stu-00000078, Dashboard: DASH_stu-00000078, Confidence: 0.83)
2026-01-11 12:39:13 - werkzeug - INFO - 127.0.0.1 - - [11/Jan/2026 12:39:13] "POST /recognize_face HTTP/1.1" 200 -
2026-01-11 12:39:21 - __main__ - WARNING - Could not get dashboard ID: 'FaceDatabase' object has no attribute 'get_student'
2026-01-11 12:39:21 - __main__ - INFO - Face recognized: DASH_stu-00000078 (ID: DASH_stu-00000078, Dashboard: DASH_stu-00000078, Confidence: 0.83)
2026-01-11 12:39:21 - werkzeug - INFO - 127.0.0.1 - - [11/Jan/2026 12:39:21] "POST /recognize_face HTTP/1.1" 200 -
2026-01-11 12:39:28 - __main__ - WARNING - Could not get dashboard ID: 'FaceDatabase' object has no attribute 'get_student'
2026-01-11 12:39:28 - __main__ - INFO - Face recognized: DASH_stu-00000078 (ID: DASH_stu-00000078, Dashboard: DASH_stu-00000078, Confidence: 0.82)
2026-01-11 12:39:28 - werkzeug - INFO - 127.0.0.1 - - [11/Jan/2026 12:39:28] "POST /recognize_face HTTP/1.1" 200 -
2026-01-11 12:39:35 - __main__ - WARNING - Could not get dashboard ID: 'FaceDatabase' object has no attribute 'get_student'
2026-01-11 12:39:35 - __main__ - INFO - Face recognized: DASH_stu-00000078 (ID: DASH_stu-00000078, Dashboard: DASH_stu-00000078, Confidence: 0.83)
2026-01-11 12:39:35 - werkzeug - INFO - 127.0.0.1 - - [11/Jan/2026 12:39:35] "POST /recognize_face HTTP/1.1" 200 -
2026-01-11 12:39:43 - __main__ - WARNING - Could not get dashboard ID: 'FaceDatabase' object has no attribute 'get_student'
2026-01-11 12:39:43 - __main__ - INFO - Face recognized: DASH_stu-00000078 (ID: DASH_stu-00000078, Dashboard: DASH_stu-00000078, Confidence: 0.82)
2026-01-11 12:39:43 - werkzeug - INFO - 127.0.0.1 - - [11/Jan/2026 12:39:43] "POST /recognize_face HTTP/1.1" 200 -
2026-01-11 12:39:50 - __main__ - WARNING - Could not get dashboard ID: 'FaceDatabase' object has no attribute 'get_student'
2026-01-11 12:39:50 - __main__ - INFO - Face recognized: DASH_stu-00000078 (ID: DASH_stu-00000078, Dashboard: DASH_stu-00000078, Confidence: 0.84)
2026-01-11 12:39:50 - werkzeug - INFO - 127.0.0.1 - - [11/Jan/2026 12:39:50] "POST /recognize_face HTTP/1.1" 200 -
2026-01-11 12:39:57 - __main__ - WARNING - Could not get dashboard ID: 'FaceDatabase' object has no attribute 'get_student'
2026-01-11 12:39:57 - __main__ - INFO - Face recognized: DASH_stu-00000078 (ID: DASH_stu-00000078, Dashboard: DASH_stu-00000078, Confidence: 0.83)
2026-01-11 12:39:57 - werkzeug - INFO - 127.0.0.1 - - [11/Jan/2026 12:39:57] "POST /recognize_face HTTP/1.1" 200 -
2026-01-11 12:40:05 - __main__ - WARNING - Could not get dashboard ID: 'FaceDatabase' object has no attribute 'get_student'
2026-01-11 12:40:05 - __main__ - INFO - Face recognized: DASH_stu-00000078 (ID: DASH_stu-00000078, Dashboard: DASH_stu-00000078, Confidence: 0.83)
2026-01-11 12:40:05 - werkzeug - INFO - 127.0.0.1 - - [11/Jan/2026 12:40:05] "POST /recognize_face HTTP/1.1" 200 -
2026-01-11 12:40:12 - __main__ - WARNING - Could not get dashboard ID: 'FaceDatabase' object has no attribute 'get_student'
2026-01-11 12:40:12 - __main__ - INFO - Face recognized: DASH_stu-00000078 (ID: DASH_stu-00000078, Dashboard: DASH_stu-00000078, Confidence: 0.84)
2026-01-11 12:40:12 - werkzeug - INFO - 127.0.0.1 - - [11/Jan/2026 12:40:12] "POST /recognize_face HTTP/1.1" 200 -
2026-01-11 12:40:13 - werkzeug - INFO -  * Detected change in '/Users/tharusha_rashmika/Documents/projects/aleph/reserch/AI-Powered-Smart-School-Safety-and-Performance-Monitoring-System/Facial Recognition Attendance Systems/app.py', reloading
2026-01-11 12:40:14 - werkzeug - INFO -  * Restarting with stat
2026-01-11 12:40:15 - __main__ - INFO - Initializing Facial Recognition Attendance System...
2026-01-11 12:40:15 - __main__ - INFO - Initializing face detection...
2026-01-11 12:40:17 - core.face_detector - INFO - MTCNN detector initialized on cpu
2026-01-11 12:40:17 - core.face_detector - INFO - FaceDetector initialized with mtcnn backend
2026-01-11 12:40:17 - __main__ - INFO - Initializing face recognition...
2026-01-11 12:40:17 - core.face_recognizer - WARNING - InsightFace not available, falling back to FaceNet
2026-01-11 12:40:17 - core.face_recognizer - WARNING - arcface failed, falling back to facenet: ArcFace not available
2026-01-11 12:40:17 - core.face_recognizer - INFO - FaceNet recognizer initialized on cpu
2026-01-11 12:40:17 - core.face_recognizer - INFO - FaceRecognizer initialized with facenet backend
2026-01-11 12:40:17 - __main__ - INFO - Initializing face aligner...
2026-01-11 12:40:17 - core.face_aligner - INFO - FaceAligner initialized with target size (160, 160)
2026-01-11 12:40:17 - __main__ - INFO - Initializing face database...
2026-01-11 12:40:17 - database.face_database - INFO - Loaded 1 embeddings from disk
2026-01-11 12:40:17 - database.face_database - INFO - FaceDatabase initialized with 1 faces
2026-01-11 12:40:17 - __main__ - INFO - Initializing attendance database...
2026-01-11 12:40:17 - database.attendance_db - INFO - AttendanceDB initialized: sqlite:////Users/tharusha_rashmika/Documents/projects/aleph/reserch/AI-Powered-Smart-School-Safety-and-Performance-Monitoring-System/Facial Recognition Attendance Systems/data/attendance.db
2026-01-11 12:40:17 - __main__ - INFO - Initializing attendance engine...
2026-01-11 12:40:17 - core.face_detector - INFO - MTCNN detector initialized on cpu
2026-01-11 12:40:17 - core.face_detector - INFO - FaceDetector initialized with mtcnn backend
2026-01-11 12:40:17 - core.face_recognizer - WARNING - InsightFace not available, falling back to FaceNet
2026-01-11 12:40:17 - core.face_recognizer - WARNING - arcface failed, falling back to facenet: ArcFace not available
2026-01-11 12:40:17 - core.face_recognizer - INFO - FaceNet recognizer initialized on cpu
2026-01-11 12:40:17 - core.face_recognizer - INFO - FaceRecognizer initialized with facenet backend
2026-01-11 12:40:17 - core.face_aligner - INFO - FaceAligner initialized with target size (160, 160)
2026-01-11 12:40:17 - core.attendance_engine - INFO - AttendanceEngine initialized
2026-01-11 12:40:17 - core.attendance_engine - INFO - Loaded 1 faces for matching
2026-01-11 12:40:17 - __main__ - INFO - Initializing registration service...
2026-01-11 12:40:17 - __main__ - INFO - Initializing face trainer...
2026-01-11 12:40:17 - training.face_trainer - INFO - FaceTrainer initialized
2026-01-11 12:40:17 - __main__ - INFO - Initializing attendance service...
2026-01-11 12:40:17 - __main__ - INFO - Initializing camera service...
2026-01-11 12:40:17 - __main__ - INFO - Loaded 1 registered faces
2026-01-11 12:40:17 - __main__ - INFO - API blueprints registered
2026-01-11 12:40:17 - __main__ - INFO - Application initialized successfully
2026-01-11 12:40:17 - werkzeug - WARNING -  * Debugger is active!
2026-01-11 12:40:17 - werkzeug - INFO -  * Debugger PIN: 277-274-484
2026-01-11 12:40:19 - __main__ - WARNING - Could not get dashboard ID: 'FaceDatabase' object has no attribute 'get_student'
2026-01-11 12:40:19 - __main__ - INFO - Face recognized: DASH_stu-00000078 (ID: DASH_stu-00000078, Dashboard: DASH_stu-00000078, Confidence: 0.82)
2026-01-11 12:40:19 - werkzeug - INFO - 127.0.0.1 - - [11/Jan/2026 12:40:19] "POST /recognize_face HTTP/1.1" 200 -
2026-01-11 12:40:26 - __main__ - WARNING - Could not get dashboard ID: 'FaceDatabase' object has no attribute 'get_student'
2026-01-11 12:40:26 - __main__ - INFO - Face recognized: DASH_stu-00000078 (ID: DASH_stu-00000078, Dashboard: DASH_stu-00000078, Confidence: 0.85)
2026-01-11 12:40:26 - werkzeug - INFO - 127.0.0.1 - - [11/Jan/2026 12:40:26] "POST /recognize_face HTTP/1.1" 200 -
2026-01-11 12:40:34 - __main__ - WARNING - Could not get dashboard ID: 'FaceDatabase' object has no attribute 'get_student'
2026-01-11 12:40:34 - __main__ - INFO - Face recognized: DASH_stu-00000078 (ID: DASH_stu-00000078, Dashboard: DASH_stu-00000078, Confidence: 0.81)
2026-01-11 12:40:34 - werkzeug - INFO - 127.0.0.1 - - [11/Jan/2026 12:40:34] "POST /recognize_face HTTP/1.1" 200 -
2026-01-11 12:40:42 - __main__ - WARNING - Could not get dashboard ID: 'FaceDatabase' object has no attribute 'get_student'
2026-01-11 12:40:42 - __main__ - INFO - Face recognized: DASH_stu-00000078 (ID: DASH_stu-00000078, Dashboard: DASH_stu-00000078, Confidence: 0.81)
2026-01-11 12:40:42 - werkzeug - INFO - 127.0.0.1 - - [11/Jan/2026 12:40:42] "POST /recognize_face HTTP/1.1" 200 -
2026-01-11 12:40:49 - __main__ - WARNING - Could not get dashboard ID: 'FaceDatabase' object has no attribute 'get_student'
2026-01-11 12:40:49 - __main__ - INFO - Face recognized: DASH_stu-00000078 (ID: DASH_stu-00000078, Dashboard: DASH_stu-00000078, Confidence: 0.82)
2026-01-11 12:40:49 - werkzeug - INFO - 127.0.0.1 - - [11/Jan/2026 12:40:49] "POST /recognize_face HTTP/1.1" 200 -
2026-01-11 12:40:56 - __main__ - WARNING - Could not get dashboard ID: 'FaceDatabase' object has no attribute 'get_student'
2026-01-11 12:40:56 - __main__ - INFO - Face recognized: DASH_stu-00000078 (ID: DASH_stu-00000078, Dashboard: DASH_stu-00000078, Confidence: 0.79)
2026-01-11 12:40:56 - werkzeug - INFO - 127.0.0.1 - - [11/Jan/2026 12:40:56] "POST /recognize_face HTTP/1.1" 200 -
2026-01-11 12:41:53 - __main__ - INFO - Initializing Facial Recognition Attendance System...
2026-01-11 12:41:53 - __main__ - INFO - Initializing face detection...
2026-01-11 12:41:55 - core.face_detector - INFO - MTCNN detector initialized on cpu
2026-01-11 12:41:55 - core.face_detector - INFO - FaceDetector initialized with mtcnn backend
2026-01-11 12:41:55 - __main__ - INFO - Initializing face recognition...
2026-01-11 12:41:55 - core.face_recognizer - WARNING - InsightFace not available, falling back to FaceNet
2026-01-11 12:41:55 - core.face_recognizer - WARNING - arcface failed, falling back to facenet: ArcFace not available
2026-01-11 12:41:55 - core.face_recognizer - INFO - FaceNet recognizer initialized on cpu
2026-01-11 12:41:55 - core.face_recognizer - INFO - FaceRecognizer initialized with facenet backend
2026-01-11 12:41:55 - __main__ - INFO - Initializing face aligner...
2026-01-11 12:41:55 - core.face_aligner - INFO - FaceAligner initialized with target size (160, 160)
2026-01-11 12:41:55 - __main__ - INFO - Initializing face database...
2026-01-11 12:41:55 - database.face_database - INFO - Loaded 1 embeddings from disk
2026-01-11 12:41:55 - database.face_database - INFO - FaceDatabase initialized with 1 faces
2026-01-11 12:41:55 - __main__ - INFO - Initializing attendance database...
2026-01-11 12:41:55 - database.attendance_db - INFO - AttendanceDB initialized: sqlite:////Users/tharusha_rashmika/Documents/projects/aleph/reserch/AI-Powered-Smart-School-Safety-and-Performance-Monitoring-System/Facial Recognition Attendance Systems/data/attendance.db
2026-01-11 12:41:55 - __main__ - INFO - Initializing attendance engine...
2026-01-11 12:41:55 - core.face_detector - INFO - MTCNN detector initialized on cpu
2026-01-11 12:41:55 - core.face_detector - INFO - FaceDetector initialized with mtcnn backend
2026-01-11 12:41:55 - core.face_recognizer - WARNING - InsightFace not available, falling back to FaceNet
2026-01-11 12:41:55 - core.face_recognizer - WARNING - arcface failed, falling back to facenet: ArcFace not available
2026-01-11 12:41:56 - core.face_recognizer - INFO - FaceNet recognizer initialized on cpu
2026-01-11 12:41:56 - core.face_recognizer - INFO - FaceRecognizer initialized with facenet backend
2026-01-11 12:41:56 - core.face_aligner - INFO - FaceAligner initialized with target size (160, 160)
2026-01-11 12:41:56 - core.attendance_engine - INFO - AttendanceEngine initialized
2026-01-11 12:41:56 - core.attendance_engine - INFO - Loaded 1 faces for matching
2026-01-11 12:41:56 - __main__ - INFO - Initializing registration service...
2026-01-11 12:41:56 - __main__ - INFO - Initializing face trainer...
2026-01-11 12:41:56 - training.face_trainer - INFO - FaceTrainer initialized
2026-01-11 12:41:56 - __main__ - INFO - Initializing attendance service...
2026-01-11 12:41:56 - __main__ - INFO - Initializing camera service...
2026-01-11 12:41:56 - __main__ - INFO - Loaded 1 registered faces
2026-01-11 12:41:56 - __main__ - INFO - API blueprints registered
2026-01-11 12:41:56 - __main__ - INFO - Application initialized successfully
2026-01-11 12:41:56 - werkzeug - INFO - [31m[1mWARNING: This is a development server. Do not use it in a production deployment. Use a production WSGI server instead.[0m
 * Running on all addresses (0.0.0.0)
 * Running on http://127.0.0.1:5004
 * Running on http://192.168.8.171:5004
2026-01-11 12:41:56 - werkzeug - INFO - [33mPress CTRL+C to quit[0m
2026-01-11 12:41:56 - werkzeug - INFO -  * Restarting with stat
2026-01-11 12:41:56 - __main__ - INFO - Initializing Facial Recognition Attendance System...
2026-01-11 12:41:56 - __main__ - INFO - Initializing face detection...
2026-01-11 12:41:57 - core.face_detector - INFO - MTCNN detector initialized on cpu
2026-01-11 12:41:57 - core.face_detector - INFO - FaceDetector initialized with mtcnn backend
2026-01-11 12:41:57 - __main__ - INFO - Initializing face recognition...
2026-01-11 12:41:57 - core.face_recognizer - WARNING - InsightFace not available, falling back to FaceNet
2026-01-11 12:41:57 - core.face_recognizer - WARNING - arcface failed, falling back to facenet: ArcFace not available
2026-01-11 12:41:58 - core.face_recognizer - INFO - FaceNet recognizer initialized on cpu
2026-01-11 12:41:58 - core.face_recognizer - INFO - FaceRecognizer initialized with facenet backend
2026-01-11 12:41:58 - __main__ - INFO - Initializing face aligner...
2026-01-11 12:41:58 - core.face_aligner - INFO - FaceAligner initialized with target size (160, 160)
2026-01-11 12:41:58 - __main__ - INFO - Initializing face database...
2026-01-11 12:41:58 - database.face_database - INFO - Loaded 1 embeddings from disk
2026-01-11 12:41:58 - database.face_database - INFO - FaceDatabase initialized with 1 faces
2026-01-11 12:41:58 - __main__ - INFO - Initializing attendance database...
2026-01-11 12:41:58 - database.attendance_db - INFO - AttendanceDB initialized: sqlite:////Users/tharusha_rashmika/Documents/projects/aleph/reserch/AI-Powered-Smart-School-Safety-and-Performance-Monitoring-System/Facial Recognition Attendance Systems/data/attendance.db
2026-01-11 12:41:58 - __main__ - INFO - Initializing attendance engine...
2026-01-11 12:41:58 - core.face_detector - INFO - MTCNN detector initialized on cpu
2026-01-11 12:41:58 - core.face_detector - INFO - FaceDetector initialized with mtcnn backend
2026-01-11 12:41:58 - core.face_recognizer - WARNING - InsightFace not available, falling back to FaceNet
2026-01-11 12:41:58 - core.face_recognizer - WARNING - arcface failed, falling back to facenet: ArcFace not available
2026-01-11 12:41:58 - core.face_recognizer - INFO - FaceNet recognizer initialized on cpu
2026-01-11 12:41:58 - core.face_recognizer - INFO - FaceRecognizer initialized with facenet backend
2026-01-11 12:41:58 - core.face_aligner - INFO - FaceAligner initialized with target size (160, 160)
2026-01-11 12:41:58 - core.attendance_engine - INFO - AttendanceEngine initialized
2026-01-11 12:41:58 - core.attendance_engine - INFO - Loaded 1 faces for matching
2026-01-11 12:41:58 - __main__ - INFO - Initializing registration service...
2026-01-11 12:41:58 - __main__ - INFO - Initializing face trainer...
2026-01-11 12:41:58 - training.face_trainer - INFO - FaceTrainer initialized
2026-01-11 12:41:58 - __main__ - INFO - Initializing attendance service...
2026-01-11 12:41:58 - __main__ - INFO - Initializing camera service...
2026-01-11 12:41:58 - __main__ - INFO - Loaded 1 registered faces
2026-01-11 12:41:58 - __main__ - INFO - API blueprints registered
2026-01-11 12:41:58 - __main__ - INFO - Application initialized successfully
2026-01-11 12:41:58 - werkzeug - WARNING -  * Debugger is active!
2026-01-11 12:41:58 - werkzeug - INFO -  * Debugger PIN: 277-274-484
2026-01-11 12:42:33 - __main__ - WARNING - Could not get dashboard ID: 'FaceDatabase' object has no attribute 'get_student'
2026-01-11 12:42:33 - __main__ - INFO - Face recognized: DASH_stu-00000078 (ID: DASH_stu-00000078, Dashboard: DASH_stu-00000078, Confidence: 0.77)
2026-01-11 12:42:33 - werkzeug - INFO - 127.0.0.1 - - [11/Jan/2026 12:42:33] "POST /recognize_face HTTP/1.1" 200 -
2026-01-11 12:42:40 - __main__ - WARNING - Could not get dashboard ID: 'FaceDatabase' object has no attribute 'get_student'
2026-01-11 12:42:40 - __main__ - INFO - Face recognized: DASH_stu-00000078 (ID: DASH_stu-00000078, Dashboard: DASH_stu-00000078, Confidence: 0.78)
2026-01-11 12:42:40 - werkzeug - INFO - 127.0.0.1 - - [11/Jan/2026 12:42:40] "POST /recognize_face HTTP/1.1" 200 -
2026-01-11 12:42:47 - werkzeug - INFO - 127.0.0.1 - - [11/Jan/2026 12:42:47] "POST /recognize_face HTTP/1.1" 200 -
2026-01-11 12:42:49 - __main__ - WARNING - Could not get dashboard ID: 'FaceDatabase' object has no attribute 'get_student'
2026-01-11 12:42:49 - __main__ - INFO - Face recognized: DASH_stu-00000078 (ID: DASH_stu-00000078, Dashboard: DASH_stu-00000078, Confidence: 0.88)
2026-01-11 12:42:49 - werkzeug - INFO - 127.0.0.1 - - [11/Jan/2026 12:42:49] "POST /recognize_face HTTP/1.1" 200 -
2026-01-11 12:42:57 - __main__ - WARNING - Could not get dashboard ID: 'FaceDatabase' object has no attribute 'get_student'
2026-01-11 12:42:57 - __main__ - INFO - Face recognized: DASH_stu-00000078 (ID: DASH_stu-00000078, Dashboard: DASH_stu-00000078, Confidence: 0.90)
2026-01-11 12:42:57 - werkzeug - INFO - 127.0.0.1 - - [11/Jan/2026 12:42:57] "POST /recognize_face HTTP/1.1" 200 -
2026-01-11 12:44:25 - werkzeug - INFO - 127.0.0.1 - - [11/Jan/2026 12:44:25] "OPTIONS /api/students/register HTTP/1.1" 200 -
2026-01-11 12:44:25 - __main__ - INFO - Starting face registration for student: stu-00000080 (Sanduni Rodrigo) with 40 images
2026-01-11 12:44:25 - database.attendance_db - INFO - Added student: DASH_stu-00000080
2026-01-11 12:44:25 - services.registration_service - INFO - Started capture session: DASH_stu-00000080_1768115665 for Sanduni Rodrigo
2026-01-11 12:44:25 - __main__ - DEBUG - Failed to capture face from image 4: No face detected
2026-01-11 12:44:25 - __main__ - DEBUG - Failed to capture face from image 5: No face detected
2026-01-11 12:44:25 - __main__ - DEBUG - Failed to capture face from image 6: No face detected
2026-01-11 12:44:26 - __main__ - INFO - Captured 37 faces, 3 failed for student stu-00000080
2026-01-11 12:44:26 - __main__ - INFO - Training face model for student stu-00000080...
2026-01-11 12:44:26 - training.face_trainer - INFO - Training student DASH_stu-00000080 with 37 images
2026-01-11 12:44:38 - training.embedding_generator - INFO - Filtered 15 outliers (170 remaining)
2026-01-11 12:44:38 - database.face_database - INFO - Saved 2 embeddings to disk
2026-01-11 12:44:38 - database.face_database - INFO - Added student: DASH_stu-00000080 (DASH_stu-00000080)
2026-01-11 12:44:38 - training.face_trainer - INFO - Trained student DASH_stu-00000080: 37 images, quality=0.77
2026-01-11 12:44:38 - services.registration_service - INFO - Registration completed for DASH_stu-00000080: 37 images
2026-01-11 12:44:38 - core.attendance_engine - INFO - Loaded 2 faces for matching
2026-01-11 12:44:38 - __main__ - INFO - ✓ Student stu-00000080 registered and trained successfully with 37 faces
2026-01-11 12:44:38 - werkzeug - INFO - 127.0.0.1 - - [11/Jan/2026 12:44:38] "POST /api/students/register HTTP/1.1" 200 -
2026-01-11 12:44:57 - werkzeug - INFO - 127.0.0.1 - - [11/Jan/2026 12:44:57] "POST /recognize_face HTTP/1.1" 200 -
2026-01-11 12:44:59 - werkzeug - INFO - 127.0.0.1 - - [11/Jan/2026 12:44:59] "POST /recognize_face HTTP/1.1" 200 -
2026-01-11 12:45:01 - werkzeug - INFO - 127.0.0.1 - - [11/Jan/2026 12:45:01] "POST /recognize_face HTTP/1.1" 200 -
2026-01-11 12:45:03 - werkzeug - INFO - 127.0.0.1 - - [11/Jan/2026 12:45:03] "POST /recognize_face HTTP/1.1" 200 -
2026-01-11 12:45:05 - werkzeug - INFO - 127.0.0.1 - - [11/Jan/2026 12:45:05] "POST /recognize_face HTTP/1.1" 200 -
2026-01-11 12:45:07 - werkzeug - INFO - 127.0.0.1 - - [11/Jan/2026 12:45:07] "POST /recognize_face HTTP/1.1" 200 -
2026-01-11 12:45:09 - werkzeug - INFO - 127.0.0.1 - - [11/Jan/2026 12:45:09] "POST /recognize_face HTTP/1.1" 200 -
2026-01-11 12:45:11 - werkzeug - INFO - 127.0.0.1 - - [11/Jan/2026 12:45:11] "POST /recognize_face HTTP/1.1" 200 -
2026-01-11 12:45:13 - werkzeug - INFO - 127.0.0.1 - - [11/Jan/2026 12:45:13] "POST /recognize_face HTTP/1.1" 200 -
2026-01-11 12:45:15 - werkzeug - INFO - 127.0.0.1 - - [11/Jan/2026 12:45:15] "POST /recognize_face HTTP/1.1" 200 -
2026-01-11 12:45:17 - werkzeug - INFO - 127.0.0.1 - - [11/Jan/2026 12:45:17] "POST /recognize_face HTTP/1.1" 200 -
2026-01-11 12:45:19 - werkzeug - INFO - 127.0.0.1 - - [11/Jan/2026 12:45:19] "POST /recognize_face HTTP/1.1" 200 -
2026-01-11 12:46:35 - werkzeug - INFO - 127.0.0.1 - - [11/Jan/2026 12:46:35] "OPTIONS /api/students/register HTTP/1.1" 200 -
2026-01-11 12:46:35 - __main__ - INFO - Starting face registration for student: stu-00000080 (Sanduni Rodrigo) with 40 images
2026-01-11 12:46:35 - services.registration_service - INFO - Started capture session: DASH_stu-00000080_1768115795 for Sanduni Rodrigo
2026-01-11 12:46:36 - __main__ - INFO - Captured 40 faces, 0 failed for student stu-00000080
2026-01-11 12:46:36 - __main__ - INFO - Training face model for student stu-00000080...
2026-01-11 12:46:36 - training.face_trainer - INFO - Training student DASH_stu-00000080 with 40 images
2026-01-11 12:46:54 - training.embedding_generator - INFO - Filtered 3 outliers (197 remaining)
2026-01-11 12:46:54 - database.face_database - INFO - Saved 2 embeddings to disk
2026-01-11 12:46:54 - database.face_database - INFO - Added student: DASH_stu-00000080 (Sanduni Rodrigo)
2026-01-11 12:46:54 - training.face_trainer - INFO - Trained student DASH_stu-00000080: 40 images, quality=0.90
2026-01-11 12:46:54 - services.registration_service - INFO - Registration completed for DASH_stu-00000080: 40 images
2026-01-11 12:46:54 - core.attendance_engine - INFO - Loaded 2 faces for matching
2026-01-11 12:46:54 - __main__ - INFO - ✓ Student stu-00000080 registered and trained successfully with 40 faces
2026-01-11 12:46:54 - werkzeug - INFO - 127.0.0.1 - - [11/Jan/2026 12:46:54] "POST /api/students/register HTTP/1.1" 200 -
2026-01-11 12:47:06 - werkzeug - INFO - 127.0.0.1 - - [11/Jan/2026 12:47:06] "POST /recognize_face HTTP/1.1" 200 -
2026-01-11 12:47:08 - werkzeug - INFO - 127.0.0.1 - - [11/Jan/2026 12:47:08] "POST /recognize_face HTTP/1.1" 200 -
2026-01-11 12:47:10 - werkzeug - INFO - 127.0.0.1 - - [11/Jan/2026 12:47:10] "POST /recognize_face HTTP/1.1" 200 -
2026-01-11 12:47:12 - werkzeug - INFO - 127.0.0.1 - - [11/Jan/2026 12:47:12] "POST /recognize_face HTTP/1.1" 200 -
2026-01-11 12:47:14 - werkzeug - INFO - 127.0.0.1 - - [11/Jan/2026 12:47:14] "POST /recognize_face HTTP/1.1" 200 -
2026-01-11 12:47:16 - werkzeug - INFO - 127.0.0.1 - - [11/Jan/2026 12:47:16] "POST /recognize_face HTTP/1.1" 200 -
2026-01-11 12:47:18 - werkzeug - INFO - 127.0.0.1 - - [11/Jan/2026 12:47:18] "POST /recognize_face HTTP/1.1" 200 -
2026-01-11 12:47:20 - werkzeug - INFO - 127.0.0.1 - - [11/Jan/2026 12:47:20] "POST /recognize_face HTTP/1.1" 200 -
2026-01-11 12:47:22 - werkzeug - INFO - 127.0.0.1 - - [11/Jan/2026 12:47:22] "POST /recognize_face HTTP/1.1" 200 -
2026-01-11 12:47:24 - __main__ - WARNING - Could not get dashboard ID: 'FaceDatabase' object has no attribute 'get_student'
2026-01-11 12:47:24 - __main__ - INFO - Face recognized: DASH_stu-00000078 (ID: DASH_stu-00000078, Dashboard: DASH_stu-00000078, Confidence: 0.81)
2026-01-11 12:47:24 - werkzeug - INFO - 127.0.0.1 - - [11/Jan/2026 12:47:24] "POST /recognize_face HTTP/1.1" 200 -
2026-01-11 12:47:31 - werkzeug - INFO - 127.0.0.1 - - [11/Jan/2026 12:47:31] "POST /recognize_face HTTP/1.1" 200 -
2026-01-11 12:47:33 - werkzeug - INFO - 127.0.0.1 - - [11/Jan/2026 12:47:33] "POST /recognize_face HTTP/1.1" 200 -
2026-01-11 12:47:35 - werkzeug - INFO - 127.0.0.1 - - [11/Jan/2026 12:47:35] "POST /recognize_face HTTP/1.1" 200 -
2026-01-11 12:47:37 - werkzeug - INFO - 127.0.0.1 - - [11/Jan/2026 12:47:37] "POST /recognize_face HTTP/1.1" 200 -
2026-01-11 12:47:39 - werkzeug - INFO - 127.0.0.1 - - [11/Jan/2026 12:47:39] "POST /recognize_face HTTP/1.1" 200 -
2026-01-11 12:48:05 - werkzeug - INFO - 127.0.0.1 - - [11/Jan/2026 12:48:05] "POST /recognize_face HTTP/1.1" 200 -
2026-01-11 12:48:07 - werkzeug - INFO - 127.0.0.1 - - [11/Jan/2026 12:48:07] "POST /recognize_face HTTP/1.1" 200 -
2026-01-11 12:48:09 - werkzeug - INFO - 127.0.0.1 - - [11/Jan/2026 12:48:09] "POST /recognize_face HTTP/1.1" 200 -
2026-01-11 12:48:11 - werkzeug - INFO - 127.0.0.1 - - [11/Jan/2026 12:48:11] "POST /recognize_face HTTP/1.1" 200 -
2026-01-11 12:48:13 - werkzeug - INFO - 127.0.0.1 - - [11/Jan/2026 12:48:13] "POST /recognize_face HTTP/1.1" 200 -
2026-01-11 12:48:15 - werkzeug - INFO - 127.0.0.1 - - [11/Jan/2026 12:48:15] "POST /recognize_face HTTP/1.1" 200 -
2026-01-11 12:48:17 - werkzeug - INFO - 127.0.0.1 - - [11/Jan/2026 12:48:17] "POST /recognize_face HTTP/1.1" 200 -
2026-01-11 12:48:19 - werkzeug - INFO - 127.0.0.1 - - [11/Jan/2026 12:48:19] "POST /recognize_face HTTP/1.1" 200 -
2026-01-11 12:48:21 - werkzeug - INFO - 127.0.0.1 - - [11/Jan/2026 12:48:21] "POST /recognize_face HTTP/1.1" 200 -
2026-01-11 12:48:23 - werkzeug - INFO - 127.0.0.1 - - [11/Jan/2026 12:48:23] "POST /recognize_face HTTP/1.1" 200 -
2026-01-11 12:48:25 - werkzeug - INFO - 127.0.0.1 - - [11/Jan/2026 12:48:25] "POST /recognize_face HTTP/1.1" 200 -
2026-01-11 12:48:27 - werkzeug - INFO - 127.0.0.1 - - [11/Jan/2026 12:48:27] "POST /recognize_face HTTP/1.1" 200 -
2026-01-11 12:49:06 - werkzeug - INFO - 127.0.0.1 - - [11/Jan/2026 12:49:06] "OPTIONS /api/students/register HTTP/1.1" 200 -
2026-01-11 12:49:06 - __main__ - INFO - Starting face registration for student: stu-00000079 (Kavinda Abeysekara) with 40 images
2026-01-11 12:49:06 - database.attendance_db - INFO - Added student: DASH_stu-00000079
2026-01-11 12:49:06 - services.registration_service - INFO - Started capture session: DASH_stu-00000079_1768115946 for Kavinda Abeysekara
2026-01-11 12:49:07 - __main__ - INFO - Captured 40 faces, 0 failed for student stu-00000079
2026-01-11 12:49:07 - __main__ - INFO - Training face model for student stu-00000079...
2026-01-11 12:49:07 - training.face_trainer - INFO - Training student DASH_stu-00000079 with 40 images
2026-01-11 12:49:23 - training.embedding_generator - INFO - Filtered 11 outliers (189 remaining)
2026-01-11 12:49:23 - database.face_database - INFO - Saved 3 embeddings to disk
2026-01-11 12:49:23 - database.face_database - INFO - Added student: DASH_stu-00000079 (DASH_stu-00000079)
2026-01-11 12:49:23 - training.face_trainer - INFO - Trained student DASH_stu-00000079: 40 images, quality=0.93
2026-01-11 12:49:23 - services.registration_service - INFO - Registration completed for DASH_stu-00000079: 40 images
2026-01-11 12:49:23 - core.attendance_engine - INFO - Loaded 3 faces for matching
2026-01-11 12:49:23 - __main__ - INFO - ✓ Student stu-00000079 registered and trained successfully with 40 faces
2026-01-11 12:49:23 - werkzeug - INFO - 127.0.0.1 - - [11/Jan/2026 12:49:23] "POST /api/students/register HTTP/1.1" 200 -
2026-01-11 12:49:38 - werkzeug - INFO - 127.0.0.1 - - [11/Jan/2026 12:49:38] "POST /recognize_face HTTP/1.1" 200 -
2026-01-11 12:49:40 - werkzeug - INFO - 127.0.0.1 - - [11/Jan/2026 12:49:40] "POST /recognize_face HTTP/1.1" 200 -
2026-01-11 12:49:42 - werkzeug - INFO - 127.0.0.1 - - [11/Jan/2026 12:49:42] "POST /recognize_face HTTP/1.1" 200 -
2026-01-11 12:49:43 - werkzeug - INFO - 127.0.0.1 - - [11/Jan/2026 12:49:43] "POST /recognize_face HTTP/1.1" 200 -
2026-01-11 12:49:46 - werkzeug - INFO - 127.0.0.1 - - [11/Jan/2026 12:49:46] "POST /recognize_face HTTP/1.1" 200 -
2026-01-11 12:49:48 - werkzeug - INFO - 127.0.0.1 - - [11/Jan/2026 12:49:48] "POST /recognize_face HTTP/1.1" 200 -
2026-01-11 12:49:50 - werkzeug - INFO - 127.0.0.1 - - [11/Jan/2026 12:49:50] "POST /recognize_face HTTP/1.1" 200 -
2026-01-11 12:50:29 - werkzeug - INFO - 127.0.0.1 - - [11/Jan/2026 12:50:29] "OPTIONS /api/students/register HTTP/1.1" 200 -
2026-01-11 12:50:29 - __main__ - INFO - Starting face registration for student: stu-00000078 (tharusha Senanayake) with 40 images
2026-01-11 12:50:29 - services.registration_service - INFO - Started capture session: DASH_stu-00000078_1768116029 for tharusha Senanayake
2026-01-11 12:50:30 - __main__ - INFO - Captured 40 faces, 0 failed for student stu-00000078
2026-01-11 12:50:30 - __main__ - INFO - Training face model for student stu-00000078...
2026-01-11 12:50:30 - training.face_trainer - INFO - Training student DASH_stu-00000078 with 40 images
2026-01-11 12:50:48 - training.embedding_generator - INFO - Filtered 9 outliers (191 remaining)
2026-01-11 12:50:48 - database.face_database - INFO - Saved 3 embeddings to disk
2026-01-11 12:50:48 - database.face_database - INFO - Added student: DASH_stu-00000078 (DASH_stu-00000078)
2026-01-11 12:50:48 - training.face_trainer - INFO - Trained student DASH_stu-00000078: 40 images, quality=0.88
2026-01-11 12:50:48 - services.registration_service - INFO - Registration completed for DASH_stu-00000078: 40 images
2026-01-11 12:50:48 - core.attendance_engine - INFO - Loaded 3 faces for matching
2026-01-11 12:50:48 - __main__ - INFO - ✓ Student stu-00000078 registered and trained successfully with 40 faces
2026-01-11 12:50:48 - werkzeug - INFO - 127.0.0.1 - - [11/Jan/2026 12:50:48] "POST /api/students/register HTTP/1.1" 200 -
2026-01-11 12:51:05 - werkzeug - INFO - 127.0.0.1 - - [11/Jan/2026 12:51:05] "POST /recognize_face HTTP/1.1" 200 -
2026-01-11 12:51:07 - werkzeug - INFO - 127.0.0.1 - - [11/Jan/2026 12:51:07] "POST /recognize_face HTTP/1.1" 200 -
2026-01-11 12:51:09 - werkzeug - INFO - 127.0.0.1 - - [11/Jan/2026 12:51:09] "POST /recognize_face HTTP/1.1" 200 -
2026-01-11 12:51:11 - werkzeug - INFO - 127.0.0.1 - - [11/Jan/2026 12:51:11] "POST /recognize_face HTTP/1.1" 200 -
2026-01-11 12:51:13 - werkzeug - INFO - 127.0.0.1 - - [11/Jan/2026 12:51:13] "POST /recognize_face HTTP/1.1" 200 -
2026-01-11 12:51:15 - werkzeug - INFO - 127.0.0.1 - - [11/Jan/2026 12:51:15] "POST /recognize_face HTTP/1.1" 200 -
2026-01-11 12:51:17 - werkzeug - INFO - 127.0.0.1 - - [11/Jan/2026 12:51:17] "POST /recognize_face HTTP/1.1" 200 -
2026-01-11 12:51:19 - werkzeug - INFO - 127.0.0.1 - - [11/Jan/2026 12:51:19] "POST /recognize_face HTTP/1.1" 200 -
2026-01-11 12:51:21 - werkzeug - INFO - 127.0.0.1 - - [11/Jan/2026 12:51:21] "POST /recognize_face HTTP/1.1" 200 -
2026-01-11 12:51:23 - werkzeug - INFO - 127.0.0.1 - - [11/Jan/2026 12:51:23] "POST /recognize_face HTTP/1.1" 200 -
2026-01-11 12:51:25 - werkzeug - INFO - 127.0.0.1 - - [11/Jan/2026 12:51:25] "POST /recognize_face HTTP/1.1" 200 -
2026-01-11 12:51:27 - werkzeug - INFO - 127.0.0.1 - - [11/Jan/2026 12:51:27] "POST /recognize_face HTTP/1.1" 200 -
2026-01-11 12:51:29 - werkzeug - INFO - 127.0.0.1 - - [11/Jan/2026 12:51:29] "POST /recognize_face HTTP/1.1" 200 -
2026-01-11 12:51:31 - werkzeug - INFO - 127.0.0.1 - - [11/Jan/2026 12:51:31] "POST /recognize_face HTTP/1.1" 200 -
2026-01-11 12:51:33 - werkzeug - INFO - 127.0.0.1 - - [11/Jan/2026 12:51:33] "POST /recognize_face HTTP/1.1" 200 -
2026-01-11 12:51:35 - werkzeug - INFO - 127.0.0.1 - - [11/Jan/2026 12:51:35] "POST /recognize_face HTTP/1.1" 200 -
2026-01-11 12:51:37 - werkzeug - INFO - 127.0.0.1 - - [11/Jan/2026 12:51:37] "POST /recognize_face HTTP/1.1" 200 -
2026-01-11 12:51:39 - werkzeug - INFO - 127.0.0.1 - - [11/Jan/2026 12:51:39] "POST /recognize_face HTTP/1.1" 200 -
2026-01-11 12:51:41 - werkzeug - INFO - 127.0.0.1 - - [11/Jan/2026 12:51:41] "POST /recognize_face HTTP/1.1" 200 -
2026-01-11 12:51:43 - werkzeug - INFO - 127.0.0.1 - - [11/Jan/2026 12:51:43] "POST /recognize_face HTTP/1.1" 200 -
2026-01-11 12:51:45 - werkzeug - INFO - 127.0.0.1 - - [11/Jan/2026 12:51:45] "POST /recognize_face HTTP/1.1" 200 -
2026-01-11 12:51:47 - werkzeug - INFO - 127.0.0.1 - - [11/Jan/2026 12:51:47] "POST /recognize_face HTTP/1.1" 200 -
2026-01-11 12:51:49 - werkzeug - INFO - 127.0.0.1 - - [11/Jan/2026 12:51:49] "POST /recognize_face HTTP/1.1" 200 -
2026-01-11 12:51:51 - werkzeug - INFO - 127.0.0.1 - - [11/Jan/2026 12:51:51] "POST /recognize_face HTTP/1.1" 200 -
2026-01-11 12:51:53 - werkzeug - INFO - 127.0.0.1 - - [11/Jan/2026 12:51:53] "POST /recognize_face HTTP/1.1" 200 -
2026-01-11 12:51:55 - werkzeug - INFO - 127.0.0.1 - - [11/Jan/2026 12:51:55] "POST /recognize_face HTTP/1.1" 200 -
2026-01-11 12:51:57 - werkzeug - INFO - 127.0.0.1 - - [11/Jan/2026 12:51:57] "POST /recognize_face HTTP/1.1" 200 -
2026-01-11 12:51:59 - werkzeug - INFO - 127.0.0.1 - - [11/Jan/2026 12:51:59] "POST /recognize_face HTTP/1.1" 200 -
2026-01-11 12:52:38 - werkzeug - INFO - 127.0.0.1 - - [11/Jan/2026 12:52:38] "OPTIONS /api/students/register HTTP/1.1" 200 -
2026-01-11 12:52:38 - __main__ - INFO - Starting face registration for student: stu-00000078 (tharusha Senanayake) with 40 images
2026-01-11 12:52:38 - services.registration_service - INFO - Started capture session: DASH_stu-00000078_1768116158 for tharusha Senanayake
2026-01-11 12:52:39 - __main__ - INFO - Captured 40 faces, 0 failed for student stu-00000078
2026-01-11 12:52:39 - __main__ - INFO - Training face model for student stu-00000078...
2026-01-11 12:52:39 - training.face_trainer - INFO - Training student DASH_stu-00000078 with 40 images
2026-01-11 12:53:01 - training.embedding_generator - INFO - Filtered 8 outliers (192 remaining)
2026-01-11 12:53:01 - database.face_database - INFO - Saved 3 embeddings to disk
2026-01-11 12:53:01 - database.face_database - INFO - Added student: DASH_stu-00000078 (tharusha Senanayake)
2026-01-11 12:53:01 - training.face_trainer - INFO - Trained student DASH_stu-00000078: 40 images, quality=0.81
2026-01-11 12:53:01 - services.registration_service - INFO - Registration completed for DASH_stu-00000078: 40 images
2026-01-11 12:53:01 - core.attendance_engine - INFO - Loaded 3 faces for matching
2026-01-11 12:53:01 - __main__ - INFO - ✓ Student stu-00000078 registered and trained successfully with 40 faces
2026-01-11 12:53:01 - werkzeug - INFO - 127.0.0.1 - - [11/Jan/2026 12:53:01] "POST /api/students/register HTTP/1.1" 200 -
2026-01-11 12:53:11 - __main__ - WARNING - Could not get dashboard ID: 'FaceDatabase' object has no attribute 'get_student'
2026-01-11 12:53:11 - __main__ - INFO - Face recognized: tharusha Senanayake (ID: DASH_stu-00000078, Dashboard: DASH_stu-00000078, Confidence: 0.91)
2026-01-11 12:53:11 - werkzeug - INFO - 127.0.0.1 - - [11/Jan/2026 12:53:11] "POST /recognize_face HTTP/1.1" 200 -
2026-01-11 12:53:18 - __main__ - WARNING - Could not get dashboard ID: 'FaceDatabase' object has no attribute 'get_student'
2026-01-11 12:53:18 - __main__ - INFO - Face recognized: tharusha Senanayake (ID: DASH_stu-00000078, Dashboard: DASH_stu-00000078, Confidence: 0.94)
2026-01-11 12:53:18 - werkzeug - INFO - 127.0.0.1 - - [11/Jan/2026 12:53:18] "POST /recognize_face HTTP/1.1" 200 -
2026-01-11 12:53:25 - __main__ - WARNING - Could not get dashboard ID: 'FaceDatabase' object has no attribute 'get_student'
2026-01-11 12:53:25 - __main__ - INFO - Face recognized: tharusha Senanayake (ID: DASH_stu-00000078, Dashboard: DASH_stu-00000078, Confidence: 0.90)
2026-01-11 12:53:25 - werkzeug - INFO - 127.0.0.1 - - [11/Jan/2026 12:53:25] "POST /recognize_face HTTP/1.1" 200 -
2026-01-11 12:53:33 - __main__ - WARNING - Could not get dashboard ID: 'FaceDatabase' object has no attribute 'get_student'
2026-01-11 12:53:33 - __main__ - INFO - Face recognized: tharusha Senanayake (ID: DASH_stu-00000078, Dashboard: DASH_stu-00000078, Confidence: 0.92)
2026-01-11 12:53:33 - werkzeug - INFO - 127.0.0.1 - - [11/Jan/2026 12:53:33] "POST /recognize_face HTTP/1.1" 200 -
2026-01-11 12:53:40 - __main__ - WARNING - Could not get dashboard ID: 'FaceDatabase' object has no attribute 'get_student'
2026-01-11 12:53:40 - __main__ - INFO - Face recognized: tharusha Senanayake (ID: DASH_stu-00000078, Dashboard: DASH_stu-00000078, Confidence: 0.86)
2026-01-11 12:53:40 - werkzeug - INFO - 127.0.0.1 - - [11/Jan/2026 12:53:40] "POST /recognize_face HTTP/1.1" 200 -
2026-01-11 12:53:47 - werkzeug - INFO -  * Detected change in '/Users/tharusha_rashmika/Documents/projects/aleph/reserch/AI-Powered-Smart-School-Safety-and-Performance-Monitoring-System/Facial Recognition Attendance Systems/core/anti_spoof.py', reloading
2026-01-11 12:53:48 - werkzeug - INFO -  * Restarting with stat
2026-01-11 12:53:49 - __main__ - INFO - Initializing Facial Recognition Attendance System...
2026-01-11 12:53:49 - __main__ - INFO - Initializing face detection...
2026-01-11 12:53:55 - core.face_detector - INFO - MTCNN detector initialized on cpu
2026-01-11 12:53:55 - core.face_detector - INFO - FaceDetector initialized with mtcnn backend
2026-01-11 12:53:55 - __main__ - INFO - Initializing face recognition...
2026-01-11 12:53:55 - core.face_recognizer - WARNING - InsightFace not available, falling back to FaceNet
2026-01-11 12:53:55 - core.face_recognizer - WARNING - arcface failed, falling back to facenet: ArcFace not available
2026-01-11 12:53:55 - core.face_recognizer - INFO - FaceNet recognizer initialized on cpu
2026-01-11 12:53:55 - core.face_recognizer - INFO - FaceRecognizer initialized with facenet backend
2026-01-11 12:53:55 - __main__ - INFO - Initializing face aligner...
2026-01-11 12:53:55 - core.face_aligner - INFO - FaceAligner initialized with target size (160, 160)
2026-01-11 12:53:55 - __main__ - INFO - Initializing face database...
2026-01-11 12:53:55 - database.face_database - INFO - Loaded 3 embeddings from disk
2026-01-11 12:53:55 - database.face_database - INFO - FaceDatabase initialized with 3 faces
2026-01-11 12:53:55 - __main__ - INFO - Initializing attendance database...
2026-01-11 12:53:55 - database.attendance_db - INFO - AttendanceDB initialized: sqlite:////Users/tharusha_rashmika/Documents/projects/aleph/reserch/AI-Powered-Smart-School-Safety-and-Performance-Monitoring-System/Facial Recognition Attendance Systems/data/attendance.db
2026-01-11 12:53:55 - __main__ - INFO - Initializing attendance engine...
2026-01-11 12:53:55 - core.face_detector - INFO - MTCNN detector initialized on cpu
2026-01-11 12:53:55 - core.face_detector - INFO - FaceDetector initialized with mtcnn backend
2026-01-11 12:53:55 - core.face_recognizer - WARNING - InsightFace not available, falling back to FaceNet
2026-01-11 12:53:55 - core.face_recognizer - WARNING - arcface failed, falling back to facenet: ArcFace not available
2026-01-11 12:53:56 - core.face_recognizer - INFO - FaceNet recognizer initialized on cpu
2026-01-11 12:53:56 - core.face_recognizer - INFO - FaceRecognizer initialized with facenet backend
2026-01-11 12:53:56 - core.face_aligner - INFO - FaceAligner initialized with target size (160, 160)
2026-01-11 12:53:56 - core.attendance_engine - INFO - AttendanceEngine initialized
2026-01-11 12:53:56 - core.attendance_engine - INFO - Loaded 3 faces for matching
2026-01-11 12:53:56 - __main__ - INFO - Initializing registration service...
2026-01-11 12:53:56 - __main__ - INFO - Initializing face trainer...
2026-01-11 12:53:56 - training.face_trainer - INFO - FaceTrainer initialized
2026-01-11 12:53:56 - __main__ - INFO - Initializing attendance service...
2026-01-11 12:53:56 - __main__ - INFO - Initializing camera service...
2026-01-11 12:53:56 - __main__ - INFO - Loaded 3 registered faces
2026-01-11 12:53:56 - __main__ - INFO - API blueprints registered
2026-01-11 12:53:56 - __main__ - INFO - Application initialized successfully
2026-01-11 12:53:56 - werkzeug - WARNING -  * Debugger is active!
2026-01-11 12:53:56 - werkzeug - INFO -  * Debugger PIN: 277-274-484
2026-01-11 12:53:56 - __main__ - WARNING - Could not get dashboard ID: 'FaceDatabase' object has no attribute 'get_student'
2026-01-11 12:53:56 - __main__ - INFO - Face recognized: tharusha Senanayake (ID: DASH_stu-00000078, Dashboard: DASH_stu-00000078, Confidence: 0.89)
2026-01-11 12:53:56 - werkzeug - INFO - 127.0.0.1 - - [11/Jan/2026 12:53:56] "POST /recognize_face HTTP/1.1" 200 -
2026-01-11 12:53:56 - __main__ - WARNING - Could not get dashboard ID: 'FaceDatabase' object has no attribute 'get_student'
2026-01-11 12:53:56 - __main__ - INFO - Face recognized: tharusha Senanayake (ID: DASH_stu-00000078, Dashboard: DASH_stu-00000078, Confidence: 0.88)
2026-01-11 12:53:56 - werkzeug - INFO - 127.0.0.1 - - [11/Jan/2026 12:53:56] "POST /recognize_face HTTP/1.1" 200 -
2026-01-11 12:53:57 - __main__ - WARNING - Could not get dashboard ID: 'FaceDatabase' object has no attribute 'get_student'
2026-01-11 12:53:57 - __main__ - INFO - Face recognized: tharusha Senanayake (ID: DASH_stu-00000078, Dashboard: DASH_stu-00000078, Confidence: 0.95)
2026-01-11 12:53:57 - werkzeug - INFO - 127.0.0.1 - - [11/Jan/2026 12:53:57] "POST /recognize_face HTTP/1.1" 200 -
2026-01-11 12:53:57 - __main__ - WARNING - Could not get dashboard ID: 'FaceDatabase' object has no attribute 'get_student'
2026-01-11 12:53:57 - __main__ - INFO - Face recognized: tharusha Senanayake (ID: DASH_stu-00000078, Dashboard: DASH_stu-00000078, Confidence: 0.92)
2026-01-11 12:53:57 - werkzeug - INFO - 127.0.0.1 - - [11/Jan/2026 12:53:57] "POST /recognize_face HTTP/1.1" 200 -
2026-01-11 12:54:35 - werkzeug - INFO -  * Detected change in '/Users/tharusha_rashmika/Documents/projects/aleph/reserch/AI-Powered-Smart-School-Safety-and-Performance-Monitoring-System/Facial Recognition Attendance Systems/core/face_detector.py', reloading
2026-01-11 12:54:36 - werkzeug - INFO -  * Restarting with stat
2026-01-11 12:54:37 - __main__ - INFO - Initializing Facial Recognition Attendance System...
2026-01-11 12:54:37 - __main__ - INFO - Initializing face detection...
2026-01-11 12:54:38 - core.face_detector - INFO - MTCNN detector initialized on cpu
2026-01-11 12:54:38 - core.face_detector - INFO - FaceDetector initialized with mtcnn backend
2026-01-11 12:54:38 - __main__ - INFO - Initializing face recognition...
2026-01-11 12:54:38 - core.face_recognizer - WARNING - InsightFace not available, falling back to FaceNet
2026-01-11 12:54:38 - core.face_recognizer - WARNING - arcface failed, falling back to facenet: ArcFace not available
2026-01-11 12:54:39 - core.face_recognizer - INFO - FaceNet recognizer initialized on cpu
2026-01-11 12:54:39 - core.face_recognizer - INFO - FaceRecognizer initialized with facenet backend
2026-01-11 12:54:39 - __main__ - INFO - Initializing face aligner...
2026-01-11 12:54:39 - core.face_aligner - INFO - FaceAligner initialized with target size (160, 160)
2026-01-11 12:54:39 - __main__ - INFO - Initializing face database...
2026-01-11 12:54:39 - database.face_database - INFO - Loaded 3 embeddings from disk
2026-01-11 12:54:39 - database.face_database - INFO - FaceDatabase initialized with 3 faces
2026-01-11 12:54:39 - __main__ - INFO - Initializing attendance database...
2026-01-11 12:54:39 - database.attendance_db - INFO - AttendanceDB initialized: sqlite:////Users/tharusha_rashmika/Documents/projects/aleph/reserch/AI-Powered-Smart-School-Safety-and-Performance-Monitoring-System/Facial Recognition Attendance Systems/data/attendance.db
2026-01-11 12:54:39 - __main__ - INFO - Initializing attendance engine...
2026-01-11 12:54:39 - core.face_detector - INFO - MTCNN detector initialized on cpu
2026-01-11 12:54:39 - core.face_detector - INFO - FaceDetector initialized with mtcnn backend
2026-01-11 12:54:39 - core.face_recognizer - WARNING - InsightFace not available, falling back to FaceNet
2026-01-11 12:54:39 - core.face_recognizer - WARNING - arcface failed, falling back to facenet: ArcFace not available
2026-01-11 12:54:39 - core.face_recognizer - INFO - FaceNet recognizer initialized on cpu
2026-01-11 12:54:39 - core.face_recognizer - INFO - FaceRecognizer initialized with facenet backend
2026-01-11 12:54:39 - core.face_aligner - INFO - FaceAligner initialized with target size (160, 160)
2026-01-11 12:54:39 - core.attendance_engine - INFO - AttendanceEngine initialized
2026-01-11 12:54:39 - core.attendance_engine - INFO - Loaded 3 faces for matching
2026-01-11 12:54:39 - __main__ - INFO - Initializing registration service...
2026-01-11 12:54:39 - __main__ - INFO - Initializing face trainer...
2026-01-11 12:54:39 - training.face_trainer - INFO - FaceTrainer initialized
2026-01-11 12:54:39 - __main__ - INFO - Initializing attendance service...
2026-01-11 12:54:39 - __main__ - INFO - Initializing camera service...
2026-01-11 12:54:39 - __main__ - INFO - Loaded 3 registered faces
2026-01-11 12:54:39 - __main__ - INFO - API blueprints registered
2026-01-11 12:54:39 - __main__ - INFO - Application initialized successfully
2026-01-11 12:54:39 - werkzeug - WARNING -  * Debugger is active!
2026-01-11 12:54:39 - werkzeug - INFO -  * Debugger PIN: 277-274-484
2026-01-11 12:55:15 - werkzeug - INFO -  * Detected change in '/Users/tharusha_rashmika/Documents/projects/aleph/reserch/AI-Powered-Smart-School-Safety-and-Performance-Monitoring-System/Facial Recognition Attendance Systems/app.py', reloading
2026-01-11 12:55:16 - werkzeug - INFO -  * Restarting with stat
2026-01-11 12:55:16 - __main__ - INFO - Initializing Facial Recognition Attendance System...
2026-01-11 12:55:16 - __main__ - INFO - Initializing face detection...
2026-01-11 12:55:18 - core.face_detector - INFO - MTCNN detector initialized on cpu
2026-01-11 12:55:18 - core.face_detector - INFO - FaceDetector initialized with mtcnn backend
2026-01-11 12:55:18 - __main__ - INFO - Initializing face recognition...
2026-01-11 12:55:18 - core.face_recognizer - WARNING - InsightFace not available, falling back to FaceNet
2026-01-11 12:55:18 - core.face_recognizer - WARNING - arcface failed, falling back to facenet: ArcFace not available
2026-01-11 12:55:18 - core.face_recognizer - INFO - FaceNet recognizer initialized on cpu
2026-01-11 12:55:18 - core.face_recognizer - INFO - FaceRecognizer initialized with facenet backend
2026-01-11 12:55:18 - __main__ - INFO - Initializing face aligner...
2026-01-11 12:55:18 - core.face_aligner - INFO - FaceAligner initialized with target size (160, 160)
2026-01-11 12:55:18 - __main__ - INFO - Initializing face database...
2026-01-11 12:55:18 - database.face_database - INFO - Loaded 3 embeddings from disk
2026-01-11 12:55:18 - database.face_database - INFO - FaceDatabase initialized with 3 faces
2026-01-11 12:55:18 - __main__ - INFO - Initializing attendance database...
2026-01-11 12:55:18 - database.attendance_db - INFO - AttendanceDB initialized: sqlite:////Users/tharusha_rashmika/Documents/projects/aleph/reserch/AI-Powered-Smart-School-Safety-and-Performance-Monitoring-System/Facial Recognition Attendance Systems/data/attendance.db
2026-01-11 12:55:18 - __main__ - INFO - Initializing attendance engine...
2026-01-11 12:55:18 - core.face_detector - INFO - MTCNN detector initialized on cpu
2026-01-11 12:55:18 - core.face_detector - INFO - FaceDetector initialized with mtcnn backend
2026-01-11 12:55:18 - core.face_recognizer - WARNING - InsightFace not available, falling back to FaceNet
2026-01-11 12:55:18 - core.face_recognizer - WARNING - arcface failed, falling back to facenet: ArcFace not available
2026-01-11 12:55:19 - core.face_recognizer - INFO - FaceNet recognizer initialized on cpu
2026-01-11 12:55:19 - core.face_recognizer - INFO - FaceRecognizer initialized with facenet backend
2026-01-11 12:55:19 - core.face_aligner - INFO - FaceAligner initialized with target size (160, 160)
2026-01-11 12:55:19 - core.attendance_engine - INFO - AttendanceEngine initialized
2026-01-11 12:55:19 - core.attendance_engine - INFO - Loaded 3 faces for matching
2026-01-11 12:55:19 - __main__ - INFO - Initializing registration service...
2026-01-11 12:55:19 - __main__ - INFO - Initializing face trainer...
2026-01-11 12:55:19 - training.face_trainer - INFO - FaceTrainer initialized
2026-01-11 12:55:19 - __main__ - INFO - Initializing attendance service...
2026-01-11 12:55:19 - __main__ - INFO - Initializing camera service...
2026-01-11 12:55:19 - __main__ - INFO - Loaded 3 registered faces
2026-01-11 12:55:19 - __main__ - INFO - API blueprints registered
2026-01-11 12:55:19 - __main__ - INFO - Application initialized successfully
2026-01-11 12:55:19 - werkzeug - WARNING -  * Debugger is active!
2026-01-11 12:55:19 - werkzeug - INFO -  * Debugger PIN: 277-274-484
2026-01-11 12:55:22 - __main__ - INFO - Initializing Facial Recognition Attendance System...
2026-01-11 12:55:22 - __main__ - INFO - Initializing face detection...
2026-01-11 12:55:24 - core.face_detector - INFO - MTCNN detector initialized on cpu
2026-01-11 12:55:24 - core.face_detector - INFO - FaceDetector initialized with mtcnn backend
2026-01-11 12:55:24 - __main__ - INFO - Initializing face recognition...
2026-01-11 12:55:24 - core.face_recognizer - WARNING - InsightFace not available, falling back to FaceNet
2026-01-11 12:55:24 - core.face_recognizer - WARNING - arcface failed, falling back to facenet: ArcFace not available
2026-01-11 12:55:24 - core.face_recognizer - INFO - FaceNet recognizer initialized on cpu
2026-01-11 12:55:24 - core.face_recognizer - INFO - FaceRecognizer initialized with facenet backend
2026-01-11 12:55:24 - __main__ - INFO - Initializing face aligner...
2026-01-11 12:55:24 - core.face_aligner - INFO - FaceAligner initialized with target size (160, 160)
2026-01-11 12:55:24 - __main__ - INFO - Initializing face database...
2026-01-11 12:55:24 - database.face_database - INFO - Loaded 3 embeddings from disk
2026-01-11 12:55:24 - database.face_database - INFO - FaceDatabase initialized with 3 faces
2026-01-11 12:55:24 - __main__ - INFO - Initializing attendance database...
2026-01-11 12:55:24 - database.attendance_db - INFO - AttendanceDB initialized: sqlite:////Users/tharusha_rashmika/Documents/projects/aleph/reserch/AI-Powered-Smart-School-Safety-and-Performance-Monitoring-System/Facial Recognition Attendance Systems/data/attendance.db
2026-01-11 12:55:24 - __main__ - INFO - Initializing attendance engine...
2026-01-11 12:55:24 - core.face_detector - INFO - MTCNN detector initialized on cpu
2026-01-11 12:55:24 - core.face_detector - INFO - FaceDetector initialized with mtcnn backend
2026-01-11 12:55:24 - core.face_recognizer - WARNING - InsightFace not available, falling back to FaceNet
2026-01-11 12:55:24 - core.face_recognizer - WARNING - arcface failed, falling back to facenet: ArcFace not available
2026-01-11 12:55:25 - core.face_recognizer - INFO - FaceNet recognizer initialized on cpu
2026-01-11 12:55:25 - core.face_recognizer - INFO - FaceRecognizer initialized with facenet backend
2026-01-11 12:55:25 - core.face_aligner - INFO - FaceAligner initialized with target size (160, 160)
2026-01-11 12:55:25 - core.attendance_engine - INFO - AttendanceEngine initialized
2026-01-11 12:55:25 - core.attendance_engine - INFO - Loaded 3 faces for matching
2026-01-11 12:55:25 - __main__ - INFO - Initializing registration service...
2026-01-11 12:55:25 - __main__ - INFO - Initializing face trainer...
2026-01-11 12:55:25 - training.face_trainer - INFO - FaceTrainer initialized
2026-01-11 12:55:25 - __main__ - INFO - Initializing attendance service...
2026-01-11 12:55:25 - __main__ - INFO - Initializing camera service...
2026-01-11 12:55:25 - __main__ - INFO - Loaded 3 registered faces
2026-01-11 12:55:25 - __main__ - INFO - API blueprints registered
2026-01-11 12:55:25 - __main__ - INFO - Application initialized successfully
2026-01-11 12:55:25 - werkzeug - INFO - [31m[1mWARNING: This is a development server. Do not use it in a production deployment. Use a production WSGI server instead.[0m
 * Running on all addresses (0.0.0.0)
 * Running on http://127.0.0.1:5004
 * Running on http://192.168.8.171:5004
2026-01-11 12:55:25 - werkzeug - INFO - [33mPress CTRL+C to quit[0m
2026-01-11 12:55:25 - werkzeug - INFO -  * Restarting with stat
2026-01-11 12:55:25 - __main__ - INFO - Initializing Facial Recognition Attendance System...
2026-01-11 12:55:25 - __main__ - INFO - Initializing face detection...
2026-01-11 12:55:27 - core.face_detector - INFO - MTCNN detector initialized on cpu
2026-01-11 12:55:27 - core.face_detector - INFO - FaceDetector initialized with mtcnn backend
2026-01-11 12:55:27 - __main__ - INFO - Initializing face recognition...
2026-01-11 12:55:27 - core.face_recognizer - WARNING - InsightFace not available, falling back to FaceNet
2026-01-11 12:55:27 - core.face_recognizer - WARNING - arcface failed, falling back to facenet: ArcFace not available
2026-01-11 12:55:27 - core.face_recognizer - INFO - FaceNet recognizer initialized on cpu
2026-01-11 12:55:27 - core.face_recognizer - INFO - FaceRecognizer initialized with facenet backend
2026-01-11 12:55:27 - __main__ - INFO - Initializing face aligner...
2026-01-11 12:55:27 - core.face_aligner - INFO - FaceAligner initialized with target size (160, 160)
2026-01-11 12:55:27 - __main__ - INFO - Initializing face database...
2026-01-11 12:55:27 - database.face_database - INFO - Loaded 3 embeddings from disk
2026-01-11 12:55:27 - database.face_database - INFO - FaceDatabase initialized with 3 faces
2026-01-11 12:55:27 - __main__ - INFO - Initializing attendance database...
2026-01-11 12:55:27 - database.attendance_db - INFO - AttendanceDB initialized: sqlite:////Users/tharusha_rashmika/Documents/projects/aleph/reserch/AI-Powered-Smart-School-Safety-and-Performance-Monitoring-System/Facial Recognition Attendance Systems/data/attendance.db
2026-01-11 12:55:27 - __main__ - INFO - Initializing attendance engine...
2026-01-11 12:55:27 - core.face_detector - INFO - MTCNN detector initialized on cpu
2026-01-11 12:55:27 - core.face_detector - INFO - FaceDetector initialized with mtcnn backend
2026-01-11 12:55:27 - core.face_recognizer - WARNING - InsightFace not available, falling back to FaceNet
2026-01-11 12:55:27 - core.face_recognizer - WARNING - arcface failed, falling back to facenet: ArcFace not available
2026-01-11 12:55:27 - core.face_recognizer - INFO - FaceNet recognizer initialized on cpu
2026-01-11 12:55:27 - core.face_recognizer - INFO - FaceRecognizer initialized with facenet backend
2026-01-11 12:55:27 - core.face_aligner - INFO - FaceAligner initialized with target size (160, 160)
2026-01-11 12:55:27 - core.attendance_engine - INFO - AttendanceEngine initialized
2026-01-11 12:55:27 - core.attendance_engine - INFO - Loaded 3 faces for matching
2026-01-11 12:55:27 - __main__ - INFO - Initializing registration service...
2026-01-11 12:55:27 - __main__ - INFO - Initializing face trainer...
2026-01-11 12:55:27 - training.face_trainer - INFO - FaceTrainer initialized
2026-01-11 12:55:27 - __main__ - INFO - Initializing attendance service...
2026-01-11 12:55:27 - __main__ - INFO - Initializing camera service...
2026-01-11 12:55:27 - __main__ - INFO - Loaded 3 registered faces
2026-01-11 12:55:27 - __main__ - INFO - API blueprints registered
2026-01-11 12:55:27 - __main__ - INFO - Application initialized successfully
2026-01-11 12:55:28 - werkzeug - WARNING -  * Debugger is active!
2026-01-11 12:55:28 - werkzeug - INFO -  * Debugger PIN: 277-274-484
2026-01-11 13:03:56 - __main__ - WARNING - Could not get dashboard ID: 'FaceDatabase' object has no attribute 'get_student'
2026-01-11 13:03:56 - __main__ - INFO - Face recognized: tharusha Senanayake (ID: DASH_stu-00000078, Dashboard: DASH_stu-00000078, Confidence: 0.87)
2026-01-11 13:03:56 - werkzeug - INFO - 127.0.0.1 - - [11/Jan/2026 13:03:56] "POST /recognize_face HTTP/1.1" 200 -
2026-01-11 13:03:57 - __main__ - WARNING - Could not get dashboard ID: 'FaceDatabase' object has no attribute 'get_student'
2026-01-11 13:03:57 - __main__ - INFO - Face recognized: tharusha Senanayake (ID: DASH_stu-00000078, Dashboard: DASH_stu-00000078, Confidence: 0.87)
2026-01-11 13:03:57 - werkzeug - INFO - 127.0.0.1 - - [11/Jan/2026 13:03:57] "POST /recognize_face HTTP/1.1" 200 -
2026-01-11 13:04:02 - __main__ - WARNING - Could not get dashboard ID: 'FaceDatabase' object has no attribute 'get_student'
2026-01-11 13:04:02 - __main__ - INFO - Face recognized: tharusha Senanayake (ID: DASH_stu-00000078, Dashboard: DASH_stu-00000078, Confidence: 0.86)
2026-01-11 13:04:02 - werkzeug - INFO - 127.0.0.1 - - [11/Jan/2026 13:04:02] "POST /recognize_face HTTP/1.1" 200 -
2026-01-11 13:04:07 - __main__ - WARNING - Could not get dashboard ID: 'FaceDatabase' object has no attribute 'get_student'
2026-01-11 13:04:07 - __main__ - INFO - Face recognized: tharusha Senanayake (ID: DASH_stu-00000078, Dashboard: DASH_stu-00000078, Confidence: 0.90)
2026-01-11 13:04:07 - werkzeug - INFO - 127.0.0.1 - - [11/Jan/2026 13:04:07] "POST /recognize_face HTTP/1.1" 200 -
2026-01-11 13:04:08 - werkzeug - INFO - 127.0.0.1 - - [11/Jan/2026 13:04:08] "POST /recognize_face HTTP/1.1" 200 -
2026-01-11 13:04:08 - werkzeug - INFO - 127.0.0.1 - - [11/Jan/2026 13:04:08] "POST /recognize_face HTTP/1.1" 200 -
2026-01-11 13:04:09 - werkzeug - INFO - 127.0.0.1 - - [11/Jan/2026 13:04:09] "POST /recognize_face HTTP/1.1" 200 -
2026-01-11 13:04:09 - __main__ - WARNING - Could not get dashboard ID: 'FaceDatabase' object has no attribute 'get_student'
2026-01-11 13:04:09 - __main__ - INFO - Face recognized: tharusha Senanayake (ID: DASH_stu-00000078, Dashboard: DASH_stu-00000078, Confidence: 0.89)
2026-01-11 13:04:09 - werkzeug - INFO - 127.0.0.1 - - [11/Jan/2026 13:04:09] "POST /recognize_face HTTP/1.1" 200 -
2026-01-11 13:04:13 - __main__ - WARNING - Could not get dashboard ID: 'FaceDatabase' object has no attribute 'get_student'
2026-01-11 13:04:13 - __main__ - INFO - Face recognized: tharusha Senanayake (ID: DASH_stu-00000078, Dashboard: DASH_stu-00000078, Confidence: 0.87)
2026-01-11 13:04:13 - werkzeug - INFO - 127.0.0.1 - - [11/Jan/2026 13:04:13] "POST /recognize_face HTTP/1.1" 200 -
2026-01-11 13:04:15 - werkzeug - INFO - 127.0.0.1 - - [11/Jan/2026 13:04:15] "POST /recognize_face HTTP/1.1" 200 -
2026-01-11 13:04:16 - __main__ - WARNING - Could not get dashboard ID: 'FaceDatabase' object has no attribute 'get_student'
2026-01-11 13:04:16 - __main__ - INFO - Face recognized: tharusha Senanayake (ID: DASH_stu-00000078, Dashboard: DASH_stu-00000078, Confidence: 0.89)
2026-01-11 13:04:16 - werkzeug - INFO - 127.0.0.1 - - [11/Jan/2026 13:04:16] "POST /recognize_face HTTP/1.1" 200 -
2026-01-11 13:04:18 - __main__ - WARNING - Could not get dashboard ID: 'FaceDatabase' object has no attribute 'get_student'
2026-01-11 13:04:18 - __main__ - INFO - Face recognized: tharusha Senanayake (ID: DASH_stu-00000078, Dashboard: DASH_stu-00000078, Confidence: 0.84)
2026-01-11 13:04:18 - werkzeug - INFO - 127.0.0.1 - - [11/Jan/2026 13:04:18] "POST /recognize_face HTTP/1.1" 200 -
2026-01-11 13:04:21 - __main__ - WARNING - Could not get dashboard ID: 'FaceDatabase' object has no attribute 'get_student'
2026-01-11 13:04:21 - __main__ - INFO - Face recognized: tharusha Senanayake (ID: DASH_stu-00000078, Dashboard: DASH_stu-00000078, Confidence: 0.84)
2026-01-11 13:04:21 - werkzeug - INFO - 127.0.0.1 - - [11/Jan/2026 13:04:21] "POST /recognize_face HTTP/1.1" 200 -
2026-01-11 13:04:24 - __main__ - WARNING - Could not get dashboard ID: 'FaceDatabase' object has no attribute 'get_student'
2026-01-11 13:04:24 - __main__ - INFO - Face recognized: tharusha Senanayake (ID: DASH_stu-00000078, Dashboard: DASH_stu-00000078, Confidence: 0.88)
2026-01-11 13:04:24 - werkzeug - INFO - 127.0.0.1 - - [11/Jan/2026 13:04:24] "POST /recognize_face HTTP/1.1" 200 -
2026-01-11 13:05:16 - werkzeug - INFO -  * Detected change in '/Users/tharusha_rashmika/Documents/projects/aleph/reserch/AI-Powered-Smart-School-Safety-and-Performance-Monitoring-System/Facial Recognition Attendance Systems/core/attendance_engine.py', reloading
2026-01-11 13:05:17 - werkzeug - INFO -  * Restarting with stat
2026-01-11 13:05:17 - __main__ - INFO - Initializing Facial Recognition Attendance System...
2026-01-11 13:05:17 - __main__ - INFO - Initializing face detection...
2026-01-11 13:05:19 - core.face_detector - INFO - MTCNN detector initialized on cpu
2026-01-11 13:05:19 - core.face_detector - INFO - FaceDetector initialized with mtcnn backend
2026-01-11 13:05:19 - __main__ - INFO - Initializing face recognition...
2026-01-11 13:05:19 - core.face_recognizer - WARNING - InsightFace not available, falling back to FaceNet
2026-01-11 13:05:19 - core.face_recognizer - WARNING - arcface failed, falling back to facenet: ArcFace not available
2026-01-11 13:05:19 - core.face_recognizer - INFO - FaceNet recognizer initialized on cpu
2026-01-11 13:05:19 - core.face_recognizer - INFO - FaceRecognizer initialized with facenet backend
2026-01-11 13:05:19 - __main__ - INFO - Initializing face aligner...
2026-01-11 13:05:19 - core.face_aligner - INFO - FaceAligner initialized with target size (160, 160)
2026-01-11 13:05:19 - __main__ - INFO - Initializing face database...
2026-01-11 13:05:19 - database.face_database - INFO - Loaded 3 embeddings from disk
2026-01-11 13:05:19 - database.face_database - INFO - FaceDatabase initialized with 3 faces
2026-01-11 13:05:19 - __main__ - INFO - Initializing attendance database...
2026-01-11 13:05:19 - database.attendance_db - INFO - AttendanceDB initialized: sqlite:////Users/tharusha_rashmika/Documents/projects/aleph/reserch/AI-Powered-Smart-School-Safety-and-Performance-Monitoring-System/Facial Recognition Attendance Systems/data/attendance.db
2026-01-11 13:05:19 - __main__ - INFO - Initializing attendance engine...
2026-01-11 13:05:19 - core.face_detector - INFO - MTCNN detector initialized on cpu
2026-01-11 13:05:19 - core.face_detector - INFO - FaceDetector initialized with mtcnn backend
2026-01-11 13:05:19 - core.face_recognizer - WARNING - InsightFace not available, falling back to FaceNet
2026-01-11 13:05:19 - core.face_recognizer - WARNING - arcface failed, falling back to facenet: ArcFace not available
2026-01-11 13:05:20 - core.face_recognizer - INFO - FaceNet recognizer initialized on cpu
2026-01-11 13:05:20 - core.face_recognizer - INFO - FaceRecognizer initialized with facenet backend
2026-01-11 13:05:20 - core.face_aligner - INFO - FaceAligner initialized with target size (160, 160)
2026-01-11 13:05:20 - core.attendance_engine - INFO - AttendanceEngine initialized
2026-01-11 13:05:20 - core.attendance_engine - INFO - Loaded 3 faces for matching
2026-01-11 13:05:20 - __main__ - INFO - Initializing registration service...
2026-01-11 13:05:20 - __main__ - INFO - Initializing face trainer...
2026-01-11 13:05:20 - training.face_trainer - INFO - FaceTrainer initialized
2026-01-11 13:05:20 - __main__ - INFO - Initializing attendance service...
2026-01-11 13:05:20 - __main__ - INFO - Initializing camera service...
2026-01-11 13:05:20 - __main__ - INFO - Loaded 3 registered faces
2026-01-11 13:05:20 - __main__ - INFO - API blueprints registered
2026-01-11 13:05:20 - __main__ - INFO - Application initialized successfully
2026-01-11 13:05:20 - werkzeug - WARNING -  * Debugger is active!
2026-01-11 13:05:20 - werkzeug - INFO -  * Debugger PIN: 277-274-484
2026-01-11 13:09:46 - __main__ - INFO - Initializing Facial Recognition Attendance System...
2026-01-11 13:09:46 - __main__ - INFO - Initializing face detection...
2026-01-11 13:09:48 - core.face_detector - INFO - MTCNN detector initialized on cpu
2026-01-11 13:09:48 - core.face_detector - INFO - FaceDetector initialized with mtcnn backend
2026-01-11 13:09:48 - __main__ - INFO - Initializing face recognition...
2026-01-11 13:09:48 - core.face_recognizer - WARNING - InsightFace not available, falling back to FaceNet
2026-01-11 13:09:48 - core.face_recognizer - WARNING - arcface failed, falling back to facenet: ArcFace not available
2026-01-11 13:09:49 - core.face_recognizer - INFO - FaceNet recognizer initialized on cpu
2026-01-11 13:09:49 - core.face_recognizer - INFO - FaceRecognizer initialized with facenet backend
2026-01-11 13:09:49 - __main__ - INFO - Initializing face aligner...
2026-01-11 13:09:49 - core.face_aligner - INFO - FaceAligner initialized with target size (160, 160)
2026-01-11 13:09:49 - __main__ - INFO - Initializing face database...
2026-01-11 13:09:49 - database.face_database - INFO - Loaded 3 embeddings from disk
2026-01-11 13:09:49 - database.face_database - INFO - FaceDatabase initialized with 3 faces
2026-01-11 13:09:49 - __main__ - INFO - Initializing attendance database...
2026-01-11 13:09:49 - database.attendance_db - INFO - AttendanceDB initialized: sqlite:////Users/tharusha_rashmika/Documents/projects/aleph/reserch/AI-Powered-Smart-School-Safety-and-Performance-Monitoring-System/Facial Recognition Attendance Systems/data/attendance.db
2026-01-11 13:09:49 - __main__ - INFO - Initializing attendance engine...
2026-01-11 13:09:49 - core.face_detector - INFO - MTCNN detector initialized on cpu
2026-01-11 13:09:49 - core.face_detector - INFO - FaceDetector initialized with mtcnn backend
2026-01-11 13:09:49 - core.face_recognizer - WARNING - InsightFace not available, falling back to FaceNet
2026-01-11 13:09:49 - core.face_recognizer - WARNING - arcface failed, falling back to facenet: ArcFace not available
2026-01-11 13:09:49 - core.face_recognizer - INFO - FaceNet recognizer initialized on cpu
2026-01-11 13:09:49 - core.face_recognizer - INFO - FaceRecognizer initialized with facenet backend
2026-01-11 13:09:49 - core.face_aligner - INFO - FaceAligner initialized with target size (160, 160)
2026-01-11 13:09:49 - core.attendance_engine - INFO - AttendanceEngine initialized
2026-01-11 13:09:49 - core.attendance_engine - INFO - Loaded 3 faces for matching
2026-01-11 13:09:49 - core.attendance_engine - INFO - Multi-embeddings available for 0 students
2026-01-11 13:09:49 - __main__ - INFO - Initializing registration service...
2026-01-11 13:09:49 - __main__ - INFO - Initializing face trainer...
2026-01-11 13:09:49 - training.face_trainer - INFO - FaceTrainer initialized
2026-01-11 13:09:49 - __main__ - INFO - Initializing attendance service...
2026-01-11 13:09:49 - __main__ - INFO - Initializing camera service...
2026-01-11 13:09:49 - __main__ - INFO - Loaded 3 registered faces
2026-01-11 13:09:49 - __main__ - INFO - API blueprints registered
2026-01-11 13:09:49 - __main__ - INFO - Application initialized successfully
2026-01-11 13:09:49 - werkzeug - INFO - [31m[1mWARNING: This is a development server. Do not use it in a production deployment. Use a production WSGI server instead.[0m
 * Running on all addresses (0.0.0.0)
 * Running on http://127.0.0.1:5004
 * Running on http://192.168.8.171:5004
2026-01-11 13:09:49 - werkzeug - INFO - [33mPress CTRL+C to quit[0m
2026-01-11 13:09:49 - werkzeug - INFO -  * Restarting with stat
2026-01-11 13:09:49 - __main__ - INFO - Initializing Facial Recognition Attendance System...
2026-01-11 13:09:49 - __main__ - INFO - Initializing face detection...
2026-01-11 13:09:51 - core.face_detector - INFO - MTCNN detector initialized on cpu
2026-01-11 13:09:51 - core.face_detector - INFO - FaceDetector initialized with mtcnn backend
2026-01-11 13:09:51 - __main__ - INFO - Initializing face recognition...
2026-01-11 13:09:51 - core.face_recognizer - WARNING - InsightFace not available, falling back to FaceNet
2026-01-11 13:09:51 - core.face_recognizer - WARNING - arcface failed, falling back to facenet: ArcFace not available
2026-01-11 13:09:51 - core.face_recognizer - INFO - FaceNet recognizer initialized on cpu
2026-01-11 13:09:51 - core.face_recognizer - INFO - FaceRecognizer initialized with facenet backend
2026-01-11 13:09:51 - __main__ - INFO - Initializing face aligner...
2026-01-11 13:09:51 - core.face_aligner - INFO - FaceAligner initialized with target size (160, 160)
2026-01-11 13:09:51 - __main__ - INFO - Initializing face database...
2026-01-11 13:09:51 - database.face_database - INFO - Loaded 3 embeddings from disk
2026-01-11 13:09:51 - database.face_database - INFO - FaceDatabase initialized with 3 faces
2026-01-11 13:09:51 - __main__ - INFO - Initializing attendance database...
2026-01-11 13:09:51 - database.attendance_db - INFO - AttendanceDB initialized: sqlite:////Users/tharusha_rashmika/Documents/projects/aleph/reserch/AI-Powered-Smart-School-Safety-and-Performance-Monitoring-System/Facial Recognition Attendance Systems/data/attendance.db
2026-01-11 13:09:51 - __main__ - INFO - Initializing attendance engine...
2026-01-11 13:09:51 - core.face_detector - INFO - MTCNN detector initialized on cpu
2026-01-11 13:09:51 - core.face_detector - INFO - FaceDetector initialized with mtcnn backend
2026-01-11 13:09:51 - core.face_recognizer - WARNING - InsightFace not available, falling back to FaceNet
2026-01-11 13:09:51 - core.face_recognizer - WARNING - arcface failed, falling back to facenet: ArcFace not available
2026-01-11 13:09:51 - core.face_recognizer - INFO - FaceNet recognizer initialized on cpu
2026-01-11 13:09:51 - core.face_recognizer - INFO - FaceRecognizer initialized with facenet backend
2026-01-11 13:09:51 - core.face_aligner - INFO - FaceAligner initialized with target size (160, 160)
2026-01-11 13:09:51 - core.attendance_engine - INFO - AttendanceEngine initialized
2026-01-11 13:09:51 - core.attendance_engine - INFO - Loaded 3 faces for matching
2026-01-11 13:09:51 - core.attendance_engine - INFO - Multi-embeddings available for 0 students
2026-01-11 13:09:51 - __main__ - INFO - Initializing registration service...
2026-01-11 13:09:51 - __main__ - INFO - Initializing face trainer...
2026-01-11 13:09:51 - training.face_trainer - INFO - FaceTrainer initialized
2026-01-11 13:09:51 - __main__ - INFO - Initializing attendance service...
2026-01-11 13:09:51 - __main__ - INFO - Initializing camera service...
2026-01-11 13:09:51 - __main__ - INFO - Loaded 3 registered faces
2026-01-11 13:09:51 - __main__ - INFO - API blueprints registered
2026-01-11 13:09:51 - __main__ - INFO - Application initialized successfully
2026-01-11 13:09:51 - werkzeug - WARNING -  * Debugger is active!
2026-01-11 13:09:51 - werkzeug - INFO -  * Debugger PIN: 277-274-484
2026-01-11 13:10:22 - __main__ - INFO - Initializing Facial Recognition Attendance System...
2026-01-11 13:10:22 - __main__ - INFO - Initializing face detection...
2026-01-11 13:10:24 - core.face_detector - INFO - MTCNN detector initialized on cpu
2026-01-11 13:10:24 - core.face_detector - INFO - FaceDetector initialized with mtcnn backend
2026-01-11 13:10:24 - __main__ - INFO - Initializing face recognition...
2026-01-11 13:10:24 - core.face_recognizer - WARNING - InsightFace not available, falling back to FaceNet
2026-01-11 13:10:24 - core.face_recognizer - WARNING - arcface failed, falling back to facenet: ArcFace not available
2026-01-11 13:10:24 - core.face_recognizer - INFO - FaceNet recognizer initialized on cpu
2026-01-11 13:10:24 - core.face_recognizer - INFO - FaceRecognizer initialized with facenet backend
2026-01-11 13:10:24 - __main__ - INFO - Initializing face aligner...
2026-01-11 13:10:24 - core.face_aligner - INFO - FaceAligner initialized with target size (160, 160)
2026-01-11 13:10:24 - __main__ - INFO - Initializing face database...
2026-01-11 13:10:24 - database.face_database - INFO - Loaded 3 embeddings from disk
2026-01-11 13:10:24 - database.face_database - INFO - FaceDatabase initialized with 3 faces
2026-01-11 13:10:24 - __main__ - INFO - Initializing attendance database...
2026-01-11 13:10:24 - database.attendance_db - INFO - AttendanceDB initialized: sqlite:////Users/tharusha_rashmika/Documents/projects/aleph/reserch/AI-Powered-Smart-School-Safety-and-Performance-Monitoring-System/Facial Recognition Attendance Systems/data/attendance.db
2026-01-11 13:10:24 - __main__ - INFO - Initializing attendance engine...
2026-01-11 13:10:24 - core.face_detector - INFO - MTCNN detector initialized on cpu
2026-01-11 13:10:24 - core.face_detector - INFO - FaceDetector initialized with mtcnn backend
2026-01-11 13:10:24 - core.face_recognizer - WARNING - InsightFace not available, falling back to FaceNet
2026-01-11 13:10:24 - core.face_recognizer - WARNING - arcface failed, falling back to facenet: ArcFace not available
2026-01-11 13:10:24 - core.face_recognizer - INFO - FaceNet recognizer initialized on cpu
2026-01-11 13:10:24 - core.face_recognizer - INFO - FaceRecognizer initialized with facenet backend
2026-01-11 13:10:24 - core.face_aligner - INFO - FaceAligner initialized with target size (160, 160)
2026-01-11 13:10:24 - core.attendance_engine - INFO - AttendanceEngine initialized
2026-01-11 13:10:24 - core.attendance_engine - INFO - Loaded 3 faces for matching
2026-01-11 13:10:24 - core.attendance_engine - INFO - Multi-embeddings available for 0 students
2026-01-11 13:10:24 - __main__ - INFO - Initializing registration service...
2026-01-11 13:10:24 - __main__ - INFO - Initializing face trainer...
2026-01-11 13:10:24 - training.face_trainer - INFO - FaceTrainer initialized
2026-01-11 13:10:24 - __main__ - INFO - Initializing attendance service...
2026-01-11 13:10:24 - __main__ - INFO - Initializing camera service...
2026-01-11 13:10:24 - __main__ - INFO - Loaded 3 registered faces
2026-01-11 13:10:24 - __main__ - INFO - API blueprints registered
2026-01-11 13:10:24 - __main__ - INFO - Application initialized successfully
2026-01-11 13:10:24 - werkzeug - INFO - [31m[1mWARNING: This is a development server. Do not use it in a production deployment. Use a production WSGI server instead.[0m
 * Running on all addresses (0.0.0.0)
 * Running on http://127.0.0.1:5004
 * Running on http://192.168.8.171:5004
2026-01-11 13:10:24 - werkzeug - INFO - [33mPress CTRL+C to quit[0m
2026-01-11 13:10:24 - werkzeug - INFO -  * Restarting with stat
2026-01-11 13:10:25 - __main__ - INFO - Initializing Facial Recognition Attendance System...
2026-01-11 13:10:25 - __main__ - INFO - Initializing face detection...
2026-01-11 13:10:26 - core.face_detector - INFO - MTCNN detector initialized on cpu
2026-01-11 13:10:26 - core.face_detector - INFO - FaceDetector initialized with mtcnn backend
2026-01-11 13:10:26 - __main__ - INFO - Initializing face recognition...
2026-01-11 13:10:26 - core.face_recognizer - WARNING - InsightFace not available, falling back to FaceNet
2026-01-11 13:10:26 - core.face_recognizer - WARNING - arcface failed, falling back to facenet: ArcFace not available
2026-01-11 13:10:26 - core.face_recognizer - INFO - FaceNet recognizer initialized on cpu
2026-01-11 13:10:26 - core.face_recognizer - INFO - FaceRecognizer initialized with facenet backend
2026-01-11 13:10:26 - __main__ - INFO - Initializing face aligner...
2026-01-11 13:10:26 - core.face_aligner - INFO - FaceAligner initialized with target size (160, 160)
2026-01-11 13:10:26 - __main__ - INFO - Initializing face database...
2026-01-11 13:10:27 - database.face_database - INFO - Loaded 3 embeddings from disk
2026-01-11 13:10:27 - database.face_database - INFO - FaceDatabase initialized with 3 faces
2026-01-11 13:10:27 - __main__ - INFO - Initializing attendance database...
2026-01-11 13:10:27 - database.attendance_db - INFO - AttendanceDB initialized: sqlite:////Users/tharusha_rashmika/Documents/projects/aleph/reserch/AI-Powered-Smart-School-Safety-and-Performance-Monitoring-System/Facial Recognition Attendance Systems/data/attendance.db
2026-01-11 13:10:27 - __main__ - INFO - Initializing attendance engine...
2026-01-11 13:10:27 - core.face_detector - INFO - MTCNN detector initialized on cpu
2026-01-11 13:10:27 - core.face_detector - INFO - FaceDetector initialized with mtcnn backend
2026-01-11 13:10:27 - core.face_recognizer - WARNING - InsightFace not available, falling back to FaceNet
2026-01-11 13:10:27 - core.face_recognizer - WARNING - arcface failed, falling back to facenet: ArcFace not available
2026-01-11 13:10:27 - core.face_recognizer - INFO - FaceNet recognizer initialized on cpu
2026-01-11 13:10:27 - core.face_recognizer - INFO - FaceRecognizer initialized with facenet backend
2026-01-11 13:10:27 - core.face_aligner - INFO - FaceAligner initialized with target size (160, 160)
2026-01-11 13:10:27 - core.attendance_engine - INFO - AttendanceEngine initialized
2026-01-11 13:10:27 - core.attendance_engine - INFO - Loaded 3 faces for matching
2026-01-11 13:10:27 - core.attendance_engine - INFO - Multi-embeddings available for 0 students
2026-01-11 13:10:27 - __main__ - INFO - Initializing registration service...
2026-01-11 13:10:27 - __main__ - INFO - Initializing face trainer...
2026-01-11 13:10:27 - training.face_trainer - INFO - FaceTrainer initialized
2026-01-11 13:10:27 - __main__ - INFO - Initializing attendance service...
2026-01-11 13:10:27 - __main__ - INFO - Initializing camera service...
2026-01-11 13:10:27 - __main__ - INFO - Loaded 3 registered faces
2026-01-11 13:10:27 - __main__ - INFO - API blueprints registered
2026-01-11 13:10:27 - __main__ - INFO - Application initialized successfully
2026-01-11 13:10:27 - werkzeug - WARNING -  * Debugger is active!
2026-01-11 13:10:27 - werkzeug - INFO -  * Debugger PIN: 277-274-484
2026-01-11 13:10:57 - __main__ - INFO - Initializing Facial Recognition Attendance System...
2026-01-11 13:10:57 - __main__ - INFO - Initializing face detection...
2026-01-11 13:10:59 - core.face_detector - INFO - MTCNN detector initialized on cpu
2026-01-11 13:10:59 - core.face_detector - INFO - FaceDetector initialized with mtcnn backend
2026-01-11 13:10:59 - __main__ - INFO - Initializing face recognition...
2026-01-11 13:10:59 - core.face_recognizer - WARNING - InsightFace not available, falling back to FaceNet
2026-01-11 13:10:59 - core.face_recognizer - WARNING - arcface failed, falling back to facenet: ArcFace not available
2026-01-11 13:11:00 - core.face_recognizer - INFO - FaceNet recognizer initialized on cpu
2026-01-11 13:11:00 - core.face_recognizer - INFO - FaceRecognizer initialized with facenet backend
2026-01-11 13:11:00 - __main__ - INFO - Initializing face aligner...
2026-01-11 13:11:00 - core.face_aligner - INFO - FaceAligner initialized with target size (160, 160)
2026-01-11 13:11:00 - __main__ - INFO - Initializing face database...
2026-01-11 13:11:00 - database.face_database - INFO - Loaded 3 embeddings from disk
2026-01-11 13:11:00 - database.face_database - INFO - FaceDatabase initialized with 3 faces
2026-01-11 13:11:00 - __main__ - INFO - Initializing attendance database...
2026-01-11 13:11:00 - database.attendance_db - INFO - AttendanceDB initialized: sqlite:////Users/tharusha_rashmika/Documents/projects/aleph/reserch/AI-Powered-Smart-School-Safety-and-Performance-Monitoring-System/Facial Recognition Attendance Systems/data/attendance.db
2026-01-11 13:11:00 - __main__ - INFO - Initializing attendance engine...
2026-01-11 13:11:00 - core.face_detector - INFO - MTCNN detector initialized on cpu
2026-01-11 13:11:00 - core.face_detector - INFO - FaceDetector initialized with mtcnn backend
2026-01-11 13:11:00 - core.face_recognizer - WARNING - InsightFace not available, falling back to FaceNet
2026-01-11 13:11:00 - core.face_recognizer - WARNING - arcface failed, falling back to facenet: ArcFace not available
2026-01-11 13:11:00 - core.face_recognizer - INFO - FaceNet recognizer initialized on cpu
2026-01-11 13:11:00 - core.face_recognizer - INFO - FaceRecognizer initialized with facenet backend
2026-01-11 13:11:00 - core.face_aligner - INFO - FaceAligner initialized with target size (160, 160)
2026-01-11 13:11:00 - core.attendance_engine - INFO - AttendanceEngine initialized
2026-01-11 13:11:00 - core.attendance_engine - INFO - Loaded 3 faces for matching
2026-01-11 13:11:00 - core.attendance_engine - INFO - Multi-embeddings available for 0 students
2026-01-11 13:11:00 - __main__ - INFO - Initializing registration service...
2026-01-11 13:11:00 - __main__ - INFO - Initializing face trainer...
2026-01-11 13:11:00 - training.face_trainer - INFO - FaceTrainer initialized
2026-01-11 13:11:00 - __main__ - INFO - Initializing attendance service...
2026-01-11 13:11:00 - __main__ - INFO - Initializing camera service...
2026-01-11 13:11:00 - __main__ - INFO - Loaded 3 registered faces
2026-01-11 13:11:00 - __main__ - INFO - API blueprints registered
2026-01-11 13:11:00 - __main__ - INFO - Application initialized successfully
2026-01-11 13:11:00 - werkzeug - INFO - [31m[1mWARNING: This is a development server. Do not use it in a production deployment. Use a production WSGI server instead.[0m
 * Running on all addresses (0.0.0.0)
 * Running on http://127.0.0.1:5004
 * Running on http://192.168.8.171:5004
2026-01-11 13:11:00 - werkzeug - INFO - [33mPress CTRL+C to quit[0m
2026-01-11 13:11:00 - werkzeug - INFO -  * Restarting with stat
2026-01-11 13:11:00 - __main__ - INFO - Initializing Facial Recognition Attendance System...
2026-01-11 13:11:00 - __main__ - INFO - Initializing face detection...
2026-01-11 13:11:02 - core.face_detector - INFO - MTCNN detector initialized on cpu
2026-01-11 13:11:02 - core.face_detector - INFO - FaceDetector initialized with mtcnn backend
2026-01-11 13:11:02 - __main__ - INFO - Initializing face recognition...
2026-01-11 13:11:02 - core.face_recognizer - WARNING - InsightFace not available, falling back to FaceNet
2026-01-11 13:11:02 - core.face_recognizer - WARNING - arcface failed, falling back to facenet: ArcFace not available
2026-01-11 13:11:02 - core.face_recognizer - INFO - FaceNet recognizer initialized on cpu
2026-01-11 13:11:02 - core.face_recognizer - INFO - FaceRecognizer initialized with facenet backend
2026-01-11 13:11:02 - __main__ - INFO - Initializing face aligner...
2026-01-11 13:11:02 - core.face_aligner - INFO - FaceAligner initialized with target size (160, 160)
2026-01-11 13:11:02 - __main__ - INFO - Initializing face database...
2026-01-11 13:11:02 - database.face_database - INFO - Loaded 3 embeddings from disk
2026-01-11 13:11:02 - database.face_database - INFO - FaceDatabase initialized with 3 faces
2026-01-11 13:11:02 - __main__ - INFO - Initializing attendance database...
2026-01-11 13:11:02 - database.attendance_db - INFO - AttendanceDB initialized: sqlite:////Users/tharusha_rashmika/Documents/projects/aleph/reserch/AI-Powered-Smart-School-Safety-and-Performance-Monitoring-System/Facial Recognition Attendance Systems/data/attendance.db
2026-01-11 13:11:02 - __main__ - INFO - Initializing attendance engine...
2026-01-11 13:11:02 - core.face_detector - INFO - MTCNN detector initialized on cpu
2026-01-11 13:11:02 - core.face_detector - INFO - FaceDetector initialized with mtcnn backend
2026-01-11 13:11:02 - core.face_recognizer - WARNING - InsightFace not available, falling back to FaceNet
2026-01-11 13:11:02 - core.face_recognizer - WARNING - arcface failed, falling back to facenet: ArcFace not available
2026-01-11 13:11:02 - core.face_recognizer - INFO - FaceNet recognizer initialized on cpu
2026-01-11 13:11:02 - core.face_recognizer - INFO - FaceRecognizer initialized with facenet backend
2026-01-11 13:11:02 - core.face_aligner - INFO - FaceAligner initialized with target size (160, 160)
2026-01-11 13:11:02 - core.attendance_engine - INFO - AttendanceEngine initialized
2026-01-11 13:11:02 - core.attendance_engine - INFO - Loaded 3 faces for matching
2026-01-11 13:11:02 - core.attendance_engine - INFO - Multi-embeddings available for 0 students
2026-01-11 13:11:02 - __main__ - INFO - Initializing registration service...
2026-01-11 13:11:02 - __main__ - INFO - Initializing face trainer...
2026-01-11 13:11:02 - training.face_trainer - INFO - FaceTrainer initialized
2026-01-11 13:11:02 - __main__ - INFO - Initializing attendance service...
2026-01-11 13:11:02 - __main__ - INFO - Initializing camera service...
2026-01-11 13:11:02 - __main__ - INFO - Loaded 3 registered faces
2026-01-11 13:11:02 - __main__ - INFO - API blueprints registered
2026-01-11 13:11:02 - __main__ - INFO - Application initialized successfully
2026-01-11 13:11:02 - werkzeug - WARNING -  * Debugger is active!
2026-01-11 13:11:02 - werkzeug - INFO -  * Debugger PIN: 277-274-484
2026-01-11 13:11:11 - __main__ - INFO - Starting retrain of all students...
2026-01-11 13:11:11 - training.face_trainer - INFO - Training student DASH_stu-00000079 with 40 images
2026-01-11 13:11:23 - training.embedding_generator - INFO - Filtered 9 outliers (191 remaining)
2026-01-11 13:11:23 - database.face_database - INFO - Stored 10 embeddings for DASH_stu-00000079
2026-01-11 13:11:23 - database.face_database - INFO - Saved 3 embeddings to disk
2026-01-11 13:11:23 - database.face_database - INFO - Added student: DASH_stu-00000079 (Kavinda Abeysekara)
2026-01-11 13:11:23 - training.face_trainer - INFO - Trained student DASH_stu-00000079: 40 images, 10 embeddings, quality=0.92
2026-01-11 13:11:23 - training.face_trainer - INFO - Training student DASH_stu-00000078 with 40 images
2026-01-11 13:11:35 - training.embedding_generator - INFO - Filtered 8 outliers (192 remaining)
2026-01-11 13:11:35 - database.face_database - INFO - Stored 10 embeddings for DASH_stu-00000078
2026-01-11 13:11:35 - database.face_database - INFO - Saved 3 embeddings to disk
2026-01-11 13:11:35 - database.face_database - INFO - Added student: DASH_stu-00000078 (tharusha Senanayake)
2026-01-11 13:11:35 - training.face_trainer - INFO - Trained student DASH_stu-00000078: 40 images, 10 embeddings, quality=0.81
2026-01-11 13:11:35 - training.face_trainer - INFO - Training student DASH_stu-00000080 with 40 images
2026-01-11 13:11:47 - training.embedding_generator - INFO - Filtered 3 outliers (197 remaining)
2026-01-11 13:11:47 - database.face_database - INFO - Stored 10 embeddings for DASH_stu-00000080
2026-01-11 13:11:47 - database.face_database - INFO - Saved 3 embeddings to disk
2026-01-11 13:11:47 - database.face_database - INFO - Added student: DASH_stu-00000080 (Sanduni Rodrigo)
2026-01-11 13:11:47 - training.face_trainer - INFO - Trained student DASH_stu-00000080: 40 images, 10 embeddings, quality=0.89
2026-01-11 13:11:47 - training.face_trainer - INFO - Training completed: {'total_students': 3, 'processed_students': 3, 'total_images': 120, 'total_embeddings': 3, 'failed_students': [], 'success': True, 'training_time_seconds': 36.00050902366638}
2026-01-11 13:11:47 - core.attendance_engine - INFO - Loaded 3 faces for matching
2026-01-11 13:11:47 - core.attendance_engine - INFO - Multi-embeddings available for 3 students
2026-01-11 13:11:47 - werkzeug - INFO - 127.0.0.1 - - [11/Jan/2026 13:11:47] "POST /retrain_all HTTP/1.1" 200 -
2026-01-11 13:12:36 - __main__ - WARNING - Could not get dashboard ID: 'FaceDatabase' object has no attribute 'get_student'
2026-01-11 13:12:36 - __main__ - INFO - Face recognized: tharusha Senanayake (ID: DASH_stu-00000078, Dashboard: DASH_stu-00000078, Confidence: 0.81)
2026-01-11 13:12:36 - __main__ - ERROR - Face recognition error: Object of type float32 is not JSON serializable
2026-01-11 13:12:36 - werkzeug - INFO - 127.0.0.1 - - [11/Jan/2026 13:12:36] "[35m[1mPOST /recognize_face HTTP/1.1[0m" 500 -
2026-01-11 13:12:37 - werkzeug - INFO - 127.0.0.1 - - [11/Jan/2026 13:12:37] "POST /recognize_face HTTP/1.1" 200 -
2026-01-11 13:12:37 - werkzeug - INFO - 127.0.0.1 - - [11/Jan/2026 13:12:37] "POST /recognize_face HTTP/1.1" 200 -
2026-01-11 13:12:38 - werkzeug - INFO - 127.0.0.1 - - [11/Jan/2026 13:12:38] "POST /recognize_face HTTP/1.1" 200 -
2026-01-11 13:12:38 - __main__ - WARNING - Could not get dashboard ID: 'FaceDatabase' object has no attribute 'get_student'
2026-01-11 13:12:38 - __main__ - INFO - Face recognized: tharusha Senanayake (ID: DASH_stu-00000078, Dashboard: DASH_stu-00000078, Confidence: 0.86)
2026-01-11 13:12:38 - __main__ - ERROR - Face recognition error: Object of type float32 is not JSON serializable
2026-01-11 13:12:38 - werkzeug - INFO - 127.0.0.1 - - [11/Jan/2026 13:12:38] "[35m[1mPOST /recognize_face HTTP/1.1[0m" 500 -
2026-01-11 13:12:39 - werkzeug - INFO - 127.0.0.1 - - [11/Jan/2026 13:12:39] "POST /recognize_face HTTP/1.1" 200 -
2026-01-11 13:12:39 - werkzeug - INFO - 127.0.0.1 - - [11/Jan/2026 13:12:39] "POST /recognize_face HTTP/1.1" 200 -
2026-01-11 13:12:40 - werkzeug - INFO - 127.0.0.1 - - [11/Jan/2026 13:12:40] "POST /recognize_face HTTP/1.1" 200 -
2026-01-11 13:12:40 - werkzeug - INFO - 127.0.0.1 - - [11/Jan/2026 13:12:40] "POST /recognize_face HTTP/1.1" 200 -
2026-01-11 13:12:41 - werkzeug - INFO - 127.0.0.1 - - [11/Jan/2026 13:12:41] "POST /recognize_face HTTP/1.1" 200 -
2026-01-11 13:12:41 - werkzeug - INFO - 127.0.0.1 - - [11/Jan/2026 13:12:41] "POST /recognize_face HTTP/1.1" 200 -
2026-01-11 13:12:42 - werkzeug - INFO - 127.0.0.1 - - [11/Jan/2026 13:12:42] "POST /recognize_face HTTP/1.1" 200 -
2026-01-11 13:12:42 - werkzeug - INFO - 127.0.0.1 - - [11/Jan/2026 13:12:42] "POST /recognize_face HTTP/1.1" 200 -
2026-01-11 13:12:43 - __main__ - WARNING - Could not get dashboard ID: 'FaceDatabase' object has no attribute 'get_student'
2026-01-11 13:12:43 - __main__ - INFO - Face recognized: tharusha Senanayake (ID: DASH_stu-00000078, Dashboard: DASH_stu-00000078, Confidence: 0.77)
2026-01-11 13:12:43 - __main__ - ERROR - Face recognition error: Object of type float32 is not JSON serializable
2026-01-11 13:12:43 - werkzeug - INFO - 127.0.0.1 - - [11/Jan/2026 13:12:43] "[35m[1mPOST /recognize_face HTTP/1.1[0m" 500 -
2026-01-11 13:12:43 - werkzeug - INFO - 127.0.0.1 - - [11/Jan/2026 13:12:43] "POST /recognize_face HTTP/1.1" 200 -
2026-01-11 13:12:44 - werkzeug - INFO - 127.0.0.1 - - [11/Jan/2026 13:12:44] "POST /recognize_face HTTP/1.1" 200 -
2026-01-11 13:12:44 - werkzeug - INFO - 127.0.0.1 - - [11/Jan/2026 13:12:44] "POST /recognize_face HTTP/1.1" 200 -
2026-01-11 13:12:45 - werkzeug - INFO - 127.0.0.1 - - [11/Jan/2026 13:12:45] "POST /recognize_face HTTP/1.1" 200 -
2026-01-11 13:12:45 - werkzeug - INFO - 127.0.0.1 - - [11/Jan/2026 13:12:45] "POST /recognize_face HTTP/1.1" 200 -
2026-01-11 13:12:46 - werkzeug - INFO - 127.0.0.1 - - [11/Jan/2026 13:12:46] "POST /recognize_face HTTP/1.1" 200 -
2026-01-11 13:12:46 - werkzeug - INFO - 127.0.0.1 - - [11/Jan/2026 13:12:46] "POST /recognize_face HTTP/1.1" 200 -
2026-01-11 13:12:47 - werkzeug - INFO - 127.0.0.1 - - [11/Jan/2026 13:12:47] "POST /recognize_face HTTP/1.1" 200 -
2026-01-11 13:12:47 - werkzeug - INFO - 127.0.0.1 - - [11/Jan/2026 13:12:47] "POST /recognize_face HTTP/1.1" 200 -
2026-01-11 13:12:48 - __main__ - WARNING - Could not get dashboard ID: 'FaceDatabase' object has no attribute 'get_student'
2026-01-11 13:12:48 - __main__ - INFO - Face recognized: tharusha Senanayake (ID: DASH_stu-00000078, Dashboard: DASH_stu-00000078, Confidence: 0.58)
2026-01-11 13:12:48 - __main__ - ERROR - Face recognition error: Object of type float32 is not JSON serializable
2026-01-11 13:12:48 - werkzeug - INFO - 127.0.0.1 - - [11/Jan/2026 13:12:48] "[35m[1mPOST /recognize_face HTTP/1.1[0m" 500 -
2026-01-11 13:12:48 - __main__ - WARNING - Could not get dashboard ID: 'FaceDatabase' object has no attribute 'get_student'
2026-01-11 13:12:48 - __main__ - INFO - Face recognized: tharusha Senanayake (ID: DASH_stu-00000078, Dashboard: DASH_stu-00000078, Confidence: 0.77)
2026-01-11 13:12:48 - __main__ - ERROR - Face recognition error: Object of type float32 is not JSON serializable
2026-01-11 13:12:48 - werkzeug - INFO - 127.0.0.1 - - [11/Jan/2026 13:12:48] "[35m[1mPOST /recognize_face HTTP/1.1[0m" 500 -
2026-01-11 13:12:49 - werkzeug - INFO - 127.0.0.1 - - [11/Jan/2026 13:12:49] "POST /recognize_face HTTP/1.1" 200 -
2026-01-11 13:12:49 - __main__ - WARNING - Could not get dashboard ID: 'FaceDatabase' object has no attribute 'get_student'
2026-01-11 13:12:49 - __main__ - INFO - Face recognized: tharusha Senanayake (ID: DASH_stu-00000078, Dashboard: DASH_stu-00000078, Confidence: 0.81)
2026-01-11 13:12:49 - __main__ - ERROR - Face recognition error: Object of type float32 is not JSON serializable
2026-01-11 13:12:49 - werkzeug - INFO - 127.0.0.1 - - [11/Jan/2026 13:12:49] "[35m[1mPOST /recognize_face HTTP/1.1[0m" 500 -
2026-01-11 13:12:50 - werkzeug - INFO - 127.0.0.1 - - [11/Jan/2026 13:12:50] "POST /recognize_face HTTP/1.1" 200 -
2026-01-11 13:12:50 - __main__ - WARNING - Could not get dashboard ID: 'FaceDatabase' object has no attribute 'get_student'
2026-01-11 13:12:50 - __main__ - INFO - Face recognized: tharusha Senanayake (ID: DASH_stu-00000078, Dashboard: DASH_stu-00000078, Confidence: 0.84)
2026-01-11 13:12:50 - __main__ - ERROR - Face recognition error: Object of type float32 is not JSON serializable
2026-01-11 13:12:50 - werkzeug - INFO - 127.0.0.1 - - [11/Jan/2026 13:12:50] "[35m[1mPOST /recognize_face HTTP/1.1[0m" 500 -
2026-01-11 13:12:51 - werkzeug - INFO - 127.0.0.1 - - [11/Jan/2026 13:12:51] "POST /recognize_face HTTP/1.1" 200 -
2026-01-11 13:12:51 - werkzeug - INFO - 127.0.0.1 - - [11/Jan/2026 13:12:51] "POST /recognize_face HTTP/1.1" 200 -
2026-01-11 13:12:52 - werkzeug - INFO - 127.0.0.1 - - [11/Jan/2026 13:12:52] "POST /recognize_face HTTP/1.1" 200 -
2026-01-11 13:12:52 - werkzeug - INFO - 127.0.0.1 - - [11/Jan/2026 13:12:52] "POST /recognize_face HTTP/1.1" 200 -
2026-01-11 13:12:53 - __main__ - WARNING - Could not get dashboard ID: 'FaceDatabase' object has no attribute 'get_student'
2026-01-11 13:12:53 - __main__ - INFO - Face recognized: tharusha Senanayake (ID: DASH_stu-00000078, Dashboard: DASH_stu-00000078, Confidence: 0.84)
2026-01-11 13:12:53 - __main__ - ERROR - Face recognition error: Object of type float32 is not JSON serializable
2026-01-11 13:12:53 - werkzeug - INFO - 127.0.0.1 - - [11/Jan/2026 13:12:53] "[35m[1mPOST /recognize_face HTTP/1.1[0m" 500 -
2026-01-11 13:12:53 - werkzeug - INFO - 127.0.0.1 - - [11/Jan/2026 13:12:53] "POST /recognize_face HTTP/1.1" 200 -
2026-01-11 13:12:54 - __main__ - WARNING - Could not get dashboard ID: 'FaceDatabase' object has no attribute 'get_student'
2026-01-11 13:12:54 - __main__ - INFO - Face recognized: tharusha Senanayake (ID: DASH_stu-00000078, Dashboard: DASH_stu-00000078, Confidence: 0.82)
2026-01-11 13:12:54 - __main__ - ERROR - Face recognition error: Object of type float32 is not JSON serializable
2026-01-11 13:12:54 - werkzeug - INFO - 127.0.0.1 - - [11/Jan/2026 13:12:54] "[35m[1mPOST /recognize_face HTTP/1.1[0m" 500 -
2026-01-11 13:12:54 - werkzeug - INFO - 127.0.0.1 - - [11/Jan/2026 13:12:54] "POST /recognize_face HTTP/1.1" 200 -
2026-01-11 13:12:55 - __main__ - WARNING - Could not get dashboard ID: 'FaceDatabase' object has no attribute 'get_student'
2026-01-11 13:12:55 - __main__ - INFO - Face recognized: tharusha Senanayake (ID: DASH_stu-00000078, Dashboard: DASH_stu-00000078, Confidence: 0.83)
2026-01-11 13:12:55 - __main__ - ERROR - Face recognition error: Object of type float32 is not JSON serializable
2026-01-11 13:12:55 - werkzeug - INFO - 127.0.0.1 - - [11/Jan/2026 13:12:55] "[35m[1mPOST /recognize_face HTTP/1.1[0m" 500 -
2026-01-11 13:12:55 - __main__ - WARNING - Could not get dashboard ID: 'FaceDatabase' object has no attribute 'get_student'
2026-01-11 13:12:55 - __main__ - INFO - Face recognized: tharusha Senanayake (ID: DASH_stu-00000078, Dashboard: DASH_stu-00000078, Confidence: 0.84)
2026-01-11 13:12:55 - __main__ - ERROR - Face recognition error: Object of type float32 is not JSON serializable
2026-01-11 13:12:55 - werkzeug - INFO - 127.0.0.1 - - [11/Jan/2026 13:12:55] "[35m[1mPOST /recognize_face HTTP/1.1[0m" 500 -
2026-01-11 13:12:56 - __main__ - WARNING - Could not get dashboard ID: 'FaceDatabase' object has no attribute 'get_student'
2026-01-11 13:12:56 - __main__ - INFO - Face recognized: tharusha Senanayake (ID: DASH_stu-00000078, Dashboard: DASH_stu-00000078, Confidence: 0.80)
2026-01-11 13:12:56 - __main__ - ERROR - Face recognition error: Object of type float32 is not JSON serializable
2026-01-11 13:12:56 - werkzeug - INFO - 127.0.0.1 - - [11/Jan/2026 13:12:56] "[35m[1mPOST /recognize_face HTTP/1.1[0m" 500 -
2026-01-11 13:12:56 - __main__ - WARNING - Could not get dashboard ID: 'FaceDatabase' object has no attribute 'get_student'
2026-01-11 13:12:56 - __main__ - INFO - Face recognized: tharusha Senanayake (ID: DASH_stu-00000078, Dashboard: DASH_stu-00000078, Confidence: 0.83)
2026-01-11 13:12:56 - __main__ - ERROR - Face recognition error: Object of type float32 is not JSON serializable
2026-01-11 13:12:56 - werkzeug - INFO - 127.0.0.1 - - [11/Jan/2026 13:12:56] "[35m[1mPOST /recognize_face HTTP/1.1[0m" 500 -
2026-01-11 13:12:57 - werkzeug - INFO - 127.0.0.1 - - [11/Jan/2026 13:12:57] "POST /recognize_face HTTP/1.1" 200 -
2026-01-11 13:12:57 - __main__ - WARNING - Could not get dashboard ID: 'FaceDatabase' object has no attribute 'get_student'
2026-01-11 13:12:57 - __main__ - INFO - Face recognized: tharusha Senanayake (ID: DASH_stu-00000078, Dashboard: DASH_stu-00000078, Confidence: 0.79)
2026-01-11 13:12:57 - __main__ - ERROR - Face recognition error: Object of type float32 is not JSON serializable
2026-01-11 13:12:57 - werkzeug - INFO - 127.0.0.1 - - [11/Jan/2026 13:12:57] "[35m[1mPOST /recognize_face HTTP/1.1[0m" 500 -
2026-01-11 13:12:58 - werkzeug - INFO - 127.0.0.1 - - [11/Jan/2026 13:12:58] "POST /recognize_face HTTP/1.1" 200 -
2026-01-11 13:12:58 - __main__ - WARNING - Could not get dashboard ID: 'FaceDatabase' object has no attribute 'get_student'
2026-01-11 13:12:58 - __main__ - INFO - Face recognized: tharusha Senanayake (ID: DASH_stu-00000078, Dashboard: DASH_stu-00000078, Confidence: 0.85)
2026-01-11 13:12:58 - __main__ - ERROR - Face recognition error: Object of type float32 is not JSON serializable
2026-01-11 13:12:58 - werkzeug - INFO - 127.0.0.1 - - [11/Jan/2026 13:12:58] "[35m[1mPOST /recognize_face HTTP/1.1[0m" 500 -
2026-01-11 13:12:59 - werkzeug - INFO - 127.0.0.1 - - [11/Jan/2026 13:12:59] "POST /recognize_face HTTP/1.1" 200 -
2026-01-11 13:12:59 - __main__ - WARNING - Could not get dashboard ID: 'FaceDatabase' object has no attribute 'get_student'
2026-01-11 13:12:59 - __main__ - INFO - Face recognized: tharusha Senanayake (ID: DASH_stu-00000078, Dashboard: DASH_stu-00000078, Confidence: 0.83)
2026-01-11 13:12:59 - __main__ - ERROR - Face recognition error: Object of type float32 is not JSON serializable
2026-01-11 13:12:59 - werkzeug - INFO - 127.0.0.1 - - [11/Jan/2026 13:12:59] "[35m[1mPOST /recognize_face HTTP/1.1[0m" 500 -
2026-01-11 13:13:00 - __main__ - WARNING - Could not get dashboard ID: 'FaceDatabase' object has no attribute 'get_student'
2026-01-11 13:13:00 - __main__ - INFO - Face recognized: tharusha Senanayake (ID: DASH_stu-00000078, Dashboard: DASH_stu-00000078, Confidence: 0.83)
2026-01-11 13:13:00 - __main__ - ERROR - Face recognition error: Object of type float32 is not JSON serializable
2026-01-11 13:13:00 - werkzeug - INFO - 127.0.0.1 - - [11/Jan/2026 13:13:00] "[35m[1mPOST /recognize_face HTTP/1.1[0m" 500 -
2026-01-11 13:13:00 - __main__ - WARNING - Could not get dashboard ID: 'FaceDatabase' object has no attribute 'get_student'
2026-01-11 13:13:00 - __main__ - INFO - Face recognized: tharusha Senanayake (ID: DASH_stu-00000078, Dashboard: DASH_stu-00000078, Confidence: 0.82)
2026-01-11 13:13:00 - __main__ - ERROR - Face recognition error: Object of type float32 is not JSON serializable
2026-01-11 13:13:00 - werkzeug - INFO - 127.0.0.1 - - [11/Jan/2026 13:13:00] "[35m[1mPOST /recognize_face HTTP/1.1[0m" 500 -
2026-01-11 13:13:01 - __main__ - WARNING - Could not get dashboard ID: 'FaceDatabase' object has no attribute 'get_student'
2026-01-11 13:13:01 - __main__ - INFO - Face recognized: tharusha Senanayake (ID: DASH_stu-00000078, Dashboard: DASH_stu-00000078, Confidence: 0.84)
2026-01-11 13:13:01 - __main__ - ERROR - Face recognition error: Object of type float32 is not JSON serializable
2026-01-11 13:13:01 - werkzeug - INFO - 127.0.0.1 - - [11/Jan/2026 13:13:01] "[35m[1mPOST /recognize_face HTTP/1.1[0m" 500 -
2026-01-11 13:13:30 - __main__ - INFO - Initializing Facial Recognition Attendance System...
2026-01-11 13:13:30 - __main__ - INFO - Initializing face detection...
2026-01-11 13:13:32 - core.face_detector - INFO - MTCNN detector initialized on cpu
2026-01-11 13:13:32 - core.face_detector - INFO - FaceDetector initialized with mtcnn backend
2026-01-11 13:13:32 - __main__ - INFO - Initializing face recognition...
2026-01-11 13:13:32 - core.face_recognizer - WARNING - InsightFace not available, falling back to FaceNet
2026-01-11 13:13:32 - core.face_recognizer - WARNING - arcface failed, falling back to facenet: ArcFace not available
2026-01-11 13:13:32 - core.face_recognizer - INFO - FaceNet recognizer initialized on cpu
2026-01-11 13:13:32 - core.face_recognizer - INFO - FaceRecognizer initialized with facenet backend
2026-01-11 13:13:32 - __main__ - INFO - Initializing face aligner...
2026-01-11 13:13:32 - core.face_aligner - INFO - FaceAligner initialized with target size (160, 160)
2026-01-11 13:13:32 - __main__ - INFO - Initializing face database...
2026-01-11 13:13:32 - database.face_database - INFO - Loaded 3 embeddings from disk
2026-01-11 13:13:32 - database.face_database - INFO - Loaded multi-embeddings for 3 students
2026-01-11 13:13:32 - database.face_database - INFO - FaceDatabase initialized with 3 faces
2026-01-11 13:13:32 - __main__ - INFO - Initializing attendance database...
2026-01-11 13:13:32 - database.attendance_db - INFO - AttendanceDB initialized: sqlite:////Users/tharusha_rashmika/Documents/projects/aleph/reserch/AI-Powered-Smart-School-Safety-and-Performance-Monitoring-System/Facial Recognition Attendance Systems/data/attendance.db
2026-01-11 13:13:32 - __main__ - INFO - Initializing attendance engine...
2026-01-11 13:13:32 - core.face_detector - INFO - MTCNN detector initialized on cpu
2026-01-11 13:13:32 - core.face_detector - INFO - FaceDetector initialized with mtcnn backend
2026-01-11 13:13:32 - core.face_recognizer - WARNING - InsightFace not available, falling back to FaceNet
2026-01-11 13:13:32 - core.face_recognizer - WARNING - arcface failed, falling back to facenet: ArcFace not available
2026-01-11 13:13:32 - core.face_recognizer - INFO - FaceNet recognizer initialized on cpu
2026-01-11 13:13:32 - core.face_recognizer - INFO - FaceRecognizer initialized with facenet backend
2026-01-11 13:13:32 - core.face_aligner - INFO - FaceAligner initialized with target size (160, 160)
2026-01-11 13:13:32 - core.attendance_engine - INFO - AttendanceEngine initialized
2026-01-11 13:13:32 - core.attendance_engine - INFO - Loaded 3 faces for matching
2026-01-11 13:13:32 - core.attendance_engine - INFO - Multi-embeddings available for 3 students
2026-01-11 13:13:32 - __main__ - INFO - Initializing registration service...
2026-01-11 13:13:32 - __main__ - INFO - Initializing face trainer...
2026-01-11 13:13:32 - training.face_trainer - INFO - FaceTrainer initialized
2026-01-11 13:13:32 - __main__ - INFO - Initializing attendance service...
2026-01-11 13:13:32 - __main__ - INFO - Initializing camera service...
2026-01-11 13:13:32 - __main__ - INFO - Loaded 3 registered faces
2026-01-11 13:13:32 - __main__ - INFO - API blueprints registered
2026-01-11 13:13:32 - __main__ - INFO - Application initialized successfully
2026-01-11 13:13:33 - werkzeug - INFO - [31m[1mWARNING: This is a development server. Do not use it in a production deployment. Use a production WSGI server instead.[0m
 * Running on all addresses (0.0.0.0)
 * Running on http://127.0.0.1:5004
 * Running on http://192.168.8.171:5004
2026-01-11 13:13:33 - werkzeug - INFO - [33mPress CTRL+C to quit[0m
2026-01-11 13:13:33 - werkzeug - INFO -  * Restarting with stat
2026-01-11 13:13:33 - __main__ - INFO - Initializing Facial Recognition Attendance System...
2026-01-11 13:13:33 - __main__ - INFO - Initializing face detection...
2026-01-11 13:13:34 - core.face_detector - INFO - MTCNN detector initialized on cpu
2026-01-11 13:13:34 - core.face_detector - INFO - FaceDetector initialized with mtcnn backend
2026-01-11 13:13:34 - __main__ - INFO - Initializing face recognition...
2026-01-11 13:13:34 - core.face_recognizer - WARNING - InsightFace not available, falling back to FaceNet
2026-01-11 13:13:34 - core.face_recognizer - WARNING - arcface failed, falling back to facenet: ArcFace not available
2026-01-11 13:13:35 - core.face_recognizer - INFO - FaceNet recognizer initialized on cpu
2026-01-11 13:13:35 - core.face_recognizer - INFO - FaceRecognizer initialized with facenet backend
2026-01-11 13:13:35 - __main__ - INFO - Initializing face aligner...
2026-01-11 13:13:35 - core.face_aligner - INFO - FaceAligner initialized with target size (160, 160)
2026-01-11 13:13:35 - __main__ - INFO - Initializing face database...
2026-01-11 13:13:35 - database.face_database - INFO - Loaded 3 embeddings from disk
2026-01-11 13:13:35 - database.face_database - INFO - Loaded multi-embeddings for 3 students
2026-01-11 13:13:35 - database.face_database - INFO - FaceDatabase initialized with 3 faces
2026-01-11 13:13:35 - __main__ - INFO - Initializing attendance database...
2026-01-11 13:13:35 - database.attendance_db - INFO - AttendanceDB initialized: sqlite:////Users/tharusha_rashmika/Documents/projects/aleph/reserch/AI-Powered-Smart-School-Safety-and-Performance-Monitoring-System/Facial Recognition Attendance Systems/data/attendance.db
2026-01-11 13:13:35 - __main__ - INFO - Initializing attendance engine...
2026-01-11 13:13:35 - core.face_detector - INFO - MTCNN detector initialized on cpu
2026-01-11 13:13:35 - core.face_detector - INFO - FaceDetector initialized with mtcnn backend
2026-01-11 13:13:35 - core.face_recognizer - WARNING - InsightFace not available, falling back to FaceNet
2026-01-11 13:13:35 - core.face_recognizer - WARNING - arcface failed, falling back to facenet: ArcFace not available
2026-01-11 13:13:35 - core.face_recognizer - INFO - FaceNet recognizer initialized on cpu
2026-01-11 13:13:35 - core.face_recognizer - INFO - FaceRecognizer initialized with facenet backend
2026-01-11 13:13:35 - core.face_aligner - INFO - FaceAligner initialized with target size (160, 160)
2026-01-11 13:13:35 - core.attendance_engine - INFO - AttendanceEngine initialized
2026-01-11 13:13:35 - core.attendance_engine - INFO - Loaded 3 faces for matching
2026-01-11 13:13:35 - core.attendance_engine - INFO - Multi-embeddings available for 3 students
2026-01-11 13:13:35 - __main__ - INFO - Initializing registration service...
2026-01-11 13:13:35 - __main__ - INFO - Initializing face trainer...
2026-01-11 13:13:35 - training.face_trainer - INFO - FaceTrainer initialized
2026-01-11 13:13:35 - __main__ - INFO - Initializing attendance service...
2026-01-11 13:13:35 - __main__ - INFO - Initializing camera service...
2026-01-11 13:13:35 - __main__ - INFO - Loaded 3 registered faces
2026-01-11 13:13:35 - __main__ - INFO - API blueprints registered
2026-01-11 13:13:35 - __main__ - INFO - Application initialized successfully
2026-01-11 13:13:35 - werkzeug - WARNING -  * Debugger is active!
2026-01-11 13:13:35 - werkzeug - INFO -  * Debugger PIN: 277-274-484
2026-01-11 13:13:37 - werkzeug - INFO - 127.0.0.1 - - [11/Jan/2026 13:13:37] "GET /api/health HTTP/1.1" 200 -
2026-01-11 13:13:58 - __main__ - WARNING - Could not get dashboard ID: 'FaceDatabase' object has no attribute 'get_student'
2026-01-11 13:13:58 - __main__ - INFO - Face recognized: tharusha Senanayake (ID: DASH_stu-00000078, Dashboard: DASH_stu-00000078, Confidence: 0.79)
2026-01-11 13:13:58 - __main__ - ERROR - Face recognition error: Object of type float32 is not JSON serializable
2026-01-11 13:13:58 - werkzeug - INFO - 127.0.0.1 - - [11/Jan/2026 13:13:58] "[35m[1mPOST /recognize_face HTTP/1.1[0m" 500 -
2026-01-11 13:13:58 - __main__ - WARNING - Could not get dashboard ID: 'FaceDatabase' object has no attribute 'get_student'
2026-01-11 13:13:58 - __main__ - INFO - Face recognized: tharusha Senanayake (ID: DASH_stu-00000078, Dashboard: DASH_stu-00000078, Confidence: 0.89)
2026-01-11 13:13:58 - __main__ - ERROR - Face recognition error: Object of type float32 is not JSON serializable
2026-01-11 13:13:58 - werkzeug - INFO - 127.0.0.1 - - [11/Jan/2026 13:13:58] "[35m[1mPOST /recognize_face HTTP/1.1[0m" 500 -
2026-01-11 13:13:58 - __main__ - WARNING - Could not get dashboard ID: 'FaceDatabase' object has no attribute 'get_student'
2026-01-11 13:13:58 - __main__ - INFO - Face recognized: tharusha Senanayake (ID: DASH_stu-00000078, Dashboard: DASH_stu-00000078, Confidence: 0.86)
2026-01-11 13:13:58 - __main__ - ERROR - Face recognition error: Object of type float32 is not JSON serializable
2026-01-11 13:13:58 - werkzeug - INFO - 127.0.0.1 - - [11/Jan/2026 13:13:58] "[35m[1mPOST /recognize_face HTTP/1.1[0m" 500 -
2026-01-11 13:13:59 - __main__ - WARNING - Could not get dashboard ID: 'FaceDatabase' object has no attribute 'get_student'
2026-01-11 13:13:59 - __main__ - INFO - Face recognized: tharusha Senanayake (ID: DASH_stu-00000078, Dashboard: DASH_stu-00000078, Confidence: 0.90)
2026-01-11 13:13:59 - __main__ - ERROR - Face recognition error: Object of type float32 is not JSON serializable
2026-01-11 13:13:59 - werkzeug - INFO - 127.0.0.1 - - [11/Jan/2026 13:13:59] "[35m[1mPOST /recognize_face HTTP/1.1[0m" 500 -
2026-01-11 13:14:00 - werkzeug - INFO - 127.0.0.1 - - [11/Jan/2026 13:14:00] "POST /recognize_face HTTP/1.1" 200 -
2026-01-11 13:14:01 - __main__ - WARNING - Could not get dashboard ID: 'FaceDatabase' object has no attribute 'get_student'
2026-01-11 13:14:01 - __main__ - INFO - Face recognized: tharusha Senanayake (ID: DASH_stu-00000078, Dashboard: DASH_stu-00000078, Confidence: 0.83)
2026-01-11 13:14:01 - __main__ - ERROR - Face recognition error: Object of type float32 is not JSON serializable
2026-01-11 13:14:01 - werkzeug - INFO - 127.0.0.1 - - [11/Jan/2026 13:14:01] "[35m[1mPOST /recognize_face HTTP/1.1[0m" 500 -
2026-01-11 13:14:02 - __main__ - WARNING - Could not get dashboard ID: 'FaceDatabase' object has no attribute 'get_student'
2026-01-11 13:14:02 - __main__ - INFO - Face recognized: tharusha Senanayake (ID: DASH_stu-00000078, Dashboard: DASH_stu-00000078, Confidence: 0.79)
2026-01-11 13:14:02 - __main__ - ERROR - Face recognition error: Object of type float32 is not JSON serializable
2026-01-11 13:14:02 - werkzeug - INFO - 127.0.0.1 - - [11/Jan/2026 13:14:02] "[35m[1mPOST /recognize_face HTTP/1.1[0m" 500 -
2026-01-11 13:14:03 - werkzeug - INFO - 127.0.0.1 - - [11/Jan/2026 13:14:03] "POST /recognize_face HTTP/1.1" 200 -
2026-01-11 13:14:04 - __main__ - WARNING - Could not get dashboard ID: 'FaceDatabase' object has no attribute 'get_student'
2026-01-11 13:14:04 - __main__ - INFO - Face recognized: tharusha Senanayake (ID: DASH_stu-00000078, Dashboard: DASH_stu-00000078, Confidence: 0.85)
2026-01-11 13:14:04 - __main__ - ERROR - Face recognition error: Object of type float32 is not JSON serializable
2026-01-11 13:14:04 - werkzeug - INFO - 127.0.0.1 - - [11/Jan/2026 13:14:04] "[35m[1mPOST /recognize_face HTTP/1.1[0m" 500 -
2026-01-11 13:14:05 - __main__ - WARNING - Could not get dashboard ID: 'FaceDatabase' object has no attribute 'get_student'
2026-01-11 13:14:05 - __main__ - INFO - Face recognized: tharusha Senanayake (ID: DASH_stu-00000078, Dashboard: DASH_stu-00000078, Confidence: 0.80)
2026-01-11 13:14:05 - __main__ - ERROR - Face recognition error: Object of type float32 is not JSON serializable
2026-01-11 13:14:05 - werkzeug - INFO - 127.0.0.1 - - [11/Jan/2026 13:14:05] "[35m[1mPOST /recognize_face HTTP/1.1[0m" 500 -
2026-01-11 13:14:06 - __main__ - WARNING - Could not get dashboard ID: 'FaceDatabase' object has no attribute 'get_student'
2026-01-11 13:14:06 - __main__ - INFO - Face recognized: tharusha Senanayake (ID: DASH_stu-00000078, Dashboard: DASH_stu-00000078, Confidence: 0.82)
2026-01-11 13:14:06 - __main__ - ERROR - Face recognition error: Object of type float32 is not JSON serializable
2026-01-11 13:14:06 - werkzeug - INFO - 127.0.0.1 - - [11/Jan/2026 13:14:06] "[35m[1mPOST /recognize_face HTTP/1.1[0m" 500 -
2026-01-11 13:14:07 - __main__ - WARNING - Could not get dashboard ID: 'FaceDatabase' object has no attribute 'get_student'
2026-01-11 13:14:07 - __main__ - INFO - Face recognized: tharusha Senanayake (ID: DASH_stu-00000078, Dashboard: DASH_stu-00000078, Confidence: 0.84)
2026-01-11 13:14:07 - __main__ - ERROR - Face recognition error: Object of type float32 is not JSON serializable
2026-01-11 13:14:07 - werkzeug - INFO - 127.0.0.1 - - [11/Jan/2026 13:14:07] "[35m[1mPOST /recognize_face HTTP/1.1[0m" 500 -
2026-01-11 13:14:08 - __main__ - WARNING - Could not get dashboard ID: 'FaceDatabase' object has no attribute 'get_student'
2026-01-11 13:14:08 - __main__ - INFO - Face recognized: tharusha Senanayake (ID: DASH_stu-00000078, Dashboard: DASH_stu-00000078, Confidence: 0.84)
2026-01-11 13:14:08 - __main__ - ERROR - Face recognition error: Object of type float32 is not JSON serializable
2026-01-11 13:14:08 - werkzeug - INFO - 127.0.0.1 - - [11/Jan/2026 13:14:08] "[35m[1mPOST /recognize_face HTTP/1.1[0m" 500 -
2026-01-11 13:14:10 - __main__ - WARNING - Could not get dashboard ID: 'FaceDatabase' object has no attribute 'get_student'
2026-01-11 13:14:10 - __main__ - INFO - Face recognized: tharusha Senanayake (ID: DASH_stu-00000078, Dashboard: DASH_stu-00000078, Confidence: 0.82)
2026-01-11 13:14:10 - __main__ - ERROR - Face recognition error: Object of type float32 is not JSON serializable
2026-01-11 13:14:10 - werkzeug - INFO - 127.0.0.1 - - [11/Jan/2026 13:14:10] "[35m[1mPOST /recognize_face HTTP/1.1[0m" 500 -
2026-01-11 13:14:11 - __main__ - WARNING - Could not get dashboard ID: 'FaceDatabase' object has no attribute 'get_student'
2026-01-11 13:14:11 - __main__ - INFO - Face recognized: tharusha Senanayake (ID: DASH_stu-00000078, Dashboard: DASH_stu-00000078, Confidence: 0.57)
2026-01-11 13:14:11 - __main__ - ERROR - Face recognition error: Object of type float32 is not JSON serializable
2026-01-11 13:14:11 - werkzeug - INFO - 127.0.0.1 - - [11/Jan/2026 13:14:11] "[35m[1mPOST /recognize_face HTTP/1.1[0m" 500 -
2026-01-11 13:14:12 - __main__ - WARNING - Could not get dashboard ID: 'FaceDatabase' object has no attribute 'get_student'
2026-01-11 13:14:12 - __main__ - INFO - Face recognized: tharusha Senanayake (ID: DASH_stu-00000078, Dashboard: DASH_stu-00000078, Confidence: 0.81)
2026-01-11 13:14:12 - __main__ - ERROR - Face recognition error: Object of type float32 is not JSON serializable
2026-01-11 13:14:12 - werkzeug - INFO - 127.0.0.1 - - [11/Jan/2026 13:14:12] "[35m[1mPOST /recognize_face HTTP/1.1[0m" 500 -
2026-01-11 13:14:13 - __main__ - WARNING - Could not get dashboard ID: 'FaceDatabase' object has no attribute 'get_student'
2026-01-11 13:14:13 - __main__ - INFO - Face recognized: tharusha Senanayake (ID: DASH_stu-00000078, Dashboard: DASH_stu-00000078, Confidence: 0.84)
2026-01-11 13:14:13 - __main__ - ERROR - Face recognition error: Object of type float32 is not JSON serializable
2026-01-11 13:14:13 - werkzeug - INFO - 127.0.0.1 - - [11/Jan/2026 13:14:13] "[35m[1mPOST /recognize_face HTTP/1.1[0m" 500 -
2026-01-11 13:14:14 - __main__ - WARNING - Could not get dashboard ID: 'FaceDatabase' object has no attribute 'get_student'
2026-01-11 13:14:14 - __main__ - INFO - Face recognized: tharusha Senanayake (ID: DASH_stu-00000078, Dashboard: DASH_stu-00000078, Confidence: 0.85)
2026-01-11 13:14:14 - __main__ - ERROR - Face recognition error: Object of type float32 is not JSON serializable
2026-01-11 13:14:14 - werkzeug - INFO - 127.0.0.1 - - [11/Jan/2026 13:14:14] "[35m[1mPOST /recognize_face HTTP/1.1[0m" 500 -
2026-01-11 13:14:15 - werkzeug - INFO - 127.0.0.1 - - [11/Jan/2026 13:14:15] "POST /recognize_face HTTP/1.1" 200 -
2026-01-11 13:14:16 - __main__ - WARNING - Could not get dashboard ID: 'FaceDatabase' object has no attribute 'get_student'
2026-01-11 13:14:16 - __main__ - INFO - Face recognized: tharusha Senanayake (ID: DASH_stu-00000078, Dashboard: DASH_stu-00000078, Confidence: 0.89)
2026-01-11 13:14:16 - __main__ - ERROR - Face recognition error: Object of type float32 is not JSON serializable
2026-01-11 13:14:16 - werkzeug - INFO - 127.0.0.1 - - [11/Jan/2026 13:14:16] "[35m[1mPOST /recognize_face HTTP/1.1[0m" 500 -
2026-01-11 13:14:17 - __main__ - WARNING - Could not get dashboard ID: 'FaceDatabase' object has no attribute 'get_student'
2026-01-11 13:14:17 - __main__ - INFO - Face recognized: tharusha Senanayake (ID: DASH_stu-00000078, Dashboard: DASH_stu-00000078, Confidence: 0.89)
2026-01-11 13:14:17 - __main__ - ERROR - Face recognition error: Object of type float32 is not JSON serializable
2026-01-11 13:14:17 - werkzeug - INFO - 127.0.0.1 - - [11/Jan/2026 13:14:17] "[35m[1mPOST /recognize_face HTTP/1.1[0m" 500 -
2026-01-11 13:14:18 - __main__ - WARNING - Could not get dashboard ID: 'FaceDatabase' object has no attribute 'get_student'
2026-01-11 13:14:18 - __main__ - INFO - Face recognized: tharusha Senanayake (ID: DASH_stu-00000078, Dashboard: DASH_stu-00000078, Confidence: 0.88)
2026-01-11 13:14:18 - __main__ - ERROR - Face recognition error: Object of type float32 is not JSON serializable
2026-01-11 13:14:18 - werkzeug - INFO - 127.0.0.1 - - [11/Jan/2026 13:14:18] "[35m[1mPOST /recognize_face HTTP/1.1[0m" 500 -
2026-01-11 13:14:19 - __main__ - WARNING - Could not get dashboard ID: 'FaceDatabase' object has no attribute 'get_student'
2026-01-11 13:14:19 - __main__ - INFO - Face recognized: tharusha Senanayake (ID: DASH_stu-00000078, Dashboard: DASH_stu-00000078, Confidence: 0.81)
2026-01-11 13:14:19 - __main__ - ERROR - Face recognition error: Object of type float32 is not JSON serializable
2026-01-11 13:14:19 - werkzeug - INFO - 127.0.0.1 - - [11/Jan/2026 13:14:19] "[35m[1mPOST /recognize_face HTTP/1.1[0m" 500 -
2026-01-11 13:14:20 - werkzeug - INFO - 127.0.0.1 - - [11/Jan/2026 13:14:20] "POST /recognize_face HTTP/1.1" 200 -
2026-01-11 13:14:21 - werkzeug - INFO - 127.0.0.1 - - [11/Jan/2026 13:14:21] "POST /recognize_face HTTP/1.1" 200 -
2026-01-11 13:14:22 - werkzeug - INFO - 127.0.0.1 - - [11/Jan/2026 13:14:22] "POST /recognize_face HTTP/1.1" 200 -
2026-01-11 13:14:23 - werkzeug - INFO - 127.0.0.1 - - [11/Jan/2026 13:14:23] "POST /recognize_face HTTP/1.1" 200 -
2026-01-11 13:14:24 - __main__ - WARNING - Could not get dashboard ID: 'FaceDatabase' object has no attribute 'get_student'
2026-01-11 13:14:24 - __main__ - INFO - Face recognized: tharusha Senanayake (ID: DASH_stu-00000078, Dashboard: DASH_stu-00000078, Confidence: 0.87)
2026-01-11 13:14:24 - __main__ - ERROR - Face recognition error: Object of type float32 is not JSON serializable
2026-01-11 13:14:24 - werkzeug - INFO - 127.0.0.1 - - [11/Jan/2026 13:14:24] "[35m[1mPOST /recognize_face HTTP/1.1[0m" 500 -
2026-01-11 13:14:25 - __main__ - WARNING - Could not get dashboard ID: 'FaceDatabase' object has no attribute 'get_student'
2026-01-11 13:14:25 - __main__ - INFO - Face recognized: tharusha Senanayake (ID: DASH_stu-00000078, Dashboard: DASH_stu-00000078, Confidence: 0.77)
2026-01-11 13:14:25 - __main__ - ERROR - Face recognition error: Object of type float32 is not JSON serializable
2026-01-11 13:14:25 - werkzeug - INFO - 127.0.0.1 - - [11/Jan/2026 13:14:25] "[35m[1mPOST /recognize_face HTTP/1.1[0m" 500 -
2026-01-11 13:14:26 - __main__ - WARNING - Could not get dashboard ID: 'FaceDatabase' object has no attribute 'get_student'
2026-01-11 13:14:26 - __main__ - INFO - Face recognized: tharusha Senanayake (ID: DASH_stu-00000078, Dashboard: DASH_stu-00000078, Confidence: 0.74)
2026-01-11 13:14:26 - __main__ - ERROR - Face recognition error: Object of type float32 is not JSON serializable
2026-01-11 13:14:26 - werkzeug - INFO - 127.0.0.1 - - [11/Jan/2026 13:14:26] "[35m[1mPOST /recognize_face HTTP/1.1[0m" 500 -
2026-01-11 13:14:27 - __main__ - WARNING - Could not get dashboard ID: 'FaceDatabase' object has no attribute 'get_student'
2026-01-11 13:14:27 - __main__ - INFO - Face recognized: tharusha Senanayake (ID: DASH_stu-00000078, Dashboard: DASH_stu-00000078, Confidence: 0.74)
2026-01-11 13:14:27 - __main__ - ERROR - Face recognition error: Object of type float32 is not JSON serializable
2026-01-11 13:14:27 - werkzeug - INFO - 127.0.0.1 - - [11/Jan/2026 13:14:27] "[35m[1mPOST /recognize_face HTTP/1.1[0m" 500 -
2026-01-11 13:14:28 - __main__ - WARNING - Could not get dashboard ID: 'FaceDatabase' object has no attribute 'get_student'
2026-01-11 13:14:28 - __main__ - INFO - Face recognized: tharusha Senanayake (ID: DASH_stu-00000078, Dashboard: DASH_stu-00000078, Confidence: 0.80)
2026-01-11 13:14:28 - __main__ - ERROR - Face recognition error: Object of type float32 is not JSON serializable
2026-01-11 13:14:28 - werkzeug - INFO - 127.0.0.1 - - [11/Jan/2026 13:14:28] "[35m[1mPOST /recognize_face HTTP/1.1[0m" 500 -
2026-01-11 13:14:29 - __main__ - WARNING - Could not get dashboard ID: 'FaceDatabase' object has no attribute 'get_student'
2026-01-11 13:14:29 - __main__ - INFO - Face recognized: tharusha Senanayake (ID: DASH_stu-00000078, Dashboard: DASH_stu-00000078, Confidence: 0.78)
2026-01-11 13:14:29 - __main__ - ERROR - Face recognition error: Object of type float32 is not JSON serializable
2026-01-11 13:14:29 - werkzeug - INFO - 127.0.0.1 - - [11/Jan/2026 13:14:29] "[35m[1mPOST /recognize_face HTTP/1.1[0m" 500 -
2026-01-11 13:14:30 - werkzeug - INFO - 127.0.0.1 - - [11/Jan/2026 13:14:30] "POST /recognize_face HTTP/1.1" 200 -
2026-01-11 13:14:31 - werkzeug - INFO - 127.0.0.1 - - [11/Jan/2026 13:14:31] "POST /recognize_face HTTP/1.1" 200 -
2026-01-11 13:14:32 - __main__ - WARNING - Could not get dashboard ID: 'FaceDatabase' object has no attribute 'get_student'
2026-01-11 13:14:32 - __main__ - INFO - Face recognized: tharusha Senanayake (ID: DASH_stu-00000078, Dashboard: DASH_stu-00000078, Confidence: 0.76)
2026-01-11 13:14:32 - __main__ - ERROR - Face recognition error: Object of type float32 is not JSON serializable
2026-01-11 13:14:32 - werkzeug - INFO - 127.0.0.1 - - [11/Jan/2026 13:14:32] "[35m[1mPOST /recognize_face HTTP/1.1[0m" 500 -
2026-01-11 13:14:33 - __main__ - WARNING - Could not get dashboard ID: 'FaceDatabase' object has no attribute 'get_student'
2026-01-11 13:14:33 - __main__ - INFO - Face recognized: tharusha Senanayake (ID: DASH_stu-00000078, Dashboard: DASH_stu-00000078, Confidence: 0.79)
2026-01-11 13:14:33 - __main__ - ERROR - Face recognition error: Object of type float32 is not JSON serializable
2026-01-11 13:14:33 - werkzeug - INFO - 127.0.0.1 - - [11/Jan/2026 13:14:33] "[35m[1mPOST /recognize_face HTTP/1.1[0m" 500 -
2026-01-11 13:14:34 - __main__ - WARNING - Could not get dashboard ID: 'FaceDatabase' object has no attribute 'get_student'
2026-01-11 13:14:34 - __main__ - INFO - Face recognized: tharusha Senanayake (ID: DASH_stu-00000078, Dashboard: DASH_stu-00000078, Confidence: 0.77)
2026-01-11 13:14:34 - __main__ - ERROR - Face recognition error: Object of type float32 is not JSON serializable
2026-01-11 13:14:34 - werkzeug - INFO - 127.0.0.1 - - [11/Jan/2026 13:14:34] "[35m[1mPOST /recognize_face HTTP/1.1[0m" 500 -
2026-01-11 13:14:35 - __main__ - WARNING - Could not get dashboard ID: 'FaceDatabase' object has no attribute 'get_student'
2026-01-11 13:14:35 - __main__ - INFO - Face recognized: tharusha Senanayake (ID: DASH_stu-00000078, Dashboard: DASH_stu-00000078, Confidence: 0.79)
2026-01-11 13:14:35 - __main__ - ERROR - Face recognition error: Object of type float32 is not JSON serializable
2026-01-11 13:14:35 - werkzeug - INFO - 127.0.0.1 - - [11/Jan/2026 13:14:35] "[35m[1mPOST /recognize_face HTTP/1.1[0m" 500 -
2026-01-11 13:14:36 - __main__ - WARNING - Could not get dashboard ID: 'FaceDatabase' object has no attribute 'get_student'
2026-01-11 13:14:36 - __main__ - INFO - Face recognized: tharusha Senanayake (ID: DASH_stu-00000078, Dashboard: DASH_stu-00000078, Confidence: 0.79)
2026-01-11 13:14:36 - __main__ - ERROR - Face recognition error: Object of type float32 is not JSON serializable
2026-01-11 13:14:36 - werkzeug - INFO - 127.0.0.1 - - [11/Jan/2026 13:14:36] "[35m[1mPOST /recognize_face HTTP/1.1[0m" 500 -
2026-01-11 13:14:37 - __main__ - WARNING - Could not get dashboard ID: 'FaceDatabase' object has no attribute 'get_student'
2026-01-11 13:14:37 - __main__ - INFO - Face recognized: tharusha Senanayake (ID: DASH_stu-00000078, Dashboard: DASH_stu-00000078, Confidence: 0.83)
2026-01-11 13:14:37 - __main__ - ERROR - Face recognition error: Object of type float32 is not JSON serializable
2026-01-11 13:14:37 - werkzeug - INFO - 127.0.0.1 - - [11/Jan/2026 13:14:37] "[35m[1mPOST /recognize_face HTTP/1.1[0m" 500 -
2026-01-11 13:14:38 - werkzeug - INFO - 127.0.0.1 - - [11/Jan/2026 13:14:38] "POST /recognize_face HTTP/1.1" 200 -
2026-01-11 13:14:39 - werkzeug - INFO - 127.0.0.1 - - [11/Jan/2026 13:14:39] "POST /recognize_face HTTP/1.1" 200 -
2026-01-11 13:14:39 - werkzeug - INFO - 127.0.0.1 - - [11/Jan/2026 13:14:39] "OPTIONS /api/students/register HTTP/1.1" 200 -
2026-01-11 13:14:39 - __main__ - INFO - Starting face registration for student: stu-00000078 (tharusha Senanayake) with 40 images
2026-01-11 13:14:39 - services.registration_service - INFO - Started capture session: DASH_stu-00000078_1768117479 for tharusha Senanayake
2026-01-11 13:14:40 - __main__ - WARNING - Could not get dashboard ID: 'FaceDatabase' object has no attribute 'get_student'
2026-01-11 13:14:40 - __main__ - INFO - Face recognized: tharusha Senanayake (ID: DASH_stu-00000078, Dashboard: DASH_stu-00000078, Confidence: 0.85)
2026-01-11 13:14:40 - __main__ - ERROR - Face recognition error: Object of type float32 is not JSON serializable
2026-01-11 13:14:40 - werkzeug - INFO - 127.0.0.1 - - [11/Jan/2026 13:14:40] "[35m[1mPOST /recognize_face HTTP/1.1[0m" 500 -
2026-01-11 13:14:41 - werkzeug - INFO - 127.0.0.1 - - [11/Jan/2026 13:14:41] "POST /recognize_face HTTP/1.1" 200 -
2026-01-11 13:14:41 - __main__ - INFO - Captured 40 faces, 0 failed for student stu-00000078
2026-01-11 13:14:41 - __main__ - INFO - Training face model for student stu-00000078...
2026-01-11 13:14:41 - training.face_trainer - INFO - Training student DASH_stu-00000078 with 40 images
2026-01-11 13:14:42 - werkzeug - INFO - 127.0.0.1 - - [11/Jan/2026 13:14:42] "POST /recognize_face HTTP/1.1" 200 -
2026-01-11 13:14:43 - __main__ - WARNING - Could not get dashboard ID: 'FaceDatabase' object has no attribute 'get_student'
2026-01-11 13:14:43 - __main__ - INFO - Face recognized: tharusha Senanayake (ID: DASH_stu-00000078, Dashboard: DASH_stu-00000078, Confidence: 0.76)
2026-01-11 13:14:43 - __main__ - ERROR - Face recognition error: Object of type float32 is not JSON serializable
2026-01-11 13:14:43 - werkzeug - INFO - 127.0.0.1 - - [11/Jan/2026 13:14:43] "[35m[1mPOST /recognize_face HTTP/1.1[0m" 500 -
2026-01-11 13:14:44 - __main__ - WARNING - Could not get dashboard ID: 'FaceDatabase' object has no attribute 'get_student'
2026-01-11 13:14:44 - __main__ - INFO - Face recognized: tharusha Senanayake (ID: DASH_stu-00000078, Dashboard: DASH_stu-00000078, Confidence: 0.79)
2026-01-11 13:14:44 - __main__ - ERROR - Face recognition error: Object of type float32 is not JSON serializable
2026-01-11 13:14:44 - werkzeug - INFO - 127.0.0.1 - - [11/Jan/2026 13:14:44] "[35m[1mPOST /recognize_face HTTP/1.1[0m" 500 -
2026-01-11 13:14:45 - __main__ - WARNING - Could not get dashboard ID: 'FaceDatabase' object has no attribute 'get_student'
2026-01-11 13:14:45 - __main__ - INFO - Face recognized: tharusha Senanayake (ID: DASH_stu-00000078, Dashboard: DASH_stu-00000078, Confidence: 0.82)
2026-01-11 13:14:45 - __main__ - ERROR - Face recognition error: Object of type float32 is not JSON serializable
2026-01-11 13:14:45 - werkzeug - INFO - 127.0.0.1 - - [11/Jan/2026 13:14:45] "[35m[1mPOST /recognize_face HTTP/1.1[0m" 500 -
2026-01-11 13:14:46 - __main__ - WARNING - Could not get dashboard ID: 'FaceDatabase' object has no attribute 'get_student'
2026-01-11 13:14:46 - __main__ - INFO - Face recognized: tharusha Senanayake (ID: DASH_stu-00000078, Dashboard: DASH_stu-00000078, Confidence: 0.82)
2026-01-11 13:14:46 - __main__ - ERROR - Face recognition error: Object of type float32 is not JSON serializable
2026-01-11 13:14:46 - werkzeug - INFO - 127.0.0.1 - - [11/Jan/2026 13:14:46] "[35m[1mPOST /recognize_face HTTP/1.1[0m" 500 -
2026-01-11 13:14:47 - __main__ - WARNING - Could not get dashboard ID: 'FaceDatabase' object has no attribute 'get_student'
2026-01-11 13:14:47 - __main__ - INFO - Face recognized: tharusha Senanayake (ID: DASH_stu-00000078, Dashboard: DASH_stu-00000078, Confidence: 0.87)
2026-01-11 13:14:47 - __main__ - ERROR - Face recognition error: Object of type float32 is not JSON serializable
2026-01-11 13:14:47 - werkzeug - INFO - 127.0.0.1 - - [11/Jan/2026 13:14:47] "[35m[1mPOST /recognize_face HTTP/1.1[0m" 500 -
2026-01-11 13:14:48 - __main__ - WARNING - Could not get dashboard ID: 'FaceDatabase' object has no attribute 'get_student'
2026-01-11 13:14:48 - __main__ - INFO - Face recognized: tharusha Senanayake (ID: DASH_stu-00000078, Dashboard: DASH_stu-00000078, Confidence: 0.87)
2026-01-11 13:14:48 - __main__ - ERROR - Face recognition error: Object of type float32 is not JSON serializable
2026-01-11 13:14:48 - werkzeug - INFO - 127.0.0.1 - - [11/Jan/2026 13:14:48] "[35m[1mPOST /recognize_face HTTP/1.1[0m" 500 -
2026-01-11 13:14:49 - __main__ - WARNING - Could not get dashboard ID: 'FaceDatabase' object has no attribute 'get_student'
2026-01-11 13:14:49 - __main__ - INFO - Face recognized: tharusha Senanayake (ID: DASH_stu-00000078, Dashboard: DASH_stu-00000078, Confidence: 0.87)
2026-01-11 13:14:49 - __main__ - ERROR - Face recognition error: Object of type float32 is not JSON serializable
2026-01-11 13:14:49 - werkzeug - INFO - 127.0.0.1 - - [11/Jan/2026 13:14:49] "[35m[1mPOST /recognize_face HTTP/1.1[0m" 500 -
2026-01-11 13:14:50 - __main__ - WARNING - Could not get dashboard ID: 'FaceDatabase' object has no attribute 'get_student'
2026-01-11 13:14:50 - __main__ - INFO - Face recognized: tharusha Senanayake (ID: DASH_stu-00000078, Dashboard: DASH_stu-00000078, Confidence: 0.84)
2026-01-11 13:14:50 - __main__ - ERROR - Face recognition error: Object of type float32 is not JSON serializable
2026-01-11 13:14:50 - werkzeug - INFO - 127.0.0.1 - - [11/Jan/2026 13:14:50] "[35m[1mPOST /recognize_face HTTP/1.1[0m" 500 -
2026-01-11 13:14:51 - __main__ - WARNING - Could not get dashboard ID: 'FaceDatabase' object has no attribute 'get_student'
2026-01-11 13:14:51 - __main__ - INFO - Face recognized: tharusha Senanayake (ID: DASH_stu-00000078, Dashboard: DASH_stu-00000078, Confidence: 0.85)
2026-01-11 13:14:51 - __main__ - ERROR - Face recognition error: Object of type float32 is not JSON serializable
2026-01-11 13:14:51 - werkzeug - INFO - 127.0.0.1 - - [11/Jan/2026 13:14:51] "[35m[1mPOST /recognize_face HTTP/1.1[0m" 500 -
2026-01-11 13:14:54 - __main__ - WARNING - Could not get dashboard ID: 'FaceDatabase' object has no attribute 'get_student'
2026-01-11 13:14:54 - __main__ - INFO - Face recognized: tharusha Senanayake (ID: DASH_stu-00000078, Dashboard: DASH_stu-00000078, Confidence: 0.89)
2026-01-11 13:14:54 - __main__ - ERROR - Face recognition error: Object of type float32 is not JSON serializable
2026-01-11 13:14:54 - werkzeug - INFO - 127.0.0.1 - - [11/Jan/2026 13:14:54] "[35m[1mPOST /recognize_face HTTP/1.1[0m" 500 -
2026-01-11 13:14:55 - training.embedding_generator - INFO - Filtered 10 outliers (190 remaining)
2026-01-11 13:14:55 - database.face_database - INFO - Stored 10 embeddings for DASH_stu-00000078
2026-01-11 13:14:55 - database.face_database - INFO - Saved 3 embeddings to disk
2026-01-11 13:14:55 - database.face_database - INFO - Added student: DASH_stu-00000078 (tharusha Senanayake)
2026-01-11 13:14:55 - training.face_trainer - INFO - Trained student DASH_stu-00000078: 40 images, 10 embeddings, quality=0.76
2026-01-11 13:14:55 - services.registration_service - INFO - Registration completed for DASH_stu-00000078: 40 images
2026-01-11 13:14:55 - core.attendance_engine - INFO - Loaded 3 faces for matching
2026-01-11 13:14:55 - core.attendance_engine - INFO - Multi-embeddings available for 3 students
2026-01-11 13:14:55 - __main__ - INFO - ✓ Student stu-00000078 registered and trained successfully with 40 faces
2026-01-11 13:14:55 - werkzeug - INFO - 127.0.0.1 - - [11/Jan/2026 13:14:55] "POST /api/students/register HTTP/1.1" 200 -
2026-01-11 13:14:55 - __main__ - WARNING - Could not get dashboard ID: 'FaceDatabase' object has no attribute 'get_student'
2026-01-11 13:14:55 - __main__ - INFO - Face recognized: tharusha Senanayake (ID: DASH_stu-00000078, Dashboard: DASH_stu-00000078, Confidence: 0.91)
2026-01-11 13:14:55 - __main__ - ERROR - Face recognition error: Object of type float32 is not JSON serializable
2026-01-11 13:14:55 - werkzeug - INFO - 127.0.0.1 - - [11/Jan/2026 13:14:55] "[35m[1mPOST /recognize_face HTTP/1.1[0m" 500 -
2026-01-11 13:14:55 - werkzeug - INFO - 127.0.0.1 - - [11/Jan/2026 13:14:55] "POST /recognize_face HTTP/1.1" 200 -
2026-01-11 13:14:56 - werkzeug - INFO - 127.0.0.1 - - [11/Jan/2026 13:14:56] "POST /recognize_face HTTP/1.1" 200 -
2026-01-11 13:14:56 - __main__ - WARNING - Could not get dashboard ID: 'FaceDatabase' object has no attribute 'get_student'
2026-01-11 13:14:56 - __main__ - INFO - Face recognized: tharusha Senanayake (ID: DASH_stu-00000078, Dashboard: DASH_stu-00000078, Confidence: 0.79)
2026-01-11 13:14:56 - __main__ - ERROR - Face recognition error: Object of type float32 is not JSON serializable
2026-01-11 13:14:56 - werkzeug - INFO - 127.0.0.1 - - [11/Jan/2026 13:14:56] "[35m[1mPOST /recognize_face HTTP/1.1[0m" 500 -
2026-01-11 13:14:57 - werkzeug - INFO - 127.0.0.1 - - [11/Jan/2026 13:14:57] "POST /recognize_face HTTP/1.1" 200 -
2026-01-11 13:14:58 - werkzeug - INFO - 127.0.0.1 - - [11/Jan/2026 13:14:58] "POST /recognize_face HTTP/1.1" 200 -
2026-01-11 13:14:59 - werkzeug - INFO - 127.0.0.1 - - [11/Jan/2026 13:14:59] "POST /recognize_face HTTP/1.1" 200 -
2026-01-11 13:15:00 - werkzeug - INFO - 127.0.0.1 - - [11/Jan/2026 13:15:00] "POST /recognize_face HTTP/1.1" 200 -
2026-01-11 13:15:01 - __main__ - WARNING - Could not get dashboard ID: 'FaceDatabase' object has no attribute 'get_student'
2026-01-11 13:15:01 - __main__ - INFO - Face recognized: tharusha Senanayake (ID: DASH_stu-00000078, Dashboard: DASH_stu-00000078, Confidence: 0.85)
2026-01-11 13:15:01 - __main__ - ERROR - Face recognition error: Object of type float32 is not JSON serializable
2026-01-11 13:15:01 - werkzeug - INFO - 127.0.0.1 - - [11/Jan/2026 13:15:01] "[35m[1mPOST /recognize_face HTTP/1.1[0m" 500 -
2026-01-11 13:15:02 - __main__ - WARNING - Could not get dashboard ID: 'FaceDatabase' object has no attribute 'get_student'
2026-01-11 13:15:02 - __main__ - INFO - Face recognized: tharusha Senanayake (ID: DASH_stu-00000078, Dashboard: DASH_stu-00000078, Confidence: 0.72)
2026-01-11 13:15:02 - __main__ - ERROR - Face recognition error: Object of type float32 is not JSON serializable
2026-01-11 13:15:02 - werkzeug - INFO - 127.0.0.1 - - [11/Jan/2026 13:15:02] "[35m[1mPOST /recognize_face HTTP/1.1[0m" 500 -
2026-01-11 13:15:03 - __main__ - WARNING - Could not get dashboard ID: 'FaceDatabase' object has no attribute 'get_student'
2026-01-11 13:15:03 - __main__ - INFO - Face recognized: tharusha Senanayake (ID: DASH_stu-00000078, Dashboard: DASH_stu-00000078, Confidence: 0.66)
2026-01-11 13:15:03 - __main__ - ERROR - Face recognition error: Object of type float32 is not JSON serializable
2026-01-11 13:15:03 - werkzeug - INFO - 127.0.0.1 - - [11/Jan/2026 13:15:03] "[35m[1mPOST /recognize_face HTTP/1.1[0m" 500 -
2026-01-11 13:15:04 - __main__ - WARNING - Could not get dashboard ID: 'FaceDatabase' object has no attribute 'get_student'
2026-01-11 13:15:04 - __main__ - INFO - Face recognized: tharusha Senanayake (ID: DASH_stu-00000078, Dashboard: DASH_stu-00000078, Confidence: 0.56)
2026-01-11 13:15:04 - __main__ - ERROR - Face recognition error: Object of type float32 is not JSON serializable
2026-01-11 13:15:04 - werkzeug - INFO - 127.0.0.1 - - [11/Jan/2026 13:15:04] "[35m[1mPOST /recognize_face HTTP/1.1[0m" 500 -
2026-01-11 13:15:05 - werkzeug - INFO - 127.0.0.1 - - [11/Jan/2026 13:15:05] "POST /recognize_face HTTP/1.1" 200 -
2026-01-11 13:15:06 - __main__ - WARNING - Could not get dashboard ID: 'FaceDatabase' object has no attribute 'get_student'
2026-01-11 13:15:06 - __main__ - INFO - Face recognized: tharusha Senanayake (ID: DASH_stu-00000078, Dashboard: DASH_stu-00000078, Confidence: 0.65)
2026-01-11 13:15:06 - __main__ - ERROR - Face recognition error: Object of type float32 is not JSON serializable
2026-01-11 13:15:06 - werkzeug - INFO - 127.0.0.1 - - [11/Jan/2026 13:15:06] "[35m[1mPOST /recognize_face HTTP/1.1[0m" 500 -
2026-01-11 13:15:07 - __main__ - WARNING - Could not get dashboard ID: 'FaceDatabase' object has no attribute 'get_student'
2026-01-11 13:15:07 - __main__ - INFO - Face recognized: tharusha Senanayake (ID: DASH_stu-00000078, Dashboard: DASH_stu-00000078, Confidence: 0.65)
2026-01-11 13:15:07 - __main__ - ERROR - Face recognition error: Object of type float32 is not JSON serializable
2026-01-11 13:15:07 - werkzeug - INFO - 127.0.0.1 - - [11/Jan/2026 13:15:07] "[35m[1mPOST /recognize_face HTTP/1.1[0m" 500 -
2026-01-11 13:15:08 - __main__ - WARNING - Could not get dashboard ID: 'FaceDatabase' object has no attribute 'get_student'
2026-01-11 13:15:08 - __main__ - INFO - Face recognized: tharusha Senanayake (ID: DASH_stu-00000078, Dashboard: DASH_stu-00000078, Confidence: 0.81)
2026-01-11 13:15:08 - __main__ - ERROR - Face recognition error: Object of type float32 is not JSON serializable
2026-01-11 13:15:08 - werkzeug - INFO - 127.0.0.1 - - [11/Jan/2026 13:15:08] "[35m[1mPOST /recognize_face HTTP/1.1[0m" 500 -
2026-01-11 13:15:09 - __main__ - WARNING - Could not get dashboard ID: 'FaceDatabase' object has no attribute 'get_student'
2026-01-11 13:15:09 - __main__ - INFO - Face recognized: tharusha Senanayake (ID: DASH_stu-00000078, Dashboard: DASH_stu-00000078, Confidence: 0.82)
2026-01-11 13:15:09 - __main__ - ERROR - Face recognition error: Object of type float32 is not JSON serializable
2026-01-11 13:15:09 - werkzeug - INFO - 127.0.0.1 - - [11/Jan/2026 13:15:09] "[35m[1mPOST /recognize_face HTTP/1.1[0m" 500 -
2026-01-11 13:15:10 - __main__ - WARNING - Could not get dashboard ID: 'FaceDatabase' object has no attribute 'get_student'
2026-01-11 13:15:10 - __main__ - INFO - Face recognized: tharusha Senanayake (ID: DASH_stu-00000078, Dashboard: DASH_stu-00000078, Confidence: 0.70)
2026-01-11 13:15:10 - __main__ - ERROR - Face recognition error: Object of type float32 is not JSON serializable
2026-01-11 13:15:10 - werkzeug - INFO - 127.0.0.1 - - [11/Jan/2026 13:15:10] "[35m[1mPOST /recognize_face HTTP/1.1[0m" 500 -
2026-01-11 13:15:10 - __main__ - WARNING - Could not get dashboard ID: 'FaceDatabase' object has no attribute 'get_student'
2026-01-11 13:15:10 - __main__ - INFO - Face recognized: tharusha Senanayake (ID: DASH_stu-00000078, Dashboard: DASH_stu-00000078, Confidence: 0.77)
2026-01-11 13:15:10 - __main__ - ERROR - Face recognition error: Object of type float32 is not JSON serializable
2026-01-11 13:15:10 - werkzeug - INFO - 127.0.0.1 - - [11/Jan/2026 13:15:10] "[35m[1mPOST /recognize_face HTTP/1.1[0m" 500 -
2026-01-11 13:15:11 - __main__ - WARNING - Could not get dashboard ID: 'FaceDatabase' object has no attribute 'get_student'
2026-01-11 13:15:11 - __main__ - INFO - Face recognized: tharusha Senanayake (ID: DASH_stu-00000078, Dashboard: DASH_stu-00000078, Confidence: 0.78)
2026-01-11 13:15:11 - __main__ - ERROR - Face recognition error: Object of type float32 is not JSON serializable
2026-01-11 13:15:11 - werkzeug - INFO - 127.0.0.1 - - [11/Jan/2026 13:15:11] "[35m[1mPOST /recognize_face HTTP/1.1[0m" 500 -
2026-01-11 13:15:11 - __main__ - WARNING - Could not get dashboard ID: 'FaceDatabase' object has no attribute 'get_student'
2026-01-11 13:15:11 - __main__ - INFO - Face recognized: tharusha Senanayake (ID: DASH_stu-00000078, Dashboard: DASH_stu-00000078, Confidence: 0.84)
2026-01-11 13:15:11 - __main__ - ERROR - Face recognition error: Object of type float32 is not JSON serializable
2026-01-11 13:15:11 - werkzeug - INFO - 127.0.0.1 - - [11/Jan/2026 13:15:11] "[35m[1mPOST /recognize_face HTTP/1.1[0m" 500 -
2026-01-11 13:15:11 - __main__ - WARNING - Could not get dashboard ID: 'FaceDatabase' object has no attribute 'get_student'
2026-01-11 13:15:11 - __main__ - INFO - Face recognized: tharusha Senanayake (ID: DASH_stu-00000078, Dashboard: DASH_stu-00000078, Confidence: 0.79)
2026-01-11 13:15:11 - __main__ - ERROR - Face recognition error: Object of type float32 is not JSON serializable
2026-01-11 13:15:11 - werkzeug - INFO - 127.0.0.1 - - [11/Jan/2026 13:15:11] "[35m[1mPOST /recognize_face HTTP/1.1[0m" 500 -
2026-01-11 13:15:12 - __main__ - WARNING - Could not get dashboard ID: 'FaceDatabase' object has no attribute 'get_student'
2026-01-11 13:15:12 - __main__ - INFO - Face recognized: tharusha Senanayake (ID: DASH_stu-00000078, Dashboard: DASH_stu-00000078, Confidence: 0.83)
2026-01-11 13:15:12 - __main__ - ERROR - Face recognition error: Object of type float32 is not JSON serializable
2026-01-11 13:15:12 - werkzeug - INFO - 127.0.0.1 - - [11/Jan/2026 13:15:12] "[35m[1mPOST /recognize_face HTTP/1.1[0m" 500 -
2026-01-11 13:15:12 - __main__ - WARNING - Could not get dashboard ID: 'FaceDatabase' object has no attribute 'get_student'
2026-01-11 13:15:12 - __main__ - INFO - Face recognized: tharusha Senanayake (ID: DASH_stu-00000078, Dashboard: DASH_stu-00000078, Confidence: 0.82)
2026-01-11 13:15:12 - __main__ - ERROR - Face recognition error: Object of type float32 is not JSON serializable
2026-01-11 13:15:12 - werkzeug - INFO - 127.0.0.1 - - [11/Jan/2026 13:15:12] "[35m[1mPOST /recognize_face HTTP/1.1[0m" 500 -
2026-01-11 13:15:12 - __main__ - WARNING - Could not get dashboard ID: 'FaceDatabase' object has no attribute 'get_student'
2026-01-11 13:15:12 - __main__ - INFO - Face recognized: tharusha Senanayake (ID: DASH_stu-00000078, Dashboard: DASH_stu-00000078, Confidence: 0.79)
2026-01-11 13:15:12 - __main__ - ERROR - Face recognition error: Object of type float32 is not JSON serializable
2026-01-11 13:15:12 - werkzeug - INFO - 127.0.0.1 - - [11/Jan/2026 13:15:12] "[35m[1mPOST /recognize_face HTTP/1.1[0m" 500 -
2026-01-11 13:15:13 - __main__ - WARNING - Could not get dashboard ID: 'FaceDatabase' object has no attribute 'get_student'
2026-01-11 13:15:13 - __main__ - INFO - Face recognized: tharusha Senanayake (ID: DASH_stu-00000078, Dashboard: DASH_stu-00000078, Confidence: 0.80)
2026-01-11 13:15:13 - __main__ - ERROR - Face recognition error: Object of type float32 is not JSON serializable
2026-01-11 13:15:13 - werkzeug - INFO - 127.0.0.1 - - [11/Jan/2026 13:15:13] "[35m[1mPOST /recognize_face HTTP/1.1[0m" 500 -
2026-01-11 13:15:13 - werkzeug - INFO - 127.0.0.1 - - [11/Jan/2026 13:15:13] "POST /recognize_face HTTP/1.1" 200 -
2026-01-11 13:15:13 - __main__ - WARNING - Could not get dashboard ID: 'FaceDatabase' object has no attribute 'get_student'
2026-01-11 13:15:13 - __main__ - INFO - Face recognized: tharusha Senanayake (ID: DASH_stu-00000078, Dashboard: DASH_stu-00000078, Confidence: 0.72)
2026-01-11 13:15:13 - __main__ - ERROR - Face recognition error: Object of type float32 is not JSON serializable
2026-01-11 13:15:13 - werkzeug - INFO - 127.0.0.1 - - [11/Jan/2026 13:15:13] "[35m[1mPOST /recognize_face HTTP/1.1[0m" 500 -
2026-01-11 13:15:14 - __main__ - WARNING - Could not get dashboard ID: 'FaceDatabase' object has no attribute 'get_student'
2026-01-11 13:15:14 - __main__ - INFO - Face recognized: tharusha Senanayake (ID: DASH_stu-00000078, Dashboard: DASH_stu-00000078, Confidence: 0.78)
2026-01-11 13:15:14 - __main__ - ERROR - Face recognition error: Object of type float32 is not JSON serializable
2026-01-11 13:15:14 - werkzeug - INFO - 127.0.0.1 - - [11/Jan/2026 13:15:14] "[35m[1mPOST /recognize_face HTTP/1.1[0m" 500 -
2026-01-11 13:15:14 - __main__ - WARNING - Could not get dashboard ID: 'FaceDatabase' object has no attribute 'get_student'
2026-01-11 13:15:14 - __main__ - INFO - Face recognized: tharusha Senanayake (ID: DASH_stu-00000078, Dashboard: DASH_stu-00000078, Confidence: 0.79)
2026-01-11 13:15:14 - __main__ - ERROR - Face recognition error: Object of type float32 is not JSON serializable
2026-01-11 13:15:14 - werkzeug - INFO - 127.0.0.1 - - [11/Jan/2026 13:15:14] "[35m[1mPOST /recognize_face HTTP/1.1[0m" 500 -
2026-01-11 13:15:14 - werkzeug - INFO - 127.0.0.1 - - [11/Jan/2026 13:15:14] "POST /recognize_face HTTP/1.1" 200 -
2026-01-11 13:15:15 - __main__ - WARNING - Could not get dashboard ID: 'FaceDatabase' object has no attribute 'get_student'
2026-01-11 13:15:15 - __main__ - INFO - Face recognized: tharusha Senanayake (ID: DASH_stu-00000078, Dashboard: DASH_stu-00000078, Confidence: 0.75)
2026-01-11 13:15:15 - __main__ - ERROR - Face recognition error: Object of type float32 is not JSON serializable
2026-01-11 13:15:15 - werkzeug - INFO - 127.0.0.1 - - [11/Jan/2026 13:15:15] "[35m[1mPOST /recognize_face HTTP/1.1[0m" 500 -
2026-01-11 13:15:15 - __main__ - WARNING - Could not get dashboard ID: 'FaceDatabase' object has no attribute 'get_student'
2026-01-11 13:15:15 - __main__ - INFO - Face recognized: tharusha Senanayake (ID: DASH_stu-00000078, Dashboard: DASH_stu-00000078, Confidence: 0.82)
2026-01-11 13:15:15 - __main__ - ERROR - Face recognition error: Object of type float32 is not JSON serializable
2026-01-11 13:15:15 - werkzeug - INFO - 127.0.0.1 - - [11/Jan/2026 13:15:15] "[35m[1mPOST /recognize_face HTTP/1.1[0m" 500 -
2026-01-11 13:15:15 - __main__ - WARNING - Could not get dashboard ID: 'FaceDatabase' object has no attribute 'get_student'
2026-01-11 13:15:15 - __main__ - INFO - Face recognized: tharusha Senanayake (ID: DASH_stu-00000078, Dashboard: DASH_stu-00000078, Confidence: 0.81)
2026-01-11 13:15:15 - __main__ - ERROR - Face recognition error: Object of type float32 is not JSON serializable
2026-01-11 13:15:15 - werkzeug - INFO - 127.0.0.1 - - [11/Jan/2026 13:15:15] "[35m[1mPOST /recognize_face HTTP/1.1[0m" 500 -
2026-01-11 13:15:16 - __main__ - WARNING - Could not get dashboard ID: 'FaceDatabase' object has no attribute 'get_student'
2026-01-11 13:15:16 - __main__ - INFO - Face recognized: tharusha Senanayake (ID: DASH_stu-00000078, Dashboard: DASH_stu-00000078, Confidence: 0.84)
2026-01-11 13:15:16 - __main__ - ERROR - Face recognition error: Object of type float32 is not JSON serializable
2026-01-11 13:15:16 - werkzeug - INFO - 127.0.0.1 - - [11/Jan/2026 13:15:16] "[35m[1mPOST /recognize_face HTTP/1.1[0m" 500 -
2026-01-11 13:15:16 - werkzeug - INFO - 127.0.0.1 - - [11/Jan/2026 13:15:16] "POST /recognize_face HTTP/1.1" 200 -
2026-01-11 13:15:16 - __main__ - WARNING - Could not get dashboard ID: 'FaceDatabase' object has no attribute 'get_student'
2026-01-11 13:15:16 - __main__ - INFO - Face recognized: tharusha Senanayake (ID: DASH_stu-00000078, Dashboard: DASH_stu-00000078, Confidence: 0.78)
2026-01-11 13:15:16 - __main__ - ERROR - Face recognition error: Object of type float32 is not JSON serializable
2026-01-11 13:15:16 - werkzeug - INFO - 127.0.0.1 - - [11/Jan/2026 13:15:16] "[35m[1mPOST /recognize_face HTTP/1.1[0m" 500 -
2026-01-11 13:15:17 - werkzeug - INFO - 127.0.0.1 - - [11/Jan/2026 13:15:17] "POST /recognize_face HTTP/1.1" 200 -
2026-01-11 13:15:17 - __main__ - WARNING - Could not get dashboard ID: 'FaceDatabase' object has no attribute 'get_student'
2026-01-11 13:15:17 - __main__ - INFO - Face recognized: tharusha Senanayake (ID: DASH_stu-00000078, Dashboard: DASH_stu-00000078, Confidence: 0.83)
2026-01-11 13:15:17 - __main__ - ERROR - Face recognition error: Object of type float32 is not JSON serializable
2026-01-11 13:15:17 - werkzeug - INFO - 127.0.0.1 - - [11/Jan/2026 13:15:17] "[35m[1mPOST /recognize_face HTTP/1.1[0m" 500 -
2026-01-11 13:15:17 - werkzeug - INFO - 127.0.0.1 - - [11/Jan/2026 13:15:17] "POST /recognize_face HTTP/1.1" 200 -
2026-01-11 13:15:18 - __main__ - WARNING - Could not get dashboard ID: 'FaceDatabase' object has no attribute 'get_student'
2026-01-11 13:15:18 - __main__ - INFO - Face recognized: tharusha Senanayake (ID: DASH_stu-00000078, Dashboard: DASH_stu-00000078, Confidence: 0.79)
2026-01-11 13:15:18 - __main__ - ERROR - Face recognition error: Object of type float32 is not JSON serializable
2026-01-11 13:15:18 - werkzeug - INFO - 127.0.0.1 - - [11/Jan/2026 13:15:18] "[35m[1mPOST /recognize_face HTTP/1.1[0m" 500 -
2026-01-11 13:15:18 - werkzeug - INFO - 127.0.0.1 - - [11/Jan/2026 13:15:18] "POST /recognize_face HTTP/1.1" 200 -
2026-01-11 13:15:18 - werkzeug - INFO - 127.0.0.1 - - [11/Jan/2026 13:15:18] "POST /recognize_face HTTP/1.1" 200 -
2026-01-11 13:15:19 - __main__ - WARNING - Could not get dashboard ID: 'FaceDatabase' object has no attribute 'get_student'
2026-01-11 13:15:19 - __main__ - INFO - Face recognized: tharusha Senanayake (ID: DASH_stu-00000078, Dashboard: DASH_stu-00000078, Confidence: 0.81)
2026-01-11 13:15:19 - __main__ - ERROR - Face recognition error: Object of type float32 is not JSON serializable
2026-01-11 13:15:19 - werkzeug - INFO - 127.0.0.1 - - [11/Jan/2026 13:15:19] "[35m[1mPOST /recognize_face HTTP/1.1[0m" 500 -
2026-01-11 13:15:19 - __main__ - WARNING - Could not get dashboard ID: 'FaceDatabase' object has no attribute 'get_student'
2026-01-11 13:15:19 - __main__ - INFO - Face recognized: tharusha Senanayake (ID: DASH_stu-00000078, Dashboard: DASH_stu-00000078, Confidence: 0.82)
2026-01-11 13:15:19 - __main__ - ERROR - Face recognition error: Object of type float32 is not JSON serializable
2026-01-11 13:15:19 - werkzeug - INFO - 127.0.0.1 - - [11/Jan/2026 13:15:19] "[35m[1mPOST /recognize_face HTTP/1.1[0m" 500 -
2026-01-11 13:15:19 - werkzeug - INFO - 127.0.0.1 - - [11/Jan/2026 13:15:19] "POST /recognize_face HTTP/1.1" 200 -
2026-01-11 13:15:20 - __main__ - WARNING - Could not get dashboard ID: 'FaceDatabase' object has no attribute 'get_student'
2026-01-11 13:15:20 - __main__ - INFO - Face recognized: tharusha Senanayake (ID: DASH_stu-00000078, Dashboard: DASH_stu-00000078, Confidence: 0.80)
2026-01-11 13:15:20 - __main__ - ERROR - Face recognition error: Object of type float32 is not JSON serializable
2026-01-11 13:15:20 - werkzeug - INFO - 127.0.0.1 - - [11/Jan/2026 13:15:20] "[35m[1mPOST /recognize_face HTTP/1.1[0m" 500 -
2026-01-11 13:15:20 - werkzeug - INFO - 127.0.0.1 - - [11/Jan/2026 13:15:20] "POST /recognize_face HTTP/1.1" 200 -
2026-01-11 13:15:20 - __main__ - WARNING - Could not get dashboard ID: 'FaceDatabase' object has no attribute 'get_student'
2026-01-11 13:15:20 - __main__ - INFO - Face recognized: tharusha Senanayake (ID: DASH_stu-00000078, Dashboard: DASH_stu-00000078, Confidence: 0.76)
2026-01-11 13:15:20 - __main__ - ERROR - Face recognition error: Object of type float32 is not JSON serializable
2026-01-11 13:15:20 - werkzeug - INFO - 127.0.0.1 - - [11/Jan/2026 13:15:20] "[35m[1mPOST /recognize_face HTTP/1.1[0m" 500 -
2026-01-11 13:15:21 - werkzeug - INFO - 127.0.0.1 - - [11/Jan/2026 13:15:21] "POST /recognize_face HTTP/1.1" 200 -
2026-01-11 13:15:21 - __main__ - WARNING - Could not get dashboard ID: 'FaceDatabase' object has no attribute 'get_student'
2026-01-11 13:15:21 - __main__ - INFO - Face recognized: tharusha Senanayake (ID: DASH_stu-00000078, Dashboard: DASH_stu-00000078, Confidence: 0.76)
2026-01-11 13:15:21 - __main__ - ERROR - Face recognition error: Object of type float32 is not JSON serializable
2026-01-11 13:15:21 - werkzeug - INFO - 127.0.0.1 - - [11/Jan/2026 13:15:21] "[35m[1mPOST /recognize_face HTTP/1.1[0m" 500 -
2026-01-11 13:15:21 - werkzeug - INFO - 127.0.0.1 - - [11/Jan/2026 13:15:21] "POST /recognize_face HTTP/1.1" 200 -
2026-01-11 13:15:22 - __main__ - WARNING - Could not get dashboard ID: 'FaceDatabase' object has no attribute 'get_student'
2026-01-11 13:15:22 - __main__ - INFO - Face recognized: tharusha Senanayake (ID: DASH_stu-00000078, Dashboard: DASH_stu-00000078, Confidence: 0.77)
2026-01-11 13:15:22 - __main__ - ERROR - Face recognition error: Object of type float32 is not JSON serializable
2026-01-11 13:15:22 - werkzeug - INFO - 127.0.0.1 - - [11/Jan/2026 13:15:22] "[35m[1mPOST /recognize_face HTTP/1.1[0m" 500 -
2026-01-11 13:15:22 - werkzeug - INFO - 127.0.0.1 - - [11/Jan/2026 13:15:22] "POST /recognize_face HTTP/1.1" 200 -
2026-01-11 13:15:22 - __main__ - WARNING - Could not get dashboard ID: 'FaceDatabase' object has no attribute 'get_student'
2026-01-11 13:15:22 - __main__ - INFO - Face recognized: tharusha Senanayake (ID: DASH_stu-00000078, Dashboard: DASH_stu-00000078, Confidence: 0.75)
2026-01-11 13:15:22 - __main__ - ERROR - Face recognition error: Object of type float32 is not JSON serializable
2026-01-11 13:15:22 - werkzeug - INFO - 127.0.0.1 - - [11/Jan/2026 13:15:22] "[35m[1mPOST /recognize_face HTTP/1.1[0m" 500 -
2026-01-11 13:15:23 - werkzeug - INFO - 127.0.0.1 - - [11/Jan/2026 13:15:23] "POST /recognize_face HTTP/1.1" 200 -
2026-01-11 13:15:23 - __main__ - WARNING - Could not get dashboard ID: 'FaceDatabase' object has no attribute 'get_student'
2026-01-11 13:15:23 - __main__ - INFO - Face recognized: tharusha Senanayake (ID: DASH_stu-00000078, Dashboard: DASH_stu-00000078, Confidence: 0.74)
2026-01-11 13:15:23 - __main__ - ERROR - Face recognition error: Object of type float32 is not JSON serializable
2026-01-11 13:15:23 - werkzeug - INFO - 127.0.0.1 - - [11/Jan/2026 13:15:23] "[35m[1mPOST /recognize_face HTTP/1.1[0m" 500 -
2026-01-11 13:15:23 - werkzeug - INFO - 127.0.0.1 - - [11/Jan/2026 13:15:23] "POST /recognize_face HTTP/1.1" 200 -
2026-01-11 13:15:24 - werkzeug - INFO - 127.0.0.1 - - [11/Jan/2026 13:15:24] "POST /recognize_face HTTP/1.1" 200 -
2026-01-11 13:15:24 - werkzeug - INFO - 127.0.0.1 - - [11/Jan/2026 13:15:24] "POST /recognize_face HTTP/1.1" 200 -
2026-01-11 13:15:24 - werkzeug - INFO - 127.0.0.1 - - [11/Jan/2026 13:15:24] "POST /recognize_face HTTP/1.1" 200 -
2026-01-11 13:15:25 - werkzeug - INFO - 127.0.0.1 - - [11/Jan/2026 13:15:25] "POST /recognize_face HTTP/1.1" 200 -
2026-01-11 13:15:25 - werkzeug - INFO - 127.0.0.1 - - [11/Jan/2026 13:15:25] "POST /recognize_face HTTP/1.1" 200 -
2026-01-11 13:15:25 - werkzeug - INFO - 127.0.0.1 - - [11/Jan/2026 13:15:25] "POST /recognize_face HTTP/1.1" 200 -
2026-01-11 13:15:26 - werkzeug - INFO - 127.0.0.1 - - [11/Jan/2026 13:15:26] "POST /recognize_face HTTP/1.1" 200 -
2026-01-11 13:15:26 - werkzeug - INFO - 127.0.0.1 - - [11/Jan/2026 13:15:26] "POST /recognize_face HTTP/1.1" 200 -
2026-01-11 13:15:26 - werkzeug - INFO - 127.0.0.1 - - [11/Jan/2026 13:15:26] "POST /recognize_face HTTP/1.1" 200 -
2026-01-11 13:15:27 - __main__ - WARNING - Could not get dashboard ID: 'FaceDatabase' object has no attribute 'get_student'
2026-01-11 13:15:27 - __main__ - INFO - Face recognized: tharusha Senanayake (ID: DASH_stu-00000078, Dashboard: DASH_stu-00000078, Confidence: 0.80)
2026-01-11 13:15:27 - __main__ - ERROR - Face recognition error: Object of type float32 is not JSON serializable
2026-01-11 13:15:27 - werkzeug - INFO - 127.0.0.1 - - [11/Jan/2026 13:15:27] "[35m[1mPOST /recognize_face HTTP/1.1[0m" 500 -
2026-01-11 13:15:27 - __main__ - WARNING - Could not get dashboard ID: 'FaceDatabase' object has no attribute 'get_student'
2026-01-11 13:15:27 - __main__ - INFO - Face recognized: tharusha Senanayake (ID: DASH_stu-00000078, Dashboard: DASH_stu-00000078, Confidence: 0.79)
2026-01-11 13:15:27 - __main__ - ERROR - Face recognition error: Object of type float32 is not JSON serializable
2026-01-11 13:15:27 - werkzeug - INFO - 127.0.0.1 - - [11/Jan/2026 13:15:27] "[35m[1mPOST /recognize_face HTTP/1.1[0m" 500 -
2026-01-11 13:15:27 - __main__ - WARNING - Could not get dashboard ID: 'FaceDatabase' object has no attribute 'get_student'
2026-01-11 13:15:27 - __main__ - INFO - Face recognized: tharusha Senanayake (ID: DASH_stu-00000078, Dashboard: DASH_stu-00000078, Confidence: 0.78)
2026-01-11 13:15:27 - __main__ - ERROR - Face recognition error: Object of type float32 is not JSON serializable
2026-01-11 13:15:27 - werkzeug - INFO - 127.0.0.1 - - [11/Jan/2026 13:15:27] "[35m[1mPOST /recognize_face HTTP/1.1[0m" 500 -
2026-01-11 13:15:28 - __main__ - WARNING - Could not get dashboard ID: 'FaceDatabase' object has no attribute 'get_student'
2026-01-11 13:15:28 - __main__ - INFO - Face recognized: tharusha Senanayake (ID: DASH_stu-00000078, Dashboard: DASH_stu-00000078, Confidence: 0.79)
2026-01-11 13:15:28 - __main__ - ERROR - Face recognition error: Object of type float32 is not JSON serializable
2026-01-11 13:15:28 - werkzeug - INFO - 127.0.0.1 - - [11/Jan/2026 13:15:28] "[35m[1mPOST /recognize_face HTTP/1.1[0m" 500 -
2026-01-11 13:15:28 - __main__ - WARNING - Could not get dashboard ID: 'FaceDatabase' object has no attribute 'get_student'
2026-01-11 13:15:28 - __main__ - INFO - Face recognized: tharusha Senanayake (ID: DASH_stu-00000078, Dashboard: DASH_stu-00000078, Confidence: 0.74)
2026-01-11 13:15:28 - __main__ - ERROR - Face recognition error: Object of type float32 is not JSON serializable
2026-01-11 13:15:28 - werkzeug - INFO - 127.0.0.1 - - [11/Jan/2026 13:15:28] "[35m[1mPOST /recognize_face HTTP/1.1[0m" 500 -
2026-01-11 13:15:28 - werkzeug - INFO - 127.0.0.1 - - [11/Jan/2026 13:15:28] "POST /recognize_face HTTP/1.1" 200 -
2026-01-11 13:15:29 - __main__ - WARNING - Could not get dashboard ID: 'FaceDatabase' object has no attribute 'get_student'
2026-01-11 13:15:29 - __main__ - INFO - Face recognized: tharusha Senanayake (ID: DASH_stu-00000078, Dashboard: DASH_stu-00000078, Confidence: 0.72)
2026-01-11 13:15:29 - __main__ - ERROR - Face recognition error: Object of type float32 is not JSON serializable
2026-01-11 13:15:29 - werkzeug - INFO - 127.0.0.1 - - [11/Jan/2026 13:15:29] "[35m[1mPOST /recognize_face HTTP/1.1[0m" 500 -
2026-01-11 13:15:29 - __main__ - WARNING - Could not get dashboard ID: 'FaceDatabase' object has no attribute 'get_student'
2026-01-11 13:15:29 - __main__ - INFO - Face recognized: tharusha Senanayake (ID: DASH_stu-00000078, Dashboard: DASH_stu-00000078, Confidence: 0.72)
2026-01-11 13:15:29 - __main__ - ERROR - Face recognition error: Object of type float32 is not JSON serializable
2026-01-11 13:15:29 - werkzeug - INFO - 127.0.0.1 - - [11/Jan/2026 13:15:29] "[35m[1mPOST /recognize_face HTTP/1.1[0m" 500 -
2026-01-11 13:15:30 - __main__ - WARNING - Could not get dashboard ID: 'FaceDatabase' object has no attribute 'get_student'
2026-01-11 13:15:30 - __main__ - INFO - Face recognized: tharusha Senanayake (ID: DASH_stu-00000078, Dashboard: DASH_stu-00000078, Confidence: 0.73)
2026-01-11 13:15:30 - __main__ - ERROR - Face recognition error: Object of type float32 is not JSON serializable
2026-01-11 13:15:30 - werkzeug - INFO - 127.0.0.1 - - [11/Jan/2026 13:15:30] "[35m[1mPOST /recognize_face HTTP/1.1[0m" 500 -
2026-01-11 13:15:30 - __main__ - WARNING - Could not get dashboard ID: 'FaceDatabase' object has no attribute 'get_student'
2026-01-11 13:15:30 - __main__ - INFO - Face recognized: tharusha Senanayake (ID: DASH_stu-00000078, Dashboard: DASH_stu-00000078, Confidence: 0.70)
2026-01-11 13:15:30 - __main__ - ERROR - Face recognition error: Object of type float32 is not JSON serializable
2026-01-11 13:15:30 - werkzeug - INFO - 127.0.0.1 - - [11/Jan/2026 13:15:30] "[35m[1mPOST /recognize_face HTTP/1.1[0m" 500 -
2026-01-11 13:15:30 - __main__ - WARNING - Could not get dashboard ID: 'FaceDatabase' object has no attribute 'get_student'
2026-01-11 13:15:30 - __main__ - INFO - Face recognized: tharusha Senanayake (ID: DASH_stu-00000078, Dashboard: DASH_stu-00000078, Confidence: 0.79)
2026-01-11 13:15:30 - __main__ - ERROR - Face recognition error: Object of type float32 is not JSON serializable
2026-01-11 13:15:30 - werkzeug - INFO - 127.0.0.1 - - [11/Jan/2026 13:15:30] "[35m[1mPOST /recognize_face HTTP/1.1[0m" 500 -
2026-01-11 13:15:31 - __main__ - WARNING - Could not get dashboard ID: 'FaceDatabase' object has no attribute 'get_student'
2026-01-11 13:15:31 - __main__ - INFO - Face recognized: tharusha Senanayake (ID: DASH_stu-00000078, Dashboard: DASH_stu-00000078, Confidence: 0.81)
2026-01-11 13:15:31 - __main__ - ERROR - Face recognition error: Object of type float32 is not JSON serializable
2026-01-11 13:15:31 - werkzeug - INFO - 127.0.0.1 - - [11/Jan/2026 13:15:31] "[35m[1mPOST /recognize_face HTTP/1.1[0m" 500 -
2026-01-11 13:15:31 - __main__ - WARNING - Could not get dashboard ID: 'FaceDatabase' object has no attribute 'get_student'
2026-01-11 13:15:31 - __main__ - INFO - Face recognized: tharusha Senanayake (ID: DASH_stu-00000078, Dashboard: DASH_stu-00000078, Confidence: 0.79)
2026-01-11 13:15:31 - __main__ - ERROR - Face recognition error: Object of type float32 is not JSON serializable
2026-01-11 13:15:31 - werkzeug - INFO - 127.0.0.1 - - [11/Jan/2026 13:15:31] "[35m[1mPOST /recognize_face HTTP/1.1[0m" 500 -
2026-01-11 13:15:31 - __main__ - WARNING - Could not get dashboard ID: 'FaceDatabase' object has no attribute 'get_student'
2026-01-11 13:15:31 - __main__ - INFO - Face recognized: tharusha Senanayake (ID: DASH_stu-00000078, Dashboard: DASH_stu-00000078, Confidence: 0.83)
2026-01-11 13:15:31 - __main__ - ERROR - Face recognition error: Object of type float32 is not JSON serializable
2026-01-11 13:15:31 - werkzeug - INFO - 127.0.0.1 - - [11/Jan/2026 13:15:31] "[35m[1mPOST /recognize_face HTTP/1.1[0m" 500 -
2026-01-11 13:15:31 - __main__ - WARNING - Could not get dashboard ID: 'FaceDatabase' object has no attribute 'get_student'
2026-01-11 13:15:31 - __main__ - INFO - Face recognized: tharusha Senanayake (ID: DASH_stu-00000078, Dashboard: DASH_stu-00000078, Confidence: 0.88)
2026-01-11 13:15:31 - __main__ - ERROR - Face recognition error: Object of type float32 is not JSON serializable
2026-01-11 13:15:31 - werkzeug - INFO - 127.0.0.1 - - [11/Jan/2026 13:15:31] "[35m[1mPOST /recognize_face HTTP/1.1[0m" 500 -
2026-01-11 13:15:32 - __main__ - WARNING - Could not get dashboard ID: 'FaceDatabase' object has no attribute 'get_student'
2026-01-11 13:15:32 - __main__ - INFO - Face recognized: tharusha Senanayake (ID: DASH_stu-00000078, Dashboard: DASH_stu-00000078, Confidence: 0.82)
2026-01-11 13:15:32 - __main__ - ERROR - Face recognition error: Object of type float32 is not JSON serializable
2026-01-11 13:15:32 - werkzeug - INFO - 127.0.0.1 - - [11/Jan/2026 13:15:32] "[35m[1mPOST /recognize_face HTTP/1.1[0m" 500 -
2026-01-11 13:15:32 - __main__ - WARNING - Could not get dashboard ID: 'FaceDatabase' object has no attribute 'get_student'
2026-01-11 13:15:32 - __main__ - INFO - Face recognized: tharusha Senanayake (ID: DASH_stu-00000078, Dashboard: DASH_stu-00000078, Confidence: 0.73)
2026-01-11 13:15:32 - __main__ - ERROR - Face recognition error: Object of type float32 is not JSON serializable
2026-01-11 13:15:32 - werkzeug - INFO - 127.0.0.1 - - [11/Jan/2026 13:15:32] "[35m[1mPOST /recognize_face HTTP/1.1[0m" 500 -
2026-01-11 13:15:32 - __main__ - WARNING - Could not get dashboard ID: 'FaceDatabase' object has no attribute 'get_student'
2026-01-11 13:15:32 - __main__ - INFO - Face recognized: tharusha Senanayake (ID: DASH_stu-00000078, Dashboard: DASH_stu-00000078, Confidence: 0.73)
2026-01-11 13:15:32 - __main__ - ERROR - Face recognition error: Object of type float32 is not JSON serializable
2026-01-11 13:15:32 - werkzeug - INFO - 127.0.0.1 - - [11/Jan/2026 13:15:32] "[35m[1mPOST /recognize_face HTTP/1.1[0m" 500 -
2026-01-11 13:15:33 - __main__ - WARNING - Could not get dashboard ID: 'FaceDatabase' object has no attribute 'get_student'
2026-01-11 13:15:33 - __main__ - INFO - Face recognized: tharusha Senanayake (ID: DASH_stu-00000078, Dashboard: DASH_stu-00000078, Confidence: 0.75)
2026-01-11 13:15:33 - __main__ - ERROR - Face recognition error: Object of type float32 is not JSON serializable
2026-01-11 13:15:33 - werkzeug - INFO - 127.0.0.1 - - [11/Jan/2026 13:15:33] "[35m[1mPOST /recognize_face HTTP/1.1[0m" 500 -
2026-01-11 13:15:33 - __main__ - WARNING - Could not get dashboard ID: 'FaceDatabase' object has no attribute 'get_student'
2026-01-11 13:15:33 - __main__ - INFO - Face recognized: tharusha Senanayake (ID: DASH_stu-00000078, Dashboard: DASH_stu-00000078, Confidence: 0.87)
2026-01-11 13:15:33 - __main__ - ERROR - Face recognition error: Object of type float32 is not JSON serializable
2026-01-11 13:15:33 - werkzeug - INFO - 127.0.0.1 - - [11/Jan/2026 13:15:33] "[35m[1mPOST /recognize_face HTTP/1.1[0m" 500 -
2026-01-11 13:15:33 - __main__ - WARNING - Could not get dashboard ID: 'FaceDatabase' object has no attribute 'get_student'
2026-01-11 13:15:33 - __main__ - INFO - Face recognized: tharusha Senanayake (ID: DASH_stu-00000078, Dashboard: DASH_stu-00000078, Confidence: 0.87)
2026-01-11 13:15:33 - __main__ - ERROR - Face recognition error: Object of type float32 is not JSON serializable
2026-01-11 13:15:33 - werkzeug - INFO - 127.0.0.1 - - [11/Jan/2026 13:15:33] "[35m[1mPOST /recognize_face HTTP/1.1[0m" 500 -
2026-01-11 13:15:34 - __main__ - WARNING - Could not get dashboard ID: 'FaceDatabase' object has no attribute 'get_student'
2026-01-11 13:15:34 - __main__ - INFO - Face recognized: tharusha Senanayake (ID: DASH_stu-00000078, Dashboard: DASH_stu-00000078, Confidence: 0.87)
2026-01-11 13:15:34 - __main__ - ERROR - Face recognition error: Object of type float32 is not JSON serializable
2026-01-11 13:15:34 - werkzeug - INFO - 127.0.0.1 - - [11/Jan/2026 13:15:34] "[35m[1mPOST /recognize_face HTTP/1.1[0m" 500 -
2026-01-11 13:15:34 - __main__ - WARNING - Could not get dashboard ID: 'FaceDatabase' object has no attribute 'get_student'
2026-01-11 13:15:34 - __main__ - INFO - Face recognized: tharusha Senanayake (ID: DASH_stu-00000078, Dashboard: DASH_stu-00000078, Confidence: 0.87)
2026-01-11 13:15:34 - __main__ - ERROR - Face recognition error: Object of type float32 is not JSON serializable
2026-01-11 13:15:34 - werkzeug - INFO - 127.0.0.1 - - [11/Jan/2026 13:15:34] "[35m[1mPOST /recognize_face HTTP/1.1[0m" 500 -
2026-01-11 13:15:34 - __main__ - WARNING - Could not get dashboard ID: 'FaceDatabase' object has no attribute 'get_student'
2026-01-11 13:15:34 - __main__ - INFO - Face recognized: tharusha Senanayake (ID: DASH_stu-00000078, Dashboard: DASH_stu-00000078, Confidence: 0.87)
2026-01-11 13:15:34 - __main__ - ERROR - Face recognition error: Object of type float32 is not JSON serializable
2026-01-11 13:15:34 - werkzeug - INFO - 127.0.0.1 - - [11/Jan/2026 13:15:34] "[35m[1mPOST /recognize_face HTTP/1.1[0m" 500 -
2026-01-11 13:15:35 - __main__ - WARNING - Could not get dashboard ID: 'FaceDatabase' object has no attribute 'get_student'
2026-01-11 13:15:35 - __main__ - INFO - Face recognized: tharusha Senanayake (ID: DASH_stu-00000078, Dashboard: DASH_stu-00000078, Confidence: 0.86)
2026-01-11 13:15:35 - __main__ - ERROR - Face recognition error: Object of type float32 is not JSON serializable
2026-01-11 13:15:35 - werkzeug - INFO - 127.0.0.1 - - [11/Jan/2026 13:15:35] "[35m[1mPOST /recognize_face HTTP/1.1[0m" 500 -
2026-01-11 13:15:35 - __main__ - WARNING - Could not get dashboard ID: 'FaceDatabase' object has no attribute 'get_student'
2026-01-11 13:15:35 - __main__ - INFO - Face recognized: tharusha Senanayake (ID: DASH_stu-00000078, Dashboard: DASH_stu-00000078, Confidence: 0.87)
2026-01-11 13:15:35 - __main__ - ERROR - Face recognition error: Object of type float32 is not JSON serializable
2026-01-11 13:15:35 - werkzeug - INFO - 127.0.0.1 - - [11/Jan/2026 13:15:35] "[35m[1mPOST /recognize_face HTTP/1.1[0m" 500 -
2026-01-11 13:15:35 - __main__ - WARNING - Could not get dashboard ID: 'FaceDatabase' object has no attribute 'get_student'
2026-01-11 13:15:35 - __main__ - INFO - Face recognized: tharusha Senanayake (ID: DASH_stu-00000078, Dashboard: DASH_stu-00000078, Confidence: 0.83)
2026-01-11 13:15:35 - __main__ - ERROR - Face recognition error: Object of type float32 is not JSON serializable
2026-01-11 13:15:35 - werkzeug - INFO - 127.0.0.1 - - [11/Jan/2026 13:15:35] "[35m[1mPOST /recognize_face HTTP/1.1[0m" 500 -
2026-01-11 13:15:36 - __main__ - WARNING - Could not get dashboard ID: 'FaceDatabase' object has no attribute 'get_student'
2026-01-11 13:15:36 - __main__ - INFO - Face recognized: tharusha Senanayake (ID: DASH_stu-00000078, Dashboard: DASH_stu-00000078, Confidence: 0.83)
2026-01-11 13:15:36 - __main__ - ERROR - Face recognition error: Object of type float32 is not JSON serializable
2026-01-11 13:15:36 - werkzeug - INFO - 127.0.0.1 - - [11/Jan/2026 13:15:36] "[35m[1mPOST /recognize_face HTTP/1.1[0m" 500 -
2026-01-11 13:15:36 - __main__ - WARNING - Could not get dashboard ID: 'FaceDatabase' object has no attribute 'get_student'
2026-01-11 13:15:36 - __main__ - INFO - Face recognized: tharusha Senanayake (ID: DASH_stu-00000078, Dashboard: DASH_stu-00000078, Confidence: 0.84)
2026-01-11 13:15:36 - __main__ - ERROR - Face recognition error: Object of type float32 is not JSON serializable
2026-01-11 13:15:36 - werkzeug - INFO - 127.0.0.1 - - [11/Jan/2026 13:15:36] "[35m[1mPOST /recognize_face HTTP/1.1[0m" 500 -
2026-01-11 13:15:36 - __main__ - WARNING - Could not get dashboard ID: 'FaceDatabase' object has no attribute 'get_student'
2026-01-11 13:15:36 - __main__ - INFO - Face recognized: tharusha Senanayake (ID: DASH_stu-00000078, Dashboard: DASH_stu-00000078, Confidence: 0.83)
2026-01-11 13:15:36 - __main__ - ERROR - Face recognition error: Object of type float32 is not JSON serializable
2026-01-11 13:15:36 - werkzeug - INFO - 127.0.0.1 - - [11/Jan/2026 13:15:36] "[35m[1mPOST /recognize_face HTTP/1.1[0m" 500 -
2026-01-11 13:15:37 - __main__ - WARNING - Could not get dashboard ID: 'FaceDatabase' object has no attribute 'get_student'
2026-01-11 13:15:37 - __main__ - INFO - Face recognized: tharusha Senanayake (ID: DASH_stu-00000078, Dashboard: DASH_stu-00000078, Confidence: 0.84)
2026-01-11 13:15:37 - __main__ - ERROR - Face recognition error: Object of type float32 is not JSON serializable
2026-01-11 13:15:37 - werkzeug - INFO - 127.0.0.1 - - [11/Jan/2026 13:15:37] "[35m[1mPOST /recognize_face HTTP/1.1[0m" 500 -
2026-01-11 13:15:37 - __main__ - WARNING - Could not get dashboard ID: 'FaceDatabase' object has no attribute 'get_student'
2026-01-11 13:15:37 - __main__ - INFO - Face recognized: tharusha Senanayake (ID: DASH_stu-00000078, Dashboard: DASH_stu-00000078, Confidence: 0.83)
2026-01-11 13:15:37 - __main__ - ERROR - Face recognition error: Object of type float32 is not JSON serializable
2026-01-11 13:15:37 - werkzeug - INFO - 127.0.0.1 - - [11/Jan/2026 13:15:37] "[35m[1mPOST /recognize_face HTTP/1.1[0m" 500 -
2026-01-11 13:15:37 - __main__ - WARNING - Could not get dashboard ID: 'FaceDatabase' object has no attribute 'get_student'
2026-01-11 13:15:37 - __main__ - INFO - Face recognized: tharusha Senanayake (ID: DASH_stu-00000078, Dashboard: DASH_stu-00000078, Confidence: 0.86)
2026-01-11 13:15:37 - __main__ - ERROR - Face recognition error: Object of type float32 is not JSON serializable
2026-01-11 13:15:37 - werkzeug - INFO - 127.0.0.1 - - [11/Jan/2026 13:15:37] "[35m[1mPOST /recognize_face HTTP/1.1[0m" 500 -
2026-01-11 13:15:38 - __main__ - WARNING - Could not get dashboard ID: 'FaceDatabase' object has no attribute 'get_student'
2026-01-11 13:15:38 - __main__ - INFO - Face recognized: tharusha Senanayake (ID: DASH_stu-00000078, Dashboard: DASH_stu-00000078, Confidence: 0.84)
2026-01-11 13:15:38 - __main__ - ERROR - Face recognition error: Object of type float32 is not JSON serializable
2026-01-11 13:15:38 - werkzeug - INFO - 127.0.0.1 - - [11/Jan/2026 13:15:38] "[35m[1mPOST /recognize_face HTTP/1.1[0m" 500 -
2026-01-11 13:15:38 - __main__ - WARNING - Could not get dashboard ID: 'FaceDatabase' object has no attribute 'get_student'
2026-01-11 13:15:38 - __main__ - INFO - Face recognized: tharusha Senanayake (ID: DASH_stu-00000078, Dashboard: DASH_stu-00000078, Confidence: 0.83)
2026-01-11 13:15:38 - __main__ - ERROR - Face recognition error: Object of type float32 is not JSON serializable
2026-01-11 13:15:38 - werkzeug - INFO - 127.0.0.1 - - [11/Jan/2026 13:15:38] "[35m[1mPOST /recognize_face HTTP/1.1[0m" 500 -
2026-01-11 13:15:38 - __main__ - WARNING - Could not get dashboard ID: 'FaceDatabase' object has no attribute 'get_student'
2026-01-11 13:15:38 - __main__ - INFO - Face recognized: tharusha Senanayake (ID: DASH_stu-00000078, Dashboard: DASH_stu-00000078, Confidence: 0.86)
2026-01-11 13:15:38 - __main__ - ERROR - Face recognition error: Object of type float32 is not JSON serializable
2026-01-11 13:15:38 - werkzeug - INFO - 127.0.0.1 - - [11/Jan/2026 13:15:38] "[35m[1mPOST /recognize_face HTTP/1.1[0m" 500 -
2026-01-11 13:15:39 - __main__ - WARNING - Could not get dashboard ID: 'FaceDatabase' object has no attribute 'get_student'
2026-01-11 13:15:39 - __main__ - INFO - Face recognized: tharusha Senanayake (ID: DASH_stu-00000078, Dashboard: DASH_stu-00000078, Confidence: 0.76)
2026-01-11 13:15:39 - __main__ - ERROR - Face recognition error: Object of type float32 is not JSON serializable
2026-01-11 13:15:39 - werkzeug - INFO - 127.0.0.1 - - [11/Jan/2026 13:15:39] "[35m[1mPOST /recognize_face HTTP/1.1[0m" 500 -
2026-01-11 13:15:39 - __main__ - WARNING - Could not get dashboard ID: 'FaceDatabase' object has no attribute 'get_student'
2026-01-11 13:15:39 - __main__ - INFO - Face recognized: tharusha Senanayake (ID: DASH_stu-00000078, Dashboard: DASH_stu-00000078, Confidence: 0.83)
2026-01-11 13:15:39 - __main__ - ERROR - Face recognition error: Object of type float32 is not JSON serializable
2026-01-11 13:15:39 - werkzeug - INFO - 127.0.0.1 - - [11/Jan/2026 13:15:39] "[35m[1mPOST /recognize_face HTTP/1.1[0m" 500 -
2026-01-11 13:15:39 - __main__ - WARNING - Could not get dashboard ID: 'FaceDatabase' object has no attribute 'get_student'
2026-01-11 13:15:39 - __main__ - INFO - Face recognized: tharusha Senanayake (ID: DASH_stu-00000078, Dashboard: DASH_stu-00000078, Confidence: 0.76)
2026-01-11 13:15:39 - __main__ - ERROR - Face recognition error: Object of type float32 is not JSON serializable
2026-01-11 13:15:39 - werkzeug - INFO - 127.0.0.1 - - [11/Jan/2026 13:15:39] "[35m[1mPOST /recognize_face HTTP/1.1[0m" 500 -
2026-01-11 13:15:40 - __main__ - WARNING - Could not get dashboard ID: 'FaceDatabase' object has no attribute 'get_student'
2026-01-11 13:15:40 - __main__ - INFO - Face recognized: tharusha Senanayake (ID: DASH_stu-00000078, Dashboard: DASH_stu-00000078, Confidence: 0.78)
2026-01-11 13:15:40 - __main__ - ERROR - Face recognition error: Object of type float32 is not JSON serializable
2026-01-11 13:15:40 - werkzeug - INFO - 127.0.0.1 - - [11/Jan/2026 13:15:40] "[35m[1mPOST /recognize_face HTTP/1.1[0m" 500 -
2026-01-11 13:15:40 - __main__ - WARNING - Could not get dashboard ID: 'FaceDatabase' object has no attribute 'get_student'
2026-01-11 13:15:40 - __main__ - INFO - Face recognized: tharusha Senanayake (ID: DASH_stu-00000078, Dashboard: DASH_stu-00000078, Confidence: 0.84)
2026-01-11 13:15:40 - __main__ - ERROR - Face recognition error: Object of type float32 is not JSON serializable
2026-01-11 13:15:40 - werkzeug - INFO - 127.0.0.1 - - [11/Jan/2026 13:15:40] "[35m[1mPOST /recognize_face HTTP/1.1[0m" 500 -
2026-01-11 13:15:40 - __main__ - WARNING - Could not get dashboard ID: 'FaceDatabase' object has no attribute 'get_student'
2026-01-11 13:15:40 - __main__ - INFO - Face recognized: tharusha Senanayake (ID: DASH_stu-00000078, Dashboard: DASH_stu-00000078, Confidence: 0.83)
2026-01-11 13:15:40 - __main__ - ERROR - Face recognition error: Object of type float32 is not JSON serializable
2026-01-11 13:15:40 - werkzeug - INFO - 127.0.0.1 - - [11/Jan/2026 13:15:40] "[35m[1mPOST /recognize_face HTTP/1.1[0m" 500 -
2026-01-11 13:15:41 - __main__ - WARNING - Could not get dashboard ID: 'FaceDatabase' object has no attribute 'get_student'
2026-01-11 13:15:41 - __main__ - INFO - Face recognized: tharusha Senanayake (ID: DASH_stu-00000078, Dashboard: DASH_stu-00000078, Confidence: 0.87)
2026-01-11 13:15:41 - __main__ - ERROR - Face recognition error: Object of type float32 is not JSON serializable
2026-01-11 13:15:41 - werkzeug - INFO - 127.0.0.1 - - [11/Jan/2026 13:15:41] "[35m[1mPOST /recognize_face HTTP/1.1[0m" 500 -
2026-01-11 13:15:41 - __main__ - WARNING - Could not get dashboard ID: 'FaceDatabase' object has no attribute 'get_student'
2026-01-11 13:15:41 - __main__ - INFO - Face recognized: tharusha Senanayake (ID: DASH_stu-00000078, Dashboard: DASH_stu-00000078, Confidence: 0.84)
2026-01-11 13:15:41 - __main__ - ERROR - Face recognition error: Object of type float32 is not JSON serializable
2026-01-11 13:15:41 - werkzeug - INFO - 127.0.0.1 - - [11/Jan/2026 13:15:41] "[35m[1mPOST /recognize_face HTTP/1.1[0m" 500 -
2026-01-11 13:15:41 - __main__ - WARNING - Could not get dashboard ID: 'FaceDatabase' object has no attribute 'get_student'
2026-01-11 13:15:41 - __main__ - INFO - Face recognized: tharusha Senanayake (ID: DASH_stu-00000078, Dashboard: DASH_stu-00000078, Confidence: 0.82)
2026-01-11 13:15:41 - __main__ - ERROR - Face recognition error: Object of type float32 is not JSON serializable
2026-01-11 13:15:41 - werkzeug - INFO - 127.0.0.1 - - [11/Jan/2026 13:15:41] "[35m[1mPOST /recognize_face HTTP/1.1[0m" 500 -
2026-01-11 13:15:42 - __main__ - WARNING - Could not get dashboard ID: 'FaceDatabase' object has no attribute 'get_student'
2026-01-11 13:15:42 - __main__ - INFO - Face recognized: tharusha Senanayake (ID: DASH_stu-00000078, Dashboard: DASH_stu-00000078, Confidence: 0.86)
2026-01-11 13:15:42 - __main__ - ERROR - Face recognition error: Object of type float32 is not JSON serializable
2026-01-11 13:15:42 - werkzeug - INFO - 127.0.0.1 - - [11/Jan/2026 13:15:42] "[35m[1mPOST /recognize_face HTTP/1.1[0m" 500 -
2026-01-11 13:15:42 - __main__ - WARNING - Could not get dashboard ID: 'FaceDatabase' object has no attribute 'get_student'
2026-01-11 13:15:42 - __main__ - INFO - Face recognized: tharusha Senanayake (ID: DASH_stu-00000078, Dashboard: DASH_stu-00000078, Confidence: 0.84)
2026-01-11 13:15:42 - __main__ - ERROR - Face recognition error: Object of type float32 is not JSON serializable
2026-01-11 13:15:42 - werkzeug - INFO - 127.0.0.1 - - [11/Jan/2026 13:15:42] "[35m[1mPOST /recognize_face HTTP/1.1[0m" 500 -
2026-01-11 13:15:42 - __main__ - WARNING - Could not get dashboard ID: 'FaceDatabase' object has no attribute 'get_student'
2026-01-11 13:15:42 - __main__ - INFO - Face recognized: tharusha Senanayake (ID: DASH_stu-00000078, Dashboard: DASH_stu-00000078, Confidence: 0.86)
2026-01-11 13:15:42 - __main__ - ERROR - Face recognition error: Object of type float32 is not JSON serializable
2026-01-11 13:15:42 - werkzeug - INFO - 127.0.0.1 - - [11/Jan/2026 13:15:42] "[35m[1mPOST /recognize_face HTTP/1.1[0m" 500 -
2026-01-11 13:15:43 - __main__ - WARNING - Could not get dashboard ID: 'FaceDatabase' object has no attribute 'get_student'
2026-01-11 13:15:43 - __main__ - INFO - Face recognized: tharusha Senanayake (ID: DASH_stu-00000078, Dashboard: DASH_stu-00000078, Confidence: 0.83)
2026-01-11 13:15:43 - __main__ - ERROR - Face recognition error: Object of type float32 is not JSON serializable
2026-01-11 13:15:43 - werkzeug - INFO - 127.0.0.1 - - [11/Jan/2026 13:15:43] "[35m[1mPOST /recognize_face HTTP/1.1[0m" 500 -
2026-01-11 13:15:43 - __main__ - WARNING - Could not get dashboard ID: 'FaceDatabase' object has no attribute 'get_student'
2026-01-11 13:15:43 - __main__ - INFO - Face recognized: tharusha Senanayake (ID: DASH_stu-00000078, Dashboard: DASH_stu-00000078, Confidence: 0.80)
2026-01-11 13:15:43 - __main__ - ERROR - Face recognition error: Object of type float32 is not JSON serializable
2026-01-11 13:15:43 - werkzeug - INFO - 127.0.0.1 - - [11/Jan/2026 13:15:43] "[35m[1mPOST /recognize_face HTTP/1.1[0m" 500 -
2026-01-11 13:15:43 - __main__ - WARNING - Could not get dashboard ID: 'FaceDatabase' object has no attribute 'get_student'
2026-01-11 13:15:43 - __main__ - INFO - Face recognized: tharusha Senanayake (ID: DASH_stu-00000078, Dashboard: DASH_stu-00000078, Confidence: 0.77)
2026-01-11 13:15:43 - __main__ - ERROR - Face recognition error: Object of type float32 is not JSON serializable
2026-01-11 13:15:43 - werkzeug - INFO - 127.0.0.1 - - [11/Jan/2026 13:15:43] "[35m[1mPOST /recognize_face HTTP/1.1[0m" 500 -
2026-01-11 13:15:44 - __main__ - WARNING - Could not get dashboard ID: 'FaceDatabase' object has no attribute 'get_student'
2026-01-11 13:15:44 - __main__ - INFO - Face recognized: tharusha Senanayake (ID: DASH_stu-00000078, Dashboard: DASH_stu-00000078, Confidence: 0.80)
2026-01-11 13:15:44 - __main__ - ERROR - Face recognition error: Object of type float32 is not JSON serializable
2026-01-11 13:15:44 - werkzeug - INFO - 127.0.0.1 - - [11/Jan/2026 13:15:44] "[35m[1mPOST /recognize_face HTTP/1.1[0m" 500 -
2026-01-11 13:15:44 - __main__ - WARNING - Could not get dashboard ID: 'FaceDatabase' object has no attribute 'get_student'
2026-01-11 13:15:44 - __main__ - INFO - Face recognized: tharusha Senanayake (ID: DASH_stu-00000078, Dashboard: DASH_stu-00000078, Confidence: 0.86)
2026-01-11 13:15:44 - __main__ - ERROR - Face recognition error: Object of type float32 is not JSON serializable
2026-01-11 13:15:44 - werkzeug - INFO - 127.0.0.1 - - [11/Jan/2026 13:15:44] "[35m[1mPOST /recognize_face HTTP/1.1[0m" 500 -
2026-01-11 13:15:44 - __main__ - WARNING - Could not get dashboard ID: 'FaceDatabase' object has no attribute 'get_student'
2026-01-11 13:15:44 - __main__ - INFO - Face recognized: tharusha Senanayake (ID: DASH_stu-00000078, Dashboard: DASH_stu-00000078, Confidence: 0.86)
2026-01-11 13:15:44 - __main__ - ERROR - Face recognition error: Object of type float32 is not JSON serializable
2026-01-11 13:15:44 - werkzeug - INFO - 127.0.0.1 - - [11/Jan/2026 13:15:44] "[35m[1mPOST /recognize_face HTTP/1.1[0m" 500 -
2026-01-11 13:15:45 - __main__ - WARNING - Could not get dashboard ID: 'FaceDatabase' object has no attribute 'get_student'
2026-01-11 13:15:45 - __main__ - INFO - Face recognized: tharusha Senanayake (ID: DASH_stu-00000078, Dashboard: DASH_stu-00000078, Confidence: 0.77)
2026-01-11 13:15:45 - __main__ - ERROR - Face recognition error: Object of type float32 is not JSON serializable
2026-01-11 13:15:45 - werkzeug - INFO - 127.0.0.1 - - [11/Jan/2026 13:15:45] "[35m[1mPOST /recognize_face HTTP/1.1[0m" 500 -
2026-01-11 13:15:45 - __main__ - WARNING - Could not get dashboard ID: 'FaceDatabase' object has no attribute 'get_student'
2026-01-11 13:15:45 - __main__ - INFO - Face recognized: tharusha Senanayake (ID: DASH_stu-00000078, Dashboard: DASH_stu-00000078, Confidence: 0.83)
2026-01-11 13:15:45 - __main__ - ERROR - Face recognition error: Object of type float32 is not JSON serializable
2026-01-11 13:15:45 - werkzeug - INFO - 127.0.0.1 - - [11/Jan/2026 13:15:45] "[35m[1mPOST /recognize_face HTTP/1.1[0m" 500 -
2026-01-11 13:15:45 - __main__ - WARNING - Could not get dashboard ID: 'FaceDatabase' object has no attribute 'get_student'
2026-01-11 13:15:45 - __main__ - INFO - Face recognized: tharusha Senanayake (ID: DASH_stu-00000078, Dashboard: DASH_stu-00000078, Confidence: 0.84)
2026-01-11 13:15:45 - __main__ - ERROR - Face recognition error: Object of type float32 is not JSON serializable
2026-01-11 13:15:45 - werkzeug - INFO - 127.0.0.1 - - [11/Jan/2026 13:15:45] "[35m[1mPOST /recognize_face HTTP/1.1[0m" 500 -
2026-01-11 13:15:46 - __main__ - WARNING - Could not get dashboard ID: 'FaceDatabase' object has no attribute 'get_student'
2026-01-11 13:15:46 - __main__ - INFO - Face recognized: tharusha Senanayake (ID: DASH_stu-00000078, Dashboard: DASH_stu-00000078, Confidence: 0.84)
2026-01-11 13:15:46 - __main__ - ERROR - Face recognition error: Object of type float32 is not JSON serializable
2026-01-11 13:15:46 - werkzeug - INFO - 127.0.0.1 - - [11/Jan/2026 13:15:46] "[35m[1mPOST /recognize_face HTTP/1.1[0m" 500 -
2026-01-11 13:15:46 - __main__ - WARNING - Could not get dashboard ID: 'FaceDatabase' object has no attribute 'get_student'
2026-01-11 13:15:46 - __main__ - INFO - Face recognized: tharusha Senanayake (ID: DASH_stu-00000078, Dashboard: DASH_stu-00000078, Confidence: 0.84)
2026-01-11 13:15:46 - __main__ - ERROR - Face recognition error: Object of type float32 is not JSON serializable
2026-01-11 13:15:46 - werkzeug - INFO - 127.0.0.1 - - [11/Jan/2026 13:15:46] "[35m[1mPOST /recognize_face HTTP/1.1[0m" 500 -
2026-01-11 13:15:46 - __main__ - WARNING - Could not get dashboard ID: 'FaceDatabase' object has no attribute 'get_student'
2026-01-11 13:15:46 - __main__ - INFO - Face recognized: tharusha Senanayake (ID: DASH_stu-00000078, Dashboard: DASH_stu-00000078, Confidence: 0.81)
2026-01-11 13:15:46 - __main__ - ERROR - Face recognition error: Object of type float32 is not JSON serializable
2026-01-11 13:15:46 - werkzeug - INFO - 127.0.0.1 - - [11/Jan/2026 13:15:46] "[35m[1mPOST /recognize_face HTTP/1.1[0m" 500 -
2026-01-11 13:15:47 - __main__ - WARNING - Could not get dashboard ID: 'FaceDatabase' object has no attribute 'get_student'
2026-01-11 13:15:47 - __main__ - INFO - Face recognized: tharusha Senanayake (ID: DASH_stu-00000078, Dashboard: DASH_stu-00000078, Confidence: 0.84)
2026-01-11 13:15:47 - __main__ - ERROR - Face recognition error: Object of type float32 is not JSON serializable
2026-01-11 13:15:47 - werkzeug - INFO - 127.0.0.1 - - [11/Jan/2026 13:15:47] "[35m[1mPOST /recognize_face HTTP/1.1[0m" 500 -
2026-01-11 13:15:47 - __main__ - WARNING - Could not get dashboard ID: 'FaceDatabase' object has no attribute 'get_student'
2026-01-11 13:15:47 - __main__ - INFO - Face recognized: tharusha Senanayake (ID: DASH_stu-00000078, Dashboard: DASH_stu-00000078, Confidence: 0.81)
2026-01-11 13:15:47 - __main__ - ERROR - Face recognition error: Object of type float32 is not JSON serializable
2026-01-11 13:15:47 - werkzeug - INFO - 127.0.0.1 - - [11/Jan/2026 13:15:47] "[35m[1mPOST /recognize_face HTTP/1.1[0m" 500 -
2026-01-11 13:15:47 - __main__ - WARNING - Could not get dashboard ID: 'FaceDatabase' object has no attribute 'get_student'
2026-01-11 13:15:47 - __main__ - INFO - Face recognized: tharusha Senanayake (ID: DASH_stu-00000078, Dashboard: DASH_stu-00000078, Confidence: 0.88)
2026-01-11 13:15:47 - __main__ - ERROR - Face recognition error: Object of type float32 is not JSON serializable
2026-01-11 13:15:47 - werkzeug - INFO - 127.0.0.1 - - [11/Jan/2026 13:15:47] "[35m[1mPOST /recognize_face HTTP/1.1[0m" 500 -
2026-01-11 13:15:48 - __main__ - WARNING - Could not get dashboard ID: 'FaceDatabase' object has no attribute 'get_student'
2026-01-11 13:15:48 - __main__ - INFO - Face recognized: tharusha Senanayake (ID: DASH_stu-00000078, Dashboard: DASH_stu-00000078, Confidence: 0.80)
2026-01-11 13:15:48 - __main__ - ERROR - Face recognition error: Object of type float32 is not JSON serializable
2026-01-11 13:15:48 - werkzeug - INFO - 127.0.0.1 - - [11/Jan/2026 13:15:48] "[35m[1mPOST /recognize_face HTTP/1.1[0m" 500 -
2026-01-11 13:15:48 - __main__ - WARNING - Could not get dashboard ID: 'FaceDatabase' object has no attribute 'get_student'
2026-01-11 13:15:48 - __main__ - INFO - Face recognized: tharusha Senanayake (ID: DASH_stu-00000078, Dashboard: DASH_stu-00000078, Confidence: 0.86)
2026-01-11 13:15:48 - __main__ - ERROR - Face recognition error: Object of type float32 is not JSON serializable
2026-01-11 13:15:48 - werkzeug - INFO - 127.0.0.1 - - [11/Jan/2026 13:15:48] "[35m[1mPOST /recognize_face HTTP/1.1[0m" 500 -
2026-01-11 13:15:48 - __main__ - WARNING - Could not get dashboard ID: 'FaceDatabase' object has no attribute 'get_student'
2026-01-11 13:15:48 - __main__ - INFO - Face recognized: tharusha Senanayake (ID: DASH_stu-00000078, Dashboard: DASH_stu-00000078, Confidence: 0.82)
2026-01-11 13:15:48 - __main__ - ERROR - Face recognition error: Object of type float32 is not JSON serializable
2026-01-11 13:15:48 - werkzeug - INFO - 127.0.0.1 - - [11/Jan/2026 13:15:48] "[35m[1mPOST /recognize_face HTTP/1.1[0m" 500 -
2026-01-11 13:15:49 - __main__ - WARNING - Could not get dashboard ID: 'FaceDatabase' object has no attribute 'get_student'
2026-01-11 13:15:49 - __main__ - INFO - Face recognized: tharusha Senanayake (ID: DASH_stu-00000078, Dashboard: DASH_stu-00000078, Confidence: 0.87)
2026-01-11 13:15:49 - __main__ - ERROR - Face recognition error: Object of type float32 is not JSON serializable
2026-01-11 13:15:49 - werkzeug - INFO - 127.0.0.1 - - [11/Jan/2026 13:15:49] "[35m[1mPOST /recognize_face HTTP/1.1[0m" 500 -
2026-01-11 13:15:49 - __main__ - WARNING - Could not get dashboard ID: 'FaceDatabase' object has no attribute 'get_student'
2026-01-11 13:15:49 - __main__ - INFO - Face recognized: tharusha Senanayake (ID: DASH_stu-00000078, Dashboard: DASH_stu-00000078, Confidence: 0.87)
2026-01-11 13:15:49 - __main__ - ERROR - Face recognition error: Object of type float32 is not JSON serializable
2026-01-11 13:15:49 - werkzeug - INFO - 127.0.0.1 - - [11/Jan/2026 13:15:49] "[35m[1mPOST /recognize_face HTTP/1.1[0m" 500 -
2026-01-11 13:15:49 - __main__ - WARNING - Could not get dashboard ID: 'FaceDatabase' object has no attribute 'get_student'
2026-01-11 13:15:49 - __main__ - INFO - Face recognized: tharusha Senanayake (ID: DASH_stu-00000078, Dashboard: DASH_stu-00000078, Confidence: 0.85)
2026-01-11 13:15:49 - __main__ - ERROR - Face recognition error: Object of type float32 is not JSON serializable
2026-01-11 13:15:49 - werkzeug - INFO - 127.0.0.1 - - [11/Jan/2026 13:15:49] "[35m[1mPOST /recognize_face HTTP/1.1[0m" 500 -
2026-01-11 13:15:50 - __main__ - WARNING - Could not get dashboard ID: 'FaceDatabase' object has no attribute 'get_student'
2026-01-11 13:15:50 - __main__ - INFO - Face recognized: tharusha Senanayake (ID: DASH_stu-00000078, Dashboard: DASH_stu-00000078, Confidence: 0.87)
2026-01-11 13:15:50 - __main__ - ERROR - Face recognition error: Object of type float32 is not JSON serializable
2026-01-11 13:15:50 - werkzeug - INFO - 127.0.0.1 - - [11/Jan/2026 13:15:50] "[35m[1mPOST /recognize_face HTTP/1.1[0m" 500 -
2026-01-11 13:15:50 - __main__ - WARNING - Could not get dashboard ID: 'FaceDatabase' object has no attribute 'get_student'
2026-01-11 13:15:50 - __main__ - INFO - Face recognized: tharusha Senanayake (ID: DASH_stu-00000078, Dashboard: DASH_stu-00000078, Confidence: 0.86)
2026-01-11 13:15:50 - __main__ - ERROR - Face recognition error: Object of type float32 is not JSON serializable
2026-01-11 13:15:50 - werkzeug - INFO - 127.0.0.1 - - [11/Jan/2026 13:15:50] "[35m[1mPOST /recognize_face HTTP/1.1[0m" 500 -
2026-01-11 13:15:50 - __main__ - WARNING - Could not get dashboard ID: 'FaceDatabase' object has no attribute 'get_student'
2026-01-11 13:15:50 - __main__ - INFO - Face recognized: tharusha Senanayake (ID: DASH_stu-00000078, Dashboard: DASH_stu-00000078, Confidence: 0.84)
2026-01-11 13:15:50 - __main__ - ERROR - Face recognition error: Object of type float32 is not JSON serializable
2026-01-11 13:15:50 - werkzeug - INFO - 127.0.0.1 - - [11/Jan/2026 13:15:50] "[35m[1mPOST /recognize_face HTTP/1.1[0m" 500 -
2026-01-11 13:15:51 - __main__ - WARNING - Could not get dashboard ID: 'FaceDatabase' object has no attribute 'get_student'
2026-01-11 13:15:51 - __main__ - INFO - Face recognized: tharusha Senanayake (ID: DASH_stu-00000078, Dashboard: DASH_stu-00000078, Confidence: 0.88)
2026-01-11 13:15:51 - __main__ - ERROR - Face recognition error: Object of type float32 is not JSON serializable
2026-01-11 13:15:51 - werkzeug - INFO - 127.0.0.1 - - [11/Jan/2026 13:15:51] "[35m[1mPOST /recognize_face HTTP/1.1[0m" 500 -
2026-01-11 13:15:51 - __main__ - WARNING - Could not get dashboard ID: 'FaceDatabase' object has no attribute 'get_student'
2026-01-11 13:15:51 - __main__ - INFO - Face recognized: tharusha Senanayake (ID: DASH_stu-00000078, Dashboard: DASH_stu-00000078, Confidence: 0.84)
2026-01-11 13:15:51 - __main__ - ERROR - Face recognition error: Object of type float32 is not JSON serializable
2026-01-11 13:15:51 - werkzeug - INFO - 127.0.0.1 - - [11/Jan/2026 13:15:51] "[35m[1mPOST /recognize_face HTTP/1.1[0m" 500 -
2026-01-11 13:15:51 - __main__ - WARNING - Could not get dashboard ID: 'FaceDatabase' object has no attribute 'get_student'
2026-01-11 13:15:51 - __main__ - INFO - Face recognized: tharusha Senanayake (ID: DASH_stu-00000078, Dashboard: DASH_stu-00000078, Confidence: 0.87)
2026-01-11 13:15:51 - __main__ - ERROR - Face recognition error: Object of type float32 is not JSON serializable
2026-01-11 13:15:51 - werkzeug - INFO - 127.0.0.1 - - [11/Jan/2026 13:15:51] "[35m[1mPOST /recognize_face HTTP/1.1[0m" 500 -
2026-01-11 13:15:52 - __main__ - WARNING - Could not get dashboard ID: 'FaceDatabase' object has no attribute 'get_student'
2026-01-11 13:15:52 - __main__ - INFO - Face recognized: tharusha Senanayake (ID: DASH_stu-00000078, Dashboard: DASH_stu-00000078, Confidence: 0.85)
2026-01-11 13:15:52 - __main__ - ERROR - Face recognition error: Object of type float32 is not JSON serializable
2026-01-11 13:15:52 - werkzeug - INFO - 127.0.0.1 - - [11/Jan/2026 13:15:52] "[35m[1mPOST /recognize_face HTTP/1.1[0m" 500 -
2026-01-11 13:15:52 - __main__ - WARNING - Could not get dashboard ID: 'FaceDatabase' object has no attribute 'get_student'
2026-01-11 13:15:52 - __main__ - INFO - Face recognized: tharusha Senanayake (ID: DASH_stu-00000078, Dashboard: DASH_stu-00000078, Confidence: 0.86)
2026-01-11 13:15:52 - __main__ - ERROR - Face recognition error: Object of type float32 is not JSON serializable
2026-01-11 13:15:52 - werkzeug - INFO - 127.0.0.1 - - [11/Jan/2026 13:15:52] "[35m[1mPOST /recognize_face HTTP/1.1[0m" 500 -
2026-01-11 13:15:52 - __main__ - WARNING - Could not get dashboard ID: 'FaceDatabase' object has no attribute 'get_student'
2026-01-11 13:15:52 - __main__ - INFO - Face recognized: tharusha Senanayake (ID: DASH_stu-00000078, Dashboard: DASH_stu-00000078, Confidence: 0.87)
2026-01-11 13:15:52 - __main__ - ERROR - Face recognition error: Object of type float32 is not JSON serializable
2026-01-11 13:15:52 - werkzeug - INFO - 127.0.0.1 - - [11/Jan/2026 13:15:52] "[35m[1mPOST /recognize_face HTTP/1.1[0m" 500 -
2026-01-11 13:15:53 - __main__ - WARNING - Could not get dashboard ID: 'FaceDatabase' object has no attribute 'get_student'
2026-01-11 13:15:53 - __main__ - INFO - Face recognized: tharusha Senanayake (ID: DASH_stu-00000078, Dashboard: DASH_stu-00000078, Confidence: 0.83)
2026-01-11 13:15:53 - __main__ - ERROR - Face recognition error: Object of type float32 is not JSON serializable
2026-01-11 13:15:53 - werkzeug - INFO - 127.0.0.1 - - [11/Jan/2026 13:15:53] "[35m[1mPOST /recognize_face HTTP/1.1[0m" 500 -
2026-01-11 13:15:53 - __main__ - WARNING - Could not get dashboard ID: 'FaceDatabase' object has no attribute 'get_student'
2026-01-11 13:15:53 - __main__ - INFO - Face recognized: tharusha Senanayake (ID: DASH_stu-00000078, Dashboard: DASH_stu-00000078, Confidence: 0.83)
2026-01-11 13:15:53 - __main__ - ERROR - Face recognition error: Object of type float32 is not JSON serializable
2026-01-11 13:15:53 - werkzeug - INFO - 127.0.0.1 - - [11/Jan/2026 13:15:53] "[35m[1mPOST /recognize_face HTTP/1.1[0m" 500 -
2026-01-11 13:15:53 - __main__ - WARNING - Could not get dashboard ID: 'FaceDatabase' object has no attribute 'get_student'
2026-01-11 13:15:53 - __main__ - INFO - Face recognized: tharusha Senanayake (ID: DASH_stu-00000078, Dashboard: DASH_stu-00000078, Confidence: 0.79)
2026-01-11 13:15:53 - __main__ - ERROR - Face recognition error: Object of type float32 is not JSON serializable
2026-01-11 13:15:53 - werkzeug - INFO - 127.0.0.1 - - [11/Jan/2026 13:15:53] "[35m[1mPOST /recognize_face HTTP/1.1[0m" 500 -
2026-01-11 13:15:54 - __main__ - WARNING - Could not get dashboard ID: 'FaceDatabase' object has no attribute 'get_student'
2026-01-11 13:15:54 - __main__ - INFO - Face recognized: tharusha Senanayake (ID: DASH_stu-00000078, Dashboard: DASH_stu-00000078, Confidence: 0.84)
2026-01-11 13:15:54 - __main__ - ERROR - Face recognition error: Object of type float32 is not JSON serializable
2026-01-11 13:15:54 - werkzeug - INFO - 127.0.0.1 - - [11/Jan/2026 13:15:54] "[35m[1mPOST /recognize_face HTTP/1.1[0m" 500 -
2026-01-11 13:15:54 - __main__ - WARNING - Could not get dashboard ID: 'FaceDatabase' object has no attribute 'get_student'
2026-01-11 13:15:54 - __main__ - INFO - Face recognized: tharusha Senanayake (ID: DASH_stu-00000078, Dashboard: DASH_stu-00000078, Confidence: 0.87)
2026-01-11 13:15:54 - __main__ - ERROR - Face recognition error: Object of type float32 is not JSON serializable
2026-01-11 13:15:54 - werkzeug - INFO - 127.0.0.1 - - [11/Jan/2026 13:15:54] "[35m[1mPOST /recognize_face HTTP/1.1[0m" 500 -
2026-01-11 13:15:54 - __main__ - WARNING - Could not get dashboard ID: 'FaceDatabase' object has no attribute 'get_student'
2026-01-11 13:15:54 - __main__ - INFO - Face recognized: tharusha Senanayake (ID: DASH_stu-00000078, Dashboard: DASH_stu-00000078, Confidence: 0.83)
2026-01-11 13:15:54 - __main__ - ERROR - Face recognition error: Object of type float32 is not JSON serializable
2026-01-11 13:15:54 - werkzeug - INFO - 127.0.0.1 - - [11/Jan/2026 13:15:54] "[35m[1mPOST /recognize_face HTTP/1.1[0m" 500 -
2026-01-11 13:15:55 - __main__ - WARNING - Could not get dashboard ID: 'FaceDatabase' object has no attribute 'get_student'
2026-01-11 13:15:55 - __main__ - INFO - Face recognized: tharusha Senanayake (ID: DASH_stu-00000078, Dashboard: DASH_stu-00000078, Confidence: 0.85)
2026-01-11 13:15:55 - __main__ - ERROR - Face recognition error: Object of type float32 is not JSON serializable
2026-01-11 13:15:55 - werkzeug - INFO - 127.0.0.1 - - [11/Jan/2026 13:15:55] "[35m[1mPOST /recognize_face HTTP/1.1[0m" 500 -
2026-01-11 13:15:55 - __main__ - WARNING - Could not get dashboard ID: 'FaceDatabase' object has no attribute 'get_student'
2026-01-11 13:15:55 - __main__ - INFO - Face recognized: tharusha Senanayake (ID: DASH_stu-00000078, Dashboard: DASH_stu-00000078, Confidence: 0.81)
2026-01-11 13:15:55 - __main__ - ERROR - Face recognition error: Object of type float32 is not JSON serializable
2026-01-11 13:15:55 - werkzeug - INFO - 127.0.0.1 - - [11/Jan/2026 13:15:55] "[35m[1mPOST /recognize_face HTTP/1.1[0m" 500 -
2026-01-11 13:15:55 - __main__ - WARNING - Could not get dashboard ID: 'FaceDatabase' object has no attribute 'get_student'
2026-01-11 13:15:55 - __main__ - INFO - Face recognized: tharusha Senanayake (ID: DASH_stu-00000078, Dashboard: DASH_stu-00000078, Confidence: 0.85)
2026-01-11 13:15:55 - __main__ - ERROR - Face recognition error: Object of type float32 is not JSON serializable
2026-01-11 13:15:55 - werkzeug - INFO - 127.0.0.1 - - [11/Jan/2026 13:15:55] "[35m[1mPOST /recognize_face HTTP/1.1[0m" 500 -
2026-01-11 13:15:56 - __main__ - WARNING - Could not get dashboard ID: 'FaceDatabase' object has no attribute 'get_student'
2026-01-11 13:15:56 - __main__ - INFO - Face recognized: tharusha Senanayake (ID: DASH_stu-00000078, Dashboard: DASH_stu-00000078, Confidence: 0.81)
2026-01-11 13:15:56 - __main__ - ERROR - Face recognition error: Object of type float32 is not JSON serializable
2026-01-11 13:15:56 - werkzeug - INFO - 127.0.0.1 - - [11/Jan/2026 13:15:56] "[35m[1mPOST /recognize_face HTTP/1.1[0m" 500 -
2026-01-11 13:15:56 - __main__ - WARNING - Could not get dashboard ID: 'FaceDatabase' object has no attribute 'get_student'
2026-01-11 13:15:56 - __main__ - INFO - Face recognized: tharusha Senanayake (ID: DASH_stu-00000078, Dashboard: DASH_stu-00000078, Confidence: 0.89)
2026-01-11 13:15:56 - __main__ - ERROR - Face recognition error: Object of type float32 is not JSON serializable
2026-01-11 13:15:56 - werkzeug - INFO - 127.0.0.1 - - [11/Jan/2026 13:15:56] "[35m[1mPOST /recognize_face HTTP/1.1[0m" 500 -
2026-01-11 13:15:56 - __main__ - WARNING - Could not get dashboard ID: 'FaceDatabase' object has no attribute 'get_student'
2026-01-11 13:15:56 - __main__ - INFO - Face recognized: tharusha Senanayake (ID: DASH_stu-00000078, Dashboard: DASH_stu-00000078, Confidence: 0.85)
2026-01-11 13:15:56 - __main__ - ERROR - Face recognition error: Object of type float32 is not JSON serializable
2026-01-11 13:15:56 - werkzeug - INFO - 127.0.0.1 - - [11/Jan/2026 13:15:56] "[35m[1mPOST /recognize_face HTTP/1.1[0m" 500 -
2026-01-11 13:15:57 - __main__ - WARNING - Could not get dashboard ID: 'FaceDatabase' object has no attribute 'get_student'
2026-01-11 13:15:57 - __main__ - INFO - Face recognized: tharusha Senanayake (ID: DASH_stu-00000078, Dashboard: DASH_stu-00000078, Confidence: 0.87)
2026-01-11 13:15:57 - __main__ - ERROR - Face recognition error: Object of type float32 is not JSON serializable
2026-01-11 13:15:57 - werkzeug - INFO - 127.0.0.1 - - [11/Jan/2026 13:15:57] "[35m[1mPOST /recognize_face HTTP/1.1[0m" 500 -
2026-01-11 13:15:57 - __main__ - WARNING - Could not get dashboard ID: 'FaceDatabase' object has no attribute 'get_student'
2026-01-11 13:15:57 - __main__ - INFO - Face recognized: tharusha Senanayake (ID: DASH_stu-00000078, Dashboard: DASH_stu-00000078, Confidence: 0.87)
2026-01-11 13:15:57 - __main__ - ERROR - Face recognition error: Object of type float32 is not JSON serializable
2026-01-11 13:15:57 - werkzeug - INFO - 127.0.0.1 - - [11/Jan/2026 13:15:57] "[35m[1mPOST /recognize_face HTTP/1.1[0m" 500 -
2026-01-11 13:15:57 - __main__ - WARNING - Could not get dashboard ID: 'FaceDatabase' object has no attribute 'get_student'
2026-01-11 13:15:57 - __main__ - INFO - Face recognized: tharusha Senanayake (ID: DASH_stu-00000078, Dashboard: DASH_stu-00000078, Confidence: 0.90)
2026-01-11 13:15:57 - __main__ - ERROR - Face recognition error: Object of type float32 is not JSON serializable
2026-01-11 13:15:57 - werkzeug - INFO - 127.0.0.1 - - [11/Jan/2026 13:15:57] "[35m[1mPOST /recognize_face HTTP/1.1[0m" 500 -
2026-01-11 13:15:58 - __main__ - WARNING - Could not get dashboard ID: 'FaceDatabase' object has no attribute 'get_student'
2026-01-11 13:15:58 - __main__ - INFO - Face recognized: tharusha Senanayake (ID: DASH_stu-00000078, Dashboard: DASH_stu-00000078, Confidence: 0.87)
2026-01-11 13:15:58 - __main__ - ERROR - Face recognition error: Object of type float32 is not JSON serializable
2026-01-11 13:15:58 - werkzeug - INFO - 127.0.0.1 - - [11/Jan/2026 13:15:58] "[35m[1mPOST /recognize_face HTTP/1.1[0m" 500 -
2026-01-11 13:15:58 - __main__ - WARNING - Could not get dashboard ID: 'FaceDatabase' object has no attribute 'get_student'
2026-01-11 13:15:58 - __main__ - INFO - Face recognized: tharusha Senanayake (ID: DASH_stu-00000078, Dashboard: DASH_stu-00000078, Confidence: 0.83)
2026-01-11 13:15:58 - __main__ - ERROR - Face recognition error: Object of type float32 is not JSON serializable
2026-01-11 13:15:58 - werkzeug - INFO - 127.0.0.1 - - [11/Jan/2026 13:15:58] "[35m[1mPOST /recognize_face HTTP/1.1[0m" 500 -
2026-01-11 13:15:58 - __main__ - WARNING - Could not get dashboard ID: 'FaceDatabase' object has no attribute 'get_student'
2026-01-11 13:15:58 - __main__ - INFO - Face recognized: tharusha Senanayake (ID: DASH_stu-00000078, Dashboard: DASH_stu-00000078, Confidence: 0.86)
2026-01-11 13:15:58 - __main__ - ERROR - Face recognition error: Object of type float32 is not JSON serializable
2026-01-11 13:15:58 - werkzeug - INFO - 127.0.0.1 - - [11/Jan/2026 13:15:58] "[35m[1mPOST /recognize_face HTTP/1.1[0m" 500 -
2026-01-11 13:15:59 - __main__ - WARNING - Could not get dashboard ID: 'FaceDatabase' object has no attribute 'get_student'
2026-01-11 13:15:59 - __main__ - INFO - Face recognized: tharusha Senanayake (ID: DASH_stu-00000078, Dashboard: DASH_stu-00000078, Confidence: 0.85)
2026-01-11 13:15:59 - __main__ - ERROR - Face recognition error: Object of type float32 is not JSON serializable
2026-01-11 13:15:59 - werkzeug - INFO - 127.0.0.1 - - [11/Jan/2026 13:15:59] "[35m[1mPOST /recognize_face HTTP/1.1[0m" 500 -
2026-01-11 13:15:59 - __main__ - WARNING - Could not get dashboard ID: 'FaceDatabase' object has no attribute 'get_student'
2026-01-11 13:15:59 - __main__ - INFO - Face recognized: tharusha Senanayake (ID: DASH_stu-00000078, Dashboard: DASH_stu-00000078, Confidence: 0.89)
2026-01-11 13:15:59 - __main__ - ERROR - Face recognition error: Object of type float32 is not JSON serializable
2026-01-11 13:15:59 - werkzeug - INFO - 127.0.0.1 - - [11/Jan/2026 13:15:59] "[35m[1mPOST /recognize_face HTTP/1.1[0m" 500 -
2026-01-11 13:15:59 - __main__ - WARNING - Could not get dashboard ID: 'FaceDatabase' object has no attribute 'get_student'
2026-01-11 13:15:59 - __main__ - INFO - Face recognized: tharusha Senanayake (ID: DASH_stu-00000078, Dashboard: DASH_stu-00000078, Confidence: 0.90)
2026-01-11 13:15:59 - __main__ - ERROR - Face recognition error: Object of type float32 is not JSON serializable
2026-01-11 13:15:59 - werkzeug - INFO - 127.0.0.1 - - [11/Jan/2026 13:15:59] "[35m[1mPOST /recognize_face HTTP/1.1[0m" 500 -
2026-01-11 13:16:00 - __main__ - WARNING - Could not get dashboard ID: 'FaceDatabase' object has no attribute 'get_student'
2026-01-11 13:16:00 - __main__ - INFO - Face recognized: tharusha Senanayake (ID: DASH_stu-00000078, Dashboard: DASH_stu-00000078, Confidence: 0.85)
2026-01-11 13:16:00 - __main__ - ERROR - Face recognition error: Object of type float32 is not JSON serializable
2026-01-11 13:16:00 - werkzeug - INFO - 127.0.0.1 - - [11/Jan/2026 13:16:00] "[35m[1mPOST /recognize_face HTTP/1.1[0m" 500 -
2026-01-11 13:16:00 - __main__ - WARNING - Could not get dashboard ID: 'FaceDatabase' object has no attribute 'get_student'
2026-01-11 13:16:00 - __main__ - INFO - Face recognized: tharusha Senanayake (ID: DASH_stu-00000078, Dashboard: DASH_stu-00000078, Confidence: 0.83)
2026-01-11 13:16:00 - __main__ - ERROR - Face recognition error: Object of type float32 is not JSON serializable
2026-01-11 13:16:00 - werkzeug - INFO - 127.0.0.1 - - [11/Jan/2026 13:16:00] "[35m[1mPOST /recognize_face HTTP/1.1[0m" 500 -
2026-01-11 13:16:00 - __main__ - WARNING - Could not get dashboard ID: 'FaceDatabase' object has no attribute 'get_student'
2026-01-11 13:16:00 - __main__ - INFO - Face recognized: tharusha Senanayake (ID: DASH_stu-00000078, Dashboard: DASH_stu-00000078, Confidence: 0.84)
2026-01-11 13:16:00 - __main__ - ERROR - Face recognition error: Object of type float32 is not JSON serializable
2026-01-11 13:16:00 - werkzeug - INFO - 127.0.0.1 - - [11/Jan/2026 13:16:00] "[35m[1mPOST /recognize_face HTTP/1.1[0m" 500 -
2026-01-11 13:16:01 - __main__ - WARNING - Could not get dashboard ID: 'FaceDatabase' object has no attribute 'get_student'
2026-01-11 13:16:01 - __main__ - INFO - Face recognized: tharusha Senanayake (ID: DASH_stu-00000078, Dashboard: DASH_stu-00000078, Confidence: 0.89)
2026-01-11 13:16:01 - __main__ - ERROR - Face recognition error: Object of type float32 is not JSON serializable
2026-01-11 13:16:01 - werkzeug - INFO - 127.0.0.1 - - [11/Jan/2026 13:16:01] "[35m[1mPOST /recognize_face HTTP/1.1[0m" 500 -
2026-01-11 13:16:01 - __main__ - WARNING - Could not get dashboard ID: 'FaceDatabase' object has no attribute 'get_student'
2026-01-11 13:16:01 - __main__ - INFO - Face recognized: tharusha Senanayake (ID: DASH_stu-00000078, Dashboard: DASH_stu-00000078, Confidence: 0.83)
2026-01-11 13:16:01 - __main__ - ERROR - Face recognition error: Object of type float32 is not JSON serializable
2026-01-11 13:16:01 - werkzeug - INFO - 127.0.0.1 - - [11/Jan/2026 13:16:01] "[35m[1mPOST /recognize_face HTTP/1.1[0m" 500 -
2026-01-11 13:16:01 - __main__ - WARNING - Could not get dashboard ID: 'FaceDatabase' object has no attribute 'get_student'
2026-01-11 13:16:01 - __main__ - INFO - Face recognized: tharusha Senanayake (ID: DASH_stu-00000078, Dashboard: DASH_stu-00000078, Confidence: 0.81)
2026-01-11 13:16:01 - __main__ - ERROR - Face recognition error: Object of type float32 is not JSON serializable
2026-01-11 13:16:01 - werkzeug - INFO - 127.0.0.1 - - [11/Jan/2026 13:16:01] "[35m[1mPOST /recognize_face HTTP/1.1[0m" 500 -
2026-01-11 13:16:02 - __main__ - WARNING - Could not get dashboard ID: 'FaceDatabase' object has no attribute 'get_student'
2026-01-11 13:16:02 - __main__ - INFO - Face recognized: tharusha Senanayake (ID: DASH_stu-00000078, Dashboard: DASH_stu-00000078, Confidence: 0.83)
2026-01-11 13:16:02 - __main__ - ERROR - Face recognition error: Object of type float32 is not JSON serializable
2026-01-11 13:16:02 - werkzeug - INFO - 127.0.0.1 - - [11/Jan/2026 13:16:02] "[35m[1mPOST /recognize_face HTTP/1.1[0m" 500 -
2026-01-11 13:16:02 - __main__ - WARNING - Could not get dashboard ID: 'FaceDatabase' object has no attribute 'get_student'
2026-01-11 13:16:02 - __main__ - INFO - Face recognized: tharusha Senanayake (ID: DASH_stu-00000078, Dashboard: DASH_stu-00000078, Confidence: 0.84)
2026-01-11 13:16:02 - __main__ - ERROR - Face recognition error: Object of type float32 is not JSON serializable
2026-01-11 13:16:02 - werkzeug - INFO - 127.0.0.1 - - [11/Jan/2026 13:16:02] "[35m[1mPOST /recognize_face HTTP/1.1[0m" 500 -
2026-01-11 13:16:02 - __main__ - WARNING - Could not get dashboard ID: 'FaceDatabase' object has no attribute 'get_student'
2026-01-11 13:16:02 - __main__ - INFO - Face recognized: tharusha Senanayake (ID: DASH_stu-00000078, Dashboard: DASH_stu-00000078, Confidence: 0.84)
2026-01-11 13:16:02 - __main__ - ERROR - Face recognition error: Object of type float32 is not JSON serializable
2026-01-11 13:16:02 - werkzeug - INFO - 127.0.0.1 - - [11/Jan/2026 13:16:02] "[35m[1mPOST /recognize_face HTTP/1.1[0m" 500 -
2026-01-11 13:16:03 - __main__ - WARNING - Could not get dashboard ID: 'FaceDatabase' object has no attribute 'get_student'
2026-01-11 13:16:03 - __main__ - INFO - Face recognized: tharusha Senanayake (ID: DASH_stu-00000078, Dashboard: DASH_stu-00000078, Confidence: 0.83)
2026-01-11 13:16:03 - __main__ - ERROR - Face recognition error: Object of type float32 is not JSON serializable
2026-01-11 13:16:03 - werkzeug - INFO - 127.0.0.1 - - [11/Jan/2026 13:16:03] "[35m[1mPOST /recognize_face HTTP/1.1[0m" 500 -
2026-01-11 13:16:03 - __main__ - WARNING - Could not get dashboard ID: 'FaceDatabase' object has no attribute 'get_student'
2026-01-11 13:16:03 - __main__ - INFO - Face recognized: tharusha Senanayake (ID: DASH_stu-00000078, Dashboard: DASH_stu-00000078, Confidence: 0.86)
2026-01-11 13:16:03 - __main__ - ERROR - Face recognition error: Object of type float32 is not JSON serializable
2026-01-11 13:16:03 - werkzeug - INFO - 127.0.0.1 - - [11/Jan/2026 13:16:03] "[35m[1mPOST /recognize_face HTTP/1.1[0m" 500 -
2026-01-11 13:16:03 - __main__ - WARNING - Could not get dashboard ID: 'FaceDatabase' object has no attribute 'get_student'
2026-01-11 13:16:03 - __main__ - INFO - Face recognized: tharusha Senanayake (ID: DASH_stu-00000078, Dashboard: DASH_stu-00000078, Confidence: 0.81)
2026-01-11 13:16:03 - __main__ - ERROR - Face recognition error: Object of type float32 is not JSON serializable
2026-01-11 13:16:03 - werkzeug - INFO - 127.0.0.1 - - [11/Jan/2026 13:16:03] "[35m[1mPOST /recognize_face HTTP/1.1[0m" 500 -
2026-01-11 13:16:04 - __main__ - WARNING - Could not get dashboard ID: 'FaceDatabase' object has no attribute 'get_student'
2026-01-11 13:16:04 - __main__ - INFO - Face recognized: tharusha Senanayake (ID: DASH_stu-00000078, Dashboard: DASH_stu-00000078, Confidence: 0.85)
2026-01-11 13:16:04 - __main__ - ERROR - Face recognition error: Object of type float32 is not JSON serializable
2026-01-11 13:16:04 - werkzeug - INFO - 127.0.0.1 - - [11/Jan/2026 13:16:04] "[35m[1mPOST /recognize_face HTTP/1.1[0m" 500 -
2026-01-11 13:16:04 - __main__ - WARNING - Could not get dashboard ID: 'FaceDatabase' object has no attribute 'get_student'
2026-01-11 13:16:04 - __main__ - INFO - Face recognized: tharusha Senanayake (ID: DASH_stu-00000078, Dashboard: DASH_stu-00000078, Confidence: 0.86)
2026-01-11 13:16:04 - __main__ - ERROR - Face recognition error: Object of type float32 is not JSON serializable
2026-01-11 13:16:04 - werkzeug - INFO - 127.0.0.1 - - [11/Jan/2026 13:16:04] "[35m[1mPOST /recognize_face HTTP/1.1[0m" 500 -
2026-01-11 13:16:04 - __main__ - WARNING - Could not get dashboard ID: 'FaceDatabase' object has no attribute 'get_student'
2026-01-11 13:16:04 - __main__ - INFO - Face recognized: tharusha Senanayake (ID: DASH_stu-00000078, Dashboard: DASH_stu-00000078, Confidence: 0.87)
2026-01-11 13:16:04 - __main__ - ERROR - Face recognition error: Object of type float32 is not JSON serializable
2026-01-11 13:16:04 - werkzeug - INFO - 127.0.0.1 - - [11/Jan/2026 13:16:04] "[35m[1mPOST /recognize_face HTTP/1.1[0m" 500 -
2026-01-11 13:16:05 - __main__ - WARNING - Could not get dashboard ID: 'FaceDatabase' object has no attribute 'get_student'
2026-01-11 13:16:05 - __main__ - INFO - Face recognized: tharusha Senanayake (ID: DASH_stu-00000078, Dashboard: DASH_stu-00000078, Confidence: 0.84)
2026-01-11 13:16:05 - __main__ - ERROR - Face recognition error: Object of type float32 is not JSON serializable
2026-01-11 13:16:05 - werkzeug - INFO - 127.0.0.1 - - [11/Jan/2026 13:16:05] "[35m[1mPOST /recognize_face HTTP/1.1[0m" 500 -
2026-01-11 13:16:05 - __main__ - WARNING - Could not get dashboard ID: 'FaceDatabase' object has no attribute 'get_student'
2026-01-11 13:16:05 - __main__ - INFO - Face recognized: tharusha Senanayake (ID: DASH_stu-00000078, Dashboard: DASH_stu-00000078, Confidence: 0.84)
2026-01-11 13:16:05 - __main__ - ERROR - Face recognition error: Object of type float32 is not JSON serializable
2026-01-11 13:16:05 - werkzeug - INFO - 127.0.0.1 - - [11/Jan/2026 13:16:05] "[35m[1mPOST /recognize_face HTTP/1.1[0m" 500 -
2026-01-11 13:16:05 - __main__ - WARNING - Could not get dashboard ID: 'FaceDatabase' object has no attribute 'get_student'
2026-01-11 13:16:05 - __main__ - INFO - Face recognized: tharusha Senanayake (ID: DASH_stu-00000078, Dashboard: DASH_stu-00000078, Confidence: 0.85)
2026-01-11 13:16:05 - __main__ - ERROR - Face recognition error: Object of type float32 is not JSON serializable
2026-01-11 13:16:05 - werkzeug - INFO - 127.0.0.1 - - [11/Jan/2026 13:16:05] "[35m[1mPOST /recognize_face HTTP/1.1[0m" 500 -
2026-01-11 13:16:06 - __main__ - WARNING - Could not get dashboard ID: 'FaceDatabase' object has no attribute 'get_student'
2026-01-11 13:16:06 - __main__ - INFO - Face recognized: tharusha Senanayake (ID: DASH_stu-00000078, Dashboard: DASH_stu-00000078, Confidence: 0.85)
2026-01-11 13:16:06 - __main__ - ERROR - Face recognition error: Object of type float32 is not JSON serializable
2026-01-11 13:16:06 - werkzeug - INFO - 127.0.0.1 - - [11/Jan/2026 13:16:06] "[35m[1mPOST /recognize_face HTTP/1.1[0m" 500 -
2026-01-11 13:16:06 - __main__ - WARNING - Could not get dashboard ID: 'FaceDatabase' object has no attribute 'get_student'
2026-01-11 13:16:06 - __main__ - INFO - Face recognized: tharusha Senanayake (ID: DASH_stu-00000078, Dashboard: DASH_stu-00000078, Confidence: 0.88)
2026-01-11 13:16:06 - __main__ - ERROR - Face recognition error: Object of type float32 is not JSON serializable
2026-01-11 13:16:06 - werkzeug - INFO - 127.0.0.1 - - [11/Jan/2026 13:16:06] "[35m[1mPOST /recognize_face HTTP/1.1[0m" 500 -
2026-01-11 13:16:06 - __main__ - WARNING - Could not get dashboard ID: 'FaceDatabase' object has no attribute 'get_student'
2026-01-11 13:16:06 - __main__ - INFO - Face recognized: tharusha Senanayake (ID: DASH_stu-00000078, Dashboard: DASH_stu-00000078, Confidence: 0.86)
2026-01-11 13:16:06 - __main__ - ERROR - Face recognition error: Object of type float32 is not JSON serializable
2026-01-11 13:16:06 - werkzeug - INFO - 127.0.0.1 - - [11/Jan/2026 13:16:06] "[35m[1mPOST /recognize_face HTTP/1.1[0m" 500 -
2026-01-11 13:16:07 - __main__ - WARNING - Could not get dashboard ID: 'FaceDatabase' object has no attribute 'get_student'
2026-01-11 13:16:07 - __main__ - INFO - Face recognized: tharusha Senanayake (ID: DASH_stu-00000078, Dashboard: DASH_stu-00000078, Confidence: 0.89)
2026-01-11 13:16:07 - __main__ - ERROR - Face recognition error: Object of type float32 is not JSON serializable
2026-01-11 13:16:07 - werkzeug - INFO - 127.0.0.1 - - [11/Jan/2026 13:16:07] "[35m[1mPOST /recognize_face HTTP/1.1[0m" 500 -
2026-01-11 13:16:07 - __main__ - WARNING - Could not get dashboard ID: 'FaceDatabase' object has no attribute 'get_student'
2026-01-11 13:16:07 - __main__ - INFO - Face recognized: tharusha Senanayake (ID: DASH_stu-00000078, Dashboard: DASH_stu-00000078, Confidence: 0.83)
2026-01-11 13:16:07 - __main__ - ERROR - Face recognition error: Object of type float32 is not JSON serializable
2026-01-11 13:16:07 - werkzeug - INFO - 127.0.0.1 - - [11/Jan/2026 13:16:07] "[35m[1mPOST /recognize_face HTTP/1.1[0m" 500 -
2026-01-11 13:16:07 - __main__ - WARNING - Could not get dashboard ID: 'FaceDatabase' object has no attribute 'get_student'
2026-01-11 13:16:07 - __main__ - INFO - Face recognized: tharusha Senanayake (ID: DASH_stu-00000078, Dashboard: DASH_stu-00000078, Confidence: 0.82)
2026-01-11 13:16:07 - __main__ - ERROR - Face recognition error: Object of type float32 is not JSON serializable
2026-01-11 13:16:07 - werkzeug - INFO - 127.0.0.1 - - [11/Jan/2026 13:16:07] "[35m[1mPOST /recognize_face HTTP/1.1[0m" 500 -
2026-01-11 13:16:08 - __main__ - WARNING - Could not get dashboard ID: 'FaceDatabase' object has no attribute 'get_student'
2026-01-11 13:16:08 - __main__ - INFO - Face recognized: tharusha Senanayake (ID: DASH_stu-00000078, Dashboard: DASH_stu-00000078, Confidence: 0.86)
2026-01-11 13:16:08 - __main__ - ERROR - Face recognition error: Object of type float32 is not JSON serializable
2026-01-11 13:16:08 - werkzeug - INFO - 127.0.0.1 - - [11/Jan/2026 13:16:08] "[35m[1mPOST /recognize_face HTTP/1.1[0m" 500 -
2026-01-11 13:16:08 - __main__ - WARNING - Could not get dashboard ID: 'FaceDatabase' object has no attribute 'get_student'
2026-01-11 13:16:08 - __main__ - INFO - Face recognized: tharusha Senanayake (ID: DASH_stu-00000078, Dashboard: DASH_stu-00000078, Confidence: 0.71)
2026-01-11 13:16:08 - __main__ - ERROR - Face recognition error: Object of type float32 is not JSON serializable
2026-01-11 13:16:08 - werkzeug - INFO - 127.0.0.1 - - [11/Jan/2026 13:16:08] "[35m[1mPOST /recognize_face HTTP/1.1[0m" 500 -
2026-01-11 13:16:08 - werkzeug - INFO - 127.0.0.1 - - [11/Jan/2026 13:16:08] "POST /recognize_face HTTP/1.1" 200 -
2026-01-11 13:16:09 - __main__ - WARNING - Could not get dashboard ID: 'FaceDatabase' object has no attribute 'get_student'
2026-01-11 13:16:09 - __main__ - INFO - Face recognized: tharusha Senanayake (ID: DASH_stu-00000078, Dashboard: DASH_stu-00000078, Confidence: 0.74)
2026-01-11 13:16:09 - __main__ - ERROR - Face recognition error: Object of type float32 is not JSON serializable
2026-01-11 13:16:09 - werkzeug - INFO - 127.0.0.1 - - [11/Jan/2026 13:16:09] "[35m[1mPOST /recognize_face HTTP/1.1[0m" 500 -
2026-01-11 13:16:09 - __main__ - WARNING - Could not get dashboard ID: 'FaceDatabase' object has no attribute 'get_student'
2026-01-11 13:16:09 - __main__ - INFO - Face recognized: tharusha Senanayake (ID: DASH_stu-00000078, Dashboard: DASH_stu-00000078, Confidence: 0.72)
2026-01-11 13:16:09 - __main__ - ERROR - Face recognition error: Object of type float32 is not JSON serializable
2026-01-11 13:16:09 - werkzeug - INFO - 127.0.0.1 - - [11/Jan/2026 13:16:09] "[35m[1mPOST /recognize_face HTTP/1.1[0m" 500 -
2026-01-11 13:16:09 - __main__ - WARNING - Could not get dashboard ID: 'FaceDatabase' object has no attribute 'get_student'
2026-01-11 13:16:09 - __main__ - INFO - Face recognized: tharusha Senanayake (ID: DASH_stu-00000078, Dashboard: DASH_stu-00000078, Confidence: 0.76)
2026-01-11 13:16:09 - __main__ - ERROR - Face recognition error: Object of type float32 is not JSON serializable
2026-01-11 13:16:09 - werkzeug - INFO - 127.0.0.1 - - [11/Jan/2026 13:16:09] "[35m[1mPOST /recognize_face HTTP/1.1[0m" 500 -
2026-01-11 13:16:10 - __main__ - WARNING - Could not get dashboard ID: 'FaceDatabase' object has no attribute 'get_student'
2026-01-11 13:16:10 - __main__ - INFO - Face recognized: tharusha Senanayake (ID: DASH_stu-00000078, Dashboard: DASH_stu-00000078, Confidence: 0.72)
2026-01-11 13:16:10 - __main__ - ERROR - Face recognition error: Object of type float32 is not JSON serializable
2026-01-11 13:16:10 - werkzeug - INFO - 127.0.0.1 - - [11/Jan/2026 13:16:10] "[35m[1mPOST /recognize_face HTTP/1.1[0m" 500 -
2026-01-11 13:16:10 - __main__ - WARNING - Could not get dashboard ID: 'FaceDatabase' object has no attribute 'get_student'
2026-01-11 13:16:10 - __main__ - INFO - Face recognized: tharusha Senanayake (ID: DASH_stu-00000078, Dashboard: DASH_stu-00000078, Confidence: 0.79)
2026-01-11 13:16:10 - __main__ - ERROR - Face recognition error: Object of type float32 is not JSON serializable
2026-01-11 13:16:10 - werkzeug - INFO - 127.0.0.1 - - [11/Jan/2026 13:16:10] "[35m[1mPOST /recognize_face HTTP/1.1[0m" 500 -
2026-01-11 13:16:10 - __main__ - WARNING - Could not get dashboard ID: 'FaceDatabase' object has no attribute 'get_student'
2026-01-11 13:16:10 - __main__ - INFO - Face recognized: tharusha Senanayake (ID: DASH_stu-00000078, Dashboard: DASH_stu-00000078, Confidence: 0.79)
2026-01-11 13:16:10 - __main__ - ERROR - Face recognition error: Object of type float32 is not JSON serializable
2026-01-11 13:16:10 - werkzeug - INFO - 127.0.0.1 - - [11/Jan/2026 13:16:10] "[35m[1mPOST /recognize_face HTTP/1.1[0m" 500 -
2026-01-11 13:16:11 - __main__ - WARNING - Could not get dashboard ID: 'FaceDatabase' object has no attribute 'get_student'
2026-01-11 13:16:11 - __main__ - INFO - Face recognized: tharusha Senanayake (ID: DASH_stu-00000078, Dashboard: DASH_stu-00000078, Confidence: 0.80)
2026-01-11 13:16:11 - __main__ - ERROR - Face recognition error: Object of type float32 is not JSON serializable
2026-01-11 13:16:11 - werkzeug - INFO - 127.0.0.1 - - [11/Jan/2026 13:16:11] "[35m[1mPOST /recognize_face HTTP/1.1[0m" 500 -
2026-01-11 13:16:11 - __main__ - WARNING - Could not get dashboard ID: 'FaceDatabase' object has no attribute 'get_student'
2026-01-11 13:16:11 - __main__ - INFO - Face recognized: tharusha Senanayake (ID: DASH_stu-00000078, Dashboard: DASH_stu-00000078, Confidence: 0.76)
2026-01-11 13:16:11 - __main__ - ERROR - Face recognition error: Object of type float32 is not JSON serializable
2026-01-11 13:16:11 - werkzeug - INFO - 127.0.0.1 - - [11/Jan/2026 13:16:11] "[35m[1mPOST /recognize_face HTTP/1.1[0m" 500 -
2026-01-11 13:16:11 - __main__ - WARNING - Could not get dashboard ID: 'FaceDatabase' object has no attribute 'get_student'
2026-01-11 13:16:11 - __main__ - INFO - Face recognized: tharusha Senanayake (ID: DASH_stu-00000078, Dashboard: DASH_stu-00000078, Confidence: 0.83)
2026-01-11 13:16:11 - __main__ - ERROR - Face recognition error: Object of type float32 is not JSON serializable
2026-01-11 13:16:11 - werkzeug - INFO - 127.0.0.1 - - [11/Jan/2026 13:16:11] "[35m[1mPOST /recognize_face HTTP/1.1[0m" 500 -
2026-01-11 13:16:12 - __main__ - WARNING - Could not get dashboard ID: 'FaceDatabase' object has no attribute 'get_student'
2026-01-11 13:16:12 - __main__ - INFO - Face recognized: tharusha Senanayake (ID: DASH_stu-00000078, Dashboard: DASH_stu-00000078, Confidence: 0.77)
2026-01-11 13:16:12 - __main__ - ERROR - Face recognition error: Object of type float32 is not JSON serializable
2026-01-11 13:16:12 - werkzeug - INFO - 127.0.0.1 - - [11/Jan/2026 13:16:12] "[35m[1mPOST /recognize_face HTTP/1.1[0m" 500 -
2026-01-11 13:16:12 - __main__ - WARNING - Could not get dashboard ID: 'FaceDatabase' object has no attribute 'get_student'
2026-01-11 13:16:12 - __main__ - INFO - Face recognized: tharusha Senanayake (ID: DASH_stu-00000078, Dashboard: DASH_stu-00000078, Confidence: 0.72)
2026-01-11 13:16:12 - __main__ - ERROR - Face recognition error: Object of type float32 is not JSON serializable
2026-01-11 13:16:12 - werkzeug - INFO - 127.0.0.1 - - [11/Jan/2026 13:16:12] "[35m[1mPOST /recognize_face HTTP/1.1[0m" 500 -
2026-01-11 13:16:12 - __main__ - WARNING - Could not get dashboard ID: 'FaceDatabase' object has no attribute 'get_student'
2026-01-11 13:16:12 - __main__ - INFO - Face recognized: tharusha Senanayake (ID: DASH_stu-00000078, Dashboard: DASH_stu-00000078, Confidence: 0.77)
2026-01-11 13:16:12 - __main__ - ERROR - Face recognition error: Object of type float32 is not JSON serializable
2026-01-11 13:16:12 - werkzeug - INFO - 127.0.0.1 - - [11/Jan/2026 13:16:12] "[35m[1mPOST /recognize_face HTTP/1.1[0m" 500 -
2026-01-11 13:16:13 - __main__ - WARNING - Could not get dashboard ID: 'FaceDatabase' object has no attribute 'get_student'
2026-01-11 13:16:13 - __main__ - INFO - Face recognized: tharusha Senanayake (ID: DASH_stu-00000078, Dashboard: DASH_stu-00000078, Confidence: 0.76)
2026-01-11 13:16:13 - __main__ - ERROR - Face recognition error: Object of type float32 is not JSON serializable
2026-01-11 13:16:13 - werkzeug - INFO - 127.0.0.1 - - [11/Jan/2026 13:16:13] "[35m[1mPOST /recognize_face HTTP/1.1[0m" 500 -
2026-01-11 13:16:13 - __main__ - WARNING - Could not get dashboard ID: 'FaceDatabase' object has no attribute 'get_student'
2026-01-11 13:16:13 - __main__ - INFO - Face recognized: tharusha Senanayake (ID: DASH_stu-00000078, Dashboard: DASH_stu-00000078, Confidence: 0.83)
2026-01-11 13:16:13 - __main__ - ERROR - Face recognition error: Object of type float32 is not JSON serializable
2026-01-11 13:16:13 - werkzeug - INFO - 127.0.0.1 - - [11/Jan/2026 13:16:13] "[35m[1mPOST /recognize_face HTTP/1.1[0m" 500 -
2026-01-11 13:16:13 - __main__ - WARNING - Could not get dashboard ID: 'FaceDatabase' object has no attribute 'get_student'
2026-01-11 13:16:13 - __main__ - INFO - Face recognized: tharusha Senanayake (ID: DASH_stu-00000078, Dashboard: DASH_stu-00000078, Confidence: 0.81)
2026-01-11 13:16:13 - __main__ - ERROR - Face recognition error: Object of type float32 is not JSON serializable
2026-01-11 13:16:13 - werkzeug - INFO - 127.0.0.1 - - [11/Jan/2026 13:16:13] "[35m[1mPOST /recognize_face HTTP/1.1[0m" 500 -
2026-01-11 13:16:14 - __main__ - WARNING - Could not get dashboard ID: 'FaceDatabase' object has no attribute 'get_student'
2026-01-11 13:16:14 - __main__ - INFO - Face recognized: tharusha Senanayake (ID: DASH_stu-00000078, Dashboard: DASH_stu-00000078, Confidence: 0.81)
2026-01-11 13:16:14 - __main__ - ERROR - Face recognition error: Object of type float32 is not JSON serializable
2026-01-11 13:16:14 - werkzeug - INFO - 127.0.0.1 - - [11/Jan/2026 13:16:14] "[35m[1mPOST /recognize_face HTTP/1.1[0m" 500 -
2026-01-11 13:16:14 - __main__ - WARNING - Could not get dashboard ID: 'FaceDatabase' object has no attribute 'get_student'
2026-01-11 13:16:14 - __main__ - INFO - Face recognized: tharusha Senanayake (ID: DASH_stu-00000078, Dashboard: DASH_stu-00000078, Confidence: 0.66)
2026-01-11 13:16:14 - __main__ - ERROR - Face recognition error: Object of type float32 is not JSON serializable
2026-01-11 13:16:14 - werkzeug - INFO - 127.0.0.1 - - [11/Jan/2026 13:16:14] "[35m[1mPOST /recognize_face HTTP/1.1[0m" 500 -
2026-01-11 13:16:14 - __main__ - WARNING - Could not get dashboard ID: 'FaceDatabase' object has no attribute 'get_student'
2026-01-11 13:16:14 - __main__ - INFO - Face recognized: tharusha Senanayake (ID: DASH_stu-00000078, Dashboard: DASH_stu-00000078, Confidence: 0.77)
2026-01-11 13:16:14 - __main__ - ERROR - Face recognition error: Object of type float32 is not JSON serializable
2026-01-11 13:16:14 - werkzeug - INFO - 127.0.0.1 - - [11/Jan/2026 13:16:14] "[35m[1mPOST /recognize_face HTTP/1.1[0m" 500 -
2026-01-11 13:16:15 - __main__ - WARNING - Could not get dashboard ID: 'FaceDatabase' object has no attribute 'get_student'
2026-01-11 13:16:15 - __main__ - INFO - Face recognized: tharusha Senanayake (ID: DASH_stu-00000078, Dashboard: DASH_stu-00000078, Confidence: 0.80)
2026-01-11 13:16:15 - __main__ - ERROR - Face recognition error: Object of type float32 is not JSON serializable
2026-01-11 13:16:15 - werkzeug - INFO - 127.0.0.1 - - [11/Jan/2026 13:16:15] "[35m[1mPOST /recognize_face HTTP/1.1[0m" 500 -
2026-01-11 13:16:15 - __main__ - WARNING - Could not get dashboard ID: 'FaceDatabase' object has no attribute 'get_student'
2026-01-11 13:16:15 - __main__ - INFO - Face recognized: tharusha Senanayake (ID: DASH_stu-00000078, Dashboard: DASH_stu-00000078, Confidence: 0.81)
2026-01-11 13:16:15 - __main__ - ERROR - Face recognition error: Object of type float32 is not JSON serializable
2026-01-11 13:16:15 - werkzeug - INFO - 127.0.0.1 - - [11/Jan/2026 13:16:15] "[35m[1mPOST /recognize_face HTTP/1.1[0m" 500 -
2026-01-11 13:16:15 - __main__ - WARNING - Could not get dashboard ID: 'FaceDatabase' object has no attribute 'get_student'
2026-01-11 13:16:15 - __main__ - INFO - Face recognized: tharusha Senanayake (ID: DASH_stu-00000078, Dashboard: DASH_stu-00000078, Confidence: 0.79)
2026-01-11 13:16:15 - __main__ - ERROR - Face recognition error: Object of type float32 is not JSON serializable
2026-01-11 13:16:15 - werkzeug - INFO - 127.0.0.1 - - [11/Jan/2026 13:16:15] "[35m[1mPOST /recognize_face HTTP/1.1[0m" 500 -
2026-01-11 13:16:17 - __main__ - WARNING - Could not get dashboard ID: 'FaceDatabase' object has no attribute 'get_student'
2026-01-11 13:16:17 - __main__ - INFO - Face recognized: tharusha Senanayake (ID: DASH_stu-00000078, Dashboard: DASH_stu-00000078, Confidence: 0.75)
2026-01-11 13:16:17 - __main__ - ERROR - Face recognition error: Object of type float32 is not JSON serializable
2026-01-11 13:16:17 - werkzeug - INFO - 127.0.0.1 - - [11/Jan/2026 13:16:17] "[35m[1mPOST /recognize_face HTTP/1.1[0m" 500 -
2026-01-11 13:16:17 - __main__ - WARNING - Could not get dashboard ID: 'FaceDatabase' object has no attribute 'get_student'
2026-01-11 13:16:17 - __main__ - INFO - Face recognized: tharusha Senanayake (ID: DASH_stu-00000078, Dashboard: DASH_stu-00000078, Confidence: 0.77)
2026-01-11 13:16:17 - __main__ - ERROR - Face recognition error: Object of type float32 is not JSON serializable
2026-01-11 13:16:17 - werkzeug - INFO - 127.0.0.1 - - [11/Jan/2026 13:16:17] "[35m[1mPOST /recognize_face HTTP/1.1[0m" 500 -
2026-01-11 13:16:17 - __main__ - WARNING - Could not get dashboard ID: 'FaceDatabase' object has no attribute 'get_student'
2026-01-11 13:16:17 - __main__ - INFO - Face recognized: tharusha Senanayake (ID: DASH_stu-00000078, Dashboard: DASH_stu-00000078, Confidence: 0.75)
2026-01-11 13:16:17 - __main__ - ERROR - Face recognition error: Object of type float32 is not JSON serializable
2026-01-11 13:16:17 - werkzeug - INFO - 127.0.0.1 - - [11/Jan/2026 13:16:17] "[35m[1mPOST /recognize_face HTTP/1.1[0m" 500 -
2026-01-11 13:16:17 - __main__ - WARNING - Could not get dashboard ID: 'FaceDatabase' object has no attribute 'get_student'
2026-01-11 13:16:17 - __main__ - INFO - Face recognized: tharusha Senanayake (ID: DASH_stu-00000078, Dashboard: DASH_stu-00000078, Confidence: 0.77)
2026-01-11 13:16:17 - __main__ - ERROR - Face recognition error: Object of type float32 is not JSON serializable
2026-01-11 13:16:17 - werkzeug - INFO - 127.0.0.1 - - [11/Jan/2026 13:16:17] "[35m[1mPOST /recognize_face HTTP/1.1[0m" 500 -
2026-01-11 13:16:17 - __main__ - WARNING - Could not get dashboard ID: 'FaceDatabase' object has no attribute 'get_student'
2026-01-11 13:16:17 - __main__ - INFO - Face recognized: tharusha Senanayake (ID: DASH_stu-00000078, Dashboard: DASH_stu-00000078, Confidence: 0.79)
2026-01-11 13:16:17 - __main__ - ERROR - Face recognition error: Object of type float32 is not JSON serializable
2026-01-11 13:16:17 - werkzeug - INFO - 127.0.0.1 - - [11/Jan/2026 13:16:17] "[35m[1mPOST /recognize_face HTTP/1.1[0m" 500 -
2026-01-11 13:16:18 - __main__ - WARNING - Could not get dashboard ID: 'FaceDatabase' object has no attribute 'get_student'
2026-01-11 13:16:18 - __main__ - INFO - Face recognized: tharusha Senanayake (ID: DASH_stu-00000078, Dashboard: DASH_stu-00000078, Confidence: 0.77)
2026-01-11 13:16:18 - __main__ - ERROR - Face recognition error: Object of type float32 is not JSON serializable
2026-01-11 13:16:18 - werkzeug - INFO - 127.0.0.1 - - [11/Jan/2026 13:16:18] "[35m[1mPOST /recognize_face HTTP/1.1[0m" 500 -
2026-01-11 13:16:18 - __main__ - WARNING - Could not get dashboard ID: 'FaceDatabase' object has no attribute 'get_student'
2026-01-11 13:16:18 - __main__ - INFO - Face recognized: tharusha Senanayake (ID: DASH_stu-00000078, Dashboard: DASH_stu-00000078, Confidence: 0.79)
2026-01-11 13:16:18 - __main__ - ERROR - Face recognition error: Object of type float32 is not JSON serializable
2026-01-11 13:16:18 - werkzeug - INFO - 127.0.0.1 - - [11/Jan/2026 13:16:18] "[35m[1mPOST /recognize_face HTTP/1.1[0m" 500 -
2026-01-11 13:16:18 - __main__ - WARNING - Could not get dashboard ID: 'FaceDatabase' object has no attribute 'get_student'
2026-01-11 13:16:18 - __main__ - INFO - Face recognized: tharusha Senanayake (ID: DASH_stu-00000078, Dashboard: DASH_stu-00000078, Confidence: 0.81)
2026-01-11 13:16:18 - __main__ - ERROR - Face recognition error: Object of type float32 is not JSON serializable
2026-01-11 13:16:18 - werkzeug - INFO - 127.0.0.1 - - [11/Jan/2026 13:16:18] "[35m[1mPOST /recognize_face HTTP/1.1[0m" 500 -
2026-01-11 13:16:18 - werkzeug - INFO - 127.0.0.1 - - [11/Jan/2026 13:16:18] "POST /recognize_face HTTP/1.1" 200 -
2026-01-11 13:16:19 - werkzeug - INFO - 127.0.0.1 - - [11/Jan/2026 13:16:19] "POST /recognize_face HTTP/1.1" 200 -
2026-01-11 13:16:19 - werkzeug - INFO - 127.0.0.1 - - [11/Jan/2026 13:16:19] "POST /recognize_face HTTP/1.1" 200 -
2026-01-11 13:16:19 - werkzeug - INFO - 127.0.0.1 - - [11/Jan/2026 13:16:19] "POST /recognize_face HTTP/1.1" 200 -
2026-01-11 13:16:20 - werkzeug - INFO - 127.0.0.1 - - [11/Jan/2026 13:16:20] "POST /recognize_face HTTP/1.1" 200 -
2026-01-11 13:16:20 - werkzeug - INFO - 127.0.0.1 - - [11/Jan/2026 13:16:20] "POST /recognize_face HTTP/1.1" 200 -
2026-01-11 13:16:20 - werkzeug - INFO - 127.0.0.1 - - [11/Jan/2026 13:16:20] "POST /recognize_face HTTP/1.1" 200 -
2026-01-11 13:16:21 - werkzeug - INFO - 127.0.0.1 - - [11/Jan/2026 13:16:21] "POST /recognize_face HTTP/1.1" 200 -
2026-01-11 13:16:21 - werkzeug - INFO - 127.0.0.1 - - [11/Jan/2026 13:16:21] "POST /recognize_face HTTP/1.1" 200 -
2026-01-11 13:16:21 - werkzeug - INFO - 127.0.0.1 - - [11/Jan/2026 13:16:21] "POST /recognize_face HTTP/1.1" 200 -
2026-01-11 13:16:22 - werkzeug - INFO - 127.0.0.1 - - [11/Jan/2026 13:16:22] "POST /recognize_face HTTP/1.1" 200 -
2026-01-11 13:16:22 - werkzeug - INFO - 127.0.0.1 - - [11/Jan/2026 13:16:22] "POST /recognize_face HTTP/1.1" 200 -
2026-01-11 13:16:22 - werkzeug - INFO - 127.0.0.1 - - [11/Jan/2026 13:16:22] "POST /recognize_face HTTP/1.1" 200 -
2026-01-11 13:16:23 - werkzeug - INFO - 127.0.0.1 - - [11/Jan/2026 13:16:23] "POST /recognize_face HTTP/1.1" 200 -
2026-01-11 13:16:23 - werkzeug - INFO - 127.0.0.1 - - [11/Jan/2026 13:16:23] "POST /recognize_face HTTP/1.1" 200 -
2026-01-11 13:16:23 - werkzeug - INFO - 127.0.0.1 - - [11/Jan/2026 13:16:23] "POST /recognize_face HTTP/1.1" 200 -
2026-01-11 13:16:24 - werkzeug - INFO - 127.0.0.1 - - [11/Jan/2026 13:16:24] "POST /recognize_face HTTP/1.1" 200 -
2026-01-11 13:16:24 - werkzeug - INFO - 127.0.0.1 - - [11/Jan/2026 13:16:24] "POST /recognize_face HTTP/1.1" 200 -
2026-01-11 13:16:24 - werkzeug - INFO - 127.0.0.1 - - [11/Jan/2026 13:16:24] "POST /recognize_face HTTP/1.1" 200 -
2026-01-11 13:16:25 - werkzeug - INFO - 127.0.0.1 - - [11/Jan/2026 13:16:25] "POST /recognize_face HTTP/1.1" 200 -
2026-01-11 13:16:25 - werkzeug - INFO - 127.0.0.1 - - [11/Jan/2026 13:16:25] "POST /recognize_face HTTP/1.1" 200 -
2026-01-11 13:16:25 - __main__ - WARNING - Could not get dashboard ID: 'FaceDatabase' object has no attribute 'get_student'
2026-01-11 13:16:25 - __main__ - INFO - Face recognized: tharusha Senanayake (ID: DASH_stu-00000078, Dashboard: DASH_stu-00000078, Confidence: 0.85)
2026-01-11 13:16:25 - __main__ - ERROR - Face recognition error: Object of type float32 is not JSON serializable
2026-01-11 13:16:25 - werkzeug - INFO - 127.0.0.1 - - [11/Jan/2026 13:16:25] "[35m[1mPOST /recognize_face HTTP/1.1[0m" 500 -
2026-01-11 13:16:26 - werkzeug - INFO - 127.0.0.1 - - [11/Jan/2026 13:16:26] "POST /recognize_face HTTP/1.1" 200 -
2026-01-11 13:16:26 - __main__ - WARNING - Could not get dashboard ID: 'FaceDatabase' object has no attribute 'get_student'
2026-01-11 13:16:26 - __main__ - INFO - Face recognized: tharusha Senanayake (ID: DASH_stu-00000078, Dashboard: DASH_stu-00000078, Confidence: 0.71)
2026-01-11 13:16:26 - __main__ - ERROR - Face recognition error: Object of type float32 is not JSON serializable
2026-01-11 13:16:26 - werkzeug - INFO - 127.0.0.1 - - [11/Jan/2026 13:16:26] "[35m[1mPOST /recognize_face HTTP/1.1[0m" 500 -
2026-01-11 13:16:26 - __main__ - WARNING - Could not get dashboard ID: 'FaceDatabase' object has no attribute 'get_student'
2026-01-11 13:16:26 - __main__ - INFO - Face recognized: tharusha Senanayake (ID: DASH_stu-00000078, Dashboard: DASH_stu-00000078, Confidence: 0.74)
2026-01-11 13:16:26 - __main__ - ERROR - Face recognition error: Object of type float32 is not JSON serializable
2026-01-11 13:16:26 - werkzeug - INFO - 127.0.0.1 - - [11/Jan/2026 13:16:26] "[35m[1mPOST /recognize_face HTTP/1.1[0m" 500 -
2026-01-11 13:16:27 - __main__ - WARNING - Could not get dashboard ID: 'FaceDatabase' object has no attribute 'get_student'
2026-01-11 13:16:27 - __main__ - INFO - Face recognized: tharusha Senanayake (ID: DASH_stu-00000078, Dashboard: DASH_stu-00000078, Confidence: 0.78)
2026-01-11 13:16:27 - __main__ - ERROR - Face recognition error: Object of type float32 is not JSON serializable
2026-01-11 13:16:27 - werkzeug - INFO - 127.0.0.1 - - [11/Jan/2026 13:16:27] "[35m[1mPOST /recognize_face HTTP/1.1[0m" 500 -
2026-01-11 13:16:27 - __main__ - WARNING - Could not get dashboard ID: 'FaceDatabase' object has no attribute 'get_student'
2026-01-11 13:16:27 - __main__ - INFO - Face recognized: tharusha Senanayake (ID: DASH_stu-00000078, Dashboard: DASH_stu-00000078, Confidence: 0.79)
2026-01-11 13:16:27 - __main__ - ERROR - Face recognition error: Object of type float32 is not JSON serializable
2026-01-11 13:16:27 - werkzeug - INFO - 127.0.0.1 - - [11/Jan/2026 13:16:27] "[35m[1mPOST /recognize_face HTTP/1.1[0m" 500 -
2026-01-11 13:16:27 - __main__ - WARNING - Could not get dashboard ID: 'FaceDatabase' object has no attribute 'get_student'
2026-01-11 13:16:27 - __main__ - INFO - Face recognized: tharusha Senanayake (ID: DASH_stu-00000078, Dashboard: DASH_stu-00000078, Confidence: 0.80)
2026-01-11 13:16:27 - __main__ - ERROR - Face recognition error: Object of type float32 is not JSON serializable
2026-01-11 13:16:27 - werkzeug - INFO - 127.0.0.1 - - [11/Jan/2026 13:16:27] "[35m[1mPOST /recognize_face HTTP/1.1[0m" 500 -
2026-01-11 13:16:28 - __main__ - WARNING - Could not get dashboard ID: 'FaceDatabase' object has no attribute 'get_student'
2026-01-11 13:16:28 - __main__ - INFO - Face recognized: tharusha Senanayake (ID: DASH_stu-00000078, Dashboard: DASH_stu-00000078, Confidence: 0.79)
2026-01-11 13:16:28 - __main__ - ERROR - Face recognition error: Object of type float32 is not JSON serializable
2026-01-11 13:16:28 - werkzeug - INFO - 127.0.0.1 - - [11/Jan/2026 13:16:28] "[35m[1mPOST /recognize_face HTTP/1.1[0m" 500 -
2026-01-11 13:16:28 - __main__ - WARNING - Could not get dashboard ID: 'FaceDatabase' object has no attribute 'get_student'
2026-01-11 13:16:28 - __main__ - INFO - Face recognized: tharusha Senanayake (ID: DASH_stu-00000078, Dashboard: DASH_stu-00000078, Confidence: 0.80)
2026-01-11 13:16:28 - __main__ - ERROR - Face recognition error: Object of type float32 is not JSON serializable
2026-01-11 13:16:28 - werkzeug - INFO - 127.0.0.1 - - [11/Jan/2026 13:16:28] "[35m[1mPOST /recognize_face HTTP/1.1[0m" 500 -
2026-01-11 13:16:28 - __main__ - WARNING - Could not get dashboard ID: 'FaceDatabase' object has no attribute 'get_student'
2026-01-11 13:16:28 - __main__ - INFO - Face recognized: tharusha Senanayake (ID: DASH_stu-00000078, Dashboard: DASH_stu-00000078, Confidence: 0.77)
2026-01-11 13:16:28 - __main__ - ERROR - Face recognition error: Object of type float32 is not JSON serializable
2026-01-11 13:16:28 - werkzeug - INFO - 127.0.0.1 - - [11/Jan/2026 13:16:28] "[35m[1mPOST /recognize_face HTTP/1.1[0m" 500 -
2026-01-11 13:16:29 - __main__ - WARNING - Could not get dashboard ID: 'FaceDatabase' object has no attribute 'get_student'
2026-01-11 13:16:29 - __main__ - INFO - Face recognized: tharusha Senanayake (ID: DASH_stu-00000078, Dashboard: DASH_stu-00000078, Confidence: 0.83)
2026-01-11 13:16:29 - __main__ - ERROR - Face recognition error: Object of type float32 is not JSON serializable
2026-01-11 13:16:29 - werkzeug - INFO - 127.0.0.1 - - [11/Jan/2026 13:16:29] "[35m[1mPOST /recognize_face HTTP/1.1[0m" 500 -
2026-01-11 13:16:29 - __main__ - WARNING - Could not get dashboard ID: 'FaceDatabase' object has no attribute 'get_student'
2026-01-11 13:16:29 - __main__ - INFO - Face recognized: tharusha Senanayake (ID: DASH_stu-00000078, Dashboard: DASH_stu-00000078, Confidence: 0.81)
2026-01-11 13:16:29 - __main__ - ERROR - Face recognition error: Object of type float32 is not JSON serializable
2026-01-11 13:16:29 - werkzeug - INFO - 127.0.0.1 - - [11/Jan/2026 13:16:29] "[35m[1mPOST /recognize_face HTTP/1.1[0m" 500 -
2026-01-11 13:16:29 - __main__ - WARNING - Could not get dashboard ID: 'FaceDatabase' object has no attribute 'get_student'
2026-01-11 13:16:29 - __main__ - INFO - Face recognized: tharusha Senanayake (ID: DASH_stu-00000078, Dashboard: DASH_stu-00000078, Confidence: 0.87)
2026-01-11 13:16:29 - __main__ - ERROR - Face recognition error: Object of type float32 is not JSON serializable
2026-01-11 13:16:29 - werkzeug - INFO - 127.0.0.1 - - [11/Jan/2026 13:16:29] "[35m[1mPOST /recognize_face HTTP/1.1[0m" 500 -
2026-01-11 13:16:30 - werkzeug - INFO - 127.0.0.1 - - [11/Jan/2026 13:16:30] "POST /recognize_face HTTP/1.1" 200 -
2026-01-11 13:16:30 - __main__ - WARNING - Could not get dashboard ID: 'FaceDatabase' object has no attribute 'get_student'
2026-01-11 13:16:30 - __main__ - INFO - Face recognized: tharusha Senanayake (ID: DASH_stu-00000078, Dashboard: DASH_stu-00000078, Confidence: 0.82)
2026-01-11 13:16:30 - __main__ - ERROR - Face recognition error: Object of type float32 is not JSON serializable
2026-01-11 13:16:30 - werkzeug - INFO - 127.0.0.1 - - [11/Jan/2026 13:16:30] "[35m[1mPOST /recognize_face HTTP/1.1[0m" 500 -
2026-01-11 13:16:30 - __main__ - WARNING - Could not get dashboard ID: 'FaceDatabase' object has no attribute 'get_student'
2026-01-11 13:16:30 - __main__ - INFO - Face recognized: tharusha Senanayake (ID: DASH_stu-00000078, Dashboard: DASH_stu-00000078, Confidence: 0.82)
2026-01-11 13:16:30 - __main__ - ERROR - Face recognition error: Object of type float32 is not JSON serializable
2026-01-11 13:16:30 - werkzeug - INFO - 127.0.0.1 - - [11/Jan/2026 13:16:30] "[35m[1mPOST /recognize_face HTTP/1.1[0m" 500 -
2026-01-11 13:16:31 - __main__ - WARNING - Could not get dashboard ID: 'FaceDatabase' object has no attribute 'get_student'
2026-01-11 13:16:31 - __main__ - INFO - Face recognized: tharusha Senanayake (ID: DASH_stu-00000078, Dashboard: DASH_stu-00000078, Confidence: 0.86)
2026-01-11 13:16:31 - __main__ - ERROR - Face recognition error: Object of type float32 is not JSON serializable
2026-01-11 13:16:31 - werkzeug - INFO - 127.0.0.1 - - [11/Jan/2026 13:16:31] "[35m[1mPOST /recognize_face HTTP/1.1[0m" 500 -
2026-01-11 13:16:31 - __main__ - WARNING - Could not get dashboard ID: 'FaceDatabase' object has no attribute 'get_student'
2026-01-11 13:16:31 - __main__ - INFO - Face recognized: tharusha Senanayake (ID: DASH_stu-00000078, Dashboard: DASH_stu-00000078, Confidence: 0.84)
2026-01-11 13:16:31 - __main__ - ERROR - Face recognition error: Object of type float32 is not JSON serializable
2026-01-11 13:16:31 - werkzeug - INFO - 127.0.0.1 - - [11/Jan/2026 13:16:31] "[35m[1mPOST /recognize_face HTTP/1.1[0m" 500 -
2026-01-11 13:16:31 - __main__ - WARNING - Could not get dashboard ID: 'FaceDatabase' object has no attribute 'get_student'
2026-01-11 13:16:31 - __main__ - INFO - Face recognized: tharusha Senanayake (ID: DASH_stu-00000078, Dashboard: DASH_stu-00000078, Confidence: 0.86)
2026-01-11 13:16:31 - __main__ - ERROR - Face recognition error: Object of type float32 is not JSON serializable
2026-01-11 13:16:31 - werkzeug - INFO - 127.0.0.1 - - [11/Jan/2026 13:16:31] "[35m[1mPOST /recognize_face HTTP/1.1[0m" 500 -
2026-01-11 13:16:32 - __main__ - WARNING - Could not get dashboard ID: 'FaceDatabase' object has no attribute 'get_student'
2026-01-11 13:16:32 - __main__ - INFO - Face recognized: tharusha Senanayake (ID: DASH_stu-00000078, Dashboard: DASH_stu-00000078, Confidence: 0.85)
2026-01-11 13:16:32 - __main__ - ERROR - Face recognition error: Object of type float32 is not JSON serializable
2026-01-11 13:16:32 - werkzeug - INFO - 127.0.0.1 - - [11/Jan/2026 13:16:32] "[35m[1mPOST /recognize_face HTTP/1.1[0m" 500 -
2026-01-11 13:16:32 - werkzeug - INFO - 127.0.0.1 - - [11/Jan/2026 13:16:32] "POST /recognize_face HTTP/1.1" 200 -
2026-01-11 13:16:32 - werkzeug - INFO - 127.0.0.1 - - [11/Jan/2026 13:16:32] "POST /recognize_face HTTP/1.1" 200 -
2026-01-11 13:16:33 - werkzeug - INFO - 127.0.0.1 - - [11/Jan/2026 13:16:33] "POST /recognize_face HTTP/1.1" 200 -
2026-01-11 13:16:33 - werkzeug - INFO - 127.0.0.1 - - [11/Jan/2026 13:16:33] "POST /recognize_face HTTP/1.1" 200 -
2026-01-11 13:16:34 - __main__ - WARNING - Could not get dashboard ID: 'FaceDatabase' object has no attribute 'get_student'
2026-01-11 13:16:34 - __main__ - INFO - Face recognized: tharusha Senanayake (ID: DASH_stu-00000078, Dashboard: DASH_stu-00000078, Confidence: 0.85)
2026-01-11 13:16:34 - __main__ - ERROR - Face recognition error: Object of type float32 is not JSON serializable
2026-01-11 13:16:34 - werkzeug - INFO - 127.0.0.1 - - [11/Jan/2026 13:16:34] "[35m[1mPOST /recognize_face HTTP/1.1[0m" 500 -
2026-01-11 13:16:34 - __main__ - WARNING - Could not get dashboard ID: 'FaceDatabase' object has no attribute 'get_student'
2026-01-11 13:16:34 - __main__ - INFO - Face recognized: tharusha Senanayake (ID: DASH_stu-00000078, Dashboard: DASH_stu-00000078, Confidence: 0.80)
2026-01-11 13:16:34 - __main__ - ERROR - Face recognition error: Object of type float32 is not JSON serializable
2026-01-11 13:16:34 - werkzeug - INFO - 127.0.0.1 - - [11/Jan/2026 13:16:34] "[35m[1mPOST /recognize_face HTTP/1.1[0m" 500 -
2026-01-11 13:16:34 - __main__ - WARNING - Could not get dashboard ID: 'FaceDatabase' object has no attribute 'get_student'
2026-01-11 13:16:34 - __main__ - INFO - Face recognized: tharusha Senanayake (ID: DASH_stu-00000078, Dashboard: DASH_stu-00000078, Confidence: 0.87)
2026-01-11 13:16:34 - __main__ - ERROR - Face recognition error: Object of type float32 is not JSON serializable
2026-01-11 13:16:34 - werkzeug - INFO - 127.0.0.1 - - [11/Jan/2026 13:16:34] "[35m[1mPOST /recognize_face HTTP/1.1[0m" 500 -
2026-01-11 13:16:34 - __main__ - WARNING - Could not get dashboard ID: 'FaceDatabase' object has no attribute 'get_student'
2026-01-11 13:16:34 - __main__ - INFO - Face recognized: tharusha Senanayake (ID: DASH_stu-00000078, Dashboard: DASH_stu-00000078, Confidence: 0.87)
2026-01-11 13:16:34 - __main__ - ERROR - Face recognition error: Object of type float32 is not JSON serializable
2026-01-11 13:16:34 - werkzeug - INFO - 127.0.0.1 - - [11/Jan/2026 13:16:34] "[35m[1mPOST /recognize_face HTTP/1.1[0m" 500 -
2026-01-11 13:16:35 - __main__ - WARNING - Could not get dashboard ID: 'FaceDatabase' object has no attribute 'get_student'
2026-01-11 13:16:35 - __main__ - INFO - Face recognized: tharusha Senanayake (ID: DASH_stu-00000078, Dashboard: DASH_stu-00000078, Confidence: 0.83)
2026-01-11 13:16:35 - __main__ - ERROR - Face recognition error: Object of type float32 is not JSON serializable
2026-01-11 13:16:35 - werkzeug - INFO - 127.0.0.1 - - [11/Jan/2026 13:16:35] "[35m[1mPOST /recognize_face HTTP/1.1[0m" 500 -
2026-01-11 13:16:35 - __main__ - WARNING - Could not get dashboard ID: 'FaceDatabase' object has no attribute 'get_student'
2026-01-11 13:16:35 - __main__ - INFO - Face recognized: tharusha Senanayake (ID: DASH_stu-00000078, Dashboard: DASH_stu-00000078, Confidence: 0.86)
2026-01-11 13:16:35 - __main__ - ERROR - Face recognition error: Object of type float32 is not JSON serializable
2026-01-11 13:16:35 - werkzeug - INFO - 127.0.0.1 - - [11/Jan/2026 13:16:35] "[35m[1mPOST /recognize_face HTTP/1.1[0m" 500 -
2026-01-11 13:16:35 - werkzeug - INFO - 127.0.0.1 - - [11/Jan/2026 13:16:35] "POST /recognize_face HTTP/1.1" 200 -
2026-01-11 13:16:36 - werkzeug - INFO - 127.0.0.1 - - [11/Jan/2026 13:16:36] "POST /recognize_face HTTP/1.1" 200 -
2026-01-11 13:16:36 - __main__ - WARNING - Could not get dashboard ID: 'FaceDatabase' object has no attribute 'get_student'
2026-01-11 13:16:36 - __main__ - INFO - Face recognized: tharusha Senanayake (ID: DASH_stu-00000078, Dashboard: DASH_stu-00000078, Confidence: 0.83)
2026-01-11 13:16:36 - __main__ - ERROR - Face recognition error: Object of type float32 is not JSON serializable
2026-01-11 13:16:36 - werkzeug - INFO - 127.0.0.1 - - [11/Jan/2026 13:16:36] "[35m[1mPOST /recognize_face HTTP/1.1[0m" 500 -
2026-01-11 13:16:36 - __main__ - WARNING - Could not get dashboard ID: 'FaceDatabase' object has no attribute 'get_student'
2026-01-11 13:16:36 - __main__ - INFO - Face recognized: tharusha Senanayake (ID: DASH_stu-00000078, Dashboard: DASH_stu-00000078, Confidence: 0.84)
2026-01-11 13:16:36 - __main__ - ERROR - Face recognition error: Object of type float32 is not JSON serializable
2026-01-11 13:16:36 - werkzeug - INFO - 127.0.0.1 - - [11/Jan/2026 13:16:36] "[35m[1mPOST /recognize_face HTTP/1.1[0m" 500 -
2026-01-11 13:16:37 - __main__ - WARNING - Could not get dashboard ID: 'FaceDatabase' object has no attribute 'get_student'
2026-01-11 13:16:37 - __main__ - INFO - Face recognized: tharusha Senanayake (ID: DASH_stu-00000078, Dashboard: DASH_stu-00000078, Confidence: 0.81)
2026-01-11 13:16:37 - __main__ - ERROR - Face recognition error: Object of type float32 is not JSON serializable
2026-01-11 13:16:37 - werkzeug - INFO - 127.0.0.1 - - [11/Jan/2026 13:16:37] "[35m[1mPOST /recognize_face HTTP/1.1[0m" 500 -
2026-01-11 13:16:37 - __main__ - WARNING - Could not get dashboard ID: 'FaceDatabase' object has no attribute 'get_student'
2026-01-11 13:16:37 - __main__ - INFO - Face recognized: tharusha Senanayake (ID: DASH_stu-00000078, Dashboard: DASH_stu-00000078, Confidence: 0.84)
2026-01-11 13:16:37 - __main__ - ERROR - Face recognition error: Object of type float32 is not JSON serializable
2026-01-11 13:16:37 - werkzeug - INFO - 127.0.0.1 - - [11/Jan/2026 13:16:37] "[35m[1mPOST /recognize_face HTTP/1.1[0m" 500 -
2026-01-11 13:16:37 - werkzeug - INFO - 127.0.0.1 - - [11/Jan/2026 13:16:37] "POST /recognize_face HTTP/1.1" 200 -
2026-01-11 13:16:38 - werkzeug - INFO - 127.0.0.1 - - [11/Jan/2026 13:16:38] "POST /recognize_face HTTP/1.1" 200 -
2026-01-11 13:16:38 - werkzeug - INFO - 127.0.0.1 - - [11/Jan/2026 13:16:38] "POST /recognize_face HTTP/1.1" 200 -
2026-01-11 13:16:38 - werkzeug - INFO - 127.0.0.1 - - [11/Jan/2026 13:16:38] "POST /recognize_face HTTP/1.1" 200 -
2026-01-11 13:16:39 - werkzeug - INFO - 127.0.0.1 - - [11/Jan/2026 13:16:39] "POST /recognize_face HTTP/1.1" 200 -
2026-01-11 13:16:39 - werkzeug - INFO - 127.0.0.1 - - [11/Jan/2026 13:16:39] "POST /recognize_face HTTP/1.1" 200 -
2026-01-11 13:16:39 - __main__ - WARNING - Could not get dashboard ID: 'FaceDatabase' object has no attribute 'get_student'
2026-01-11 13:16:39 - __main__ - INFO - Face recognized: tharusha Senanayake (ID: DASH_stu-00000078, Dashboard: DASH_stu-00000078, Confidence: 0.85)
2026-01-11 13:16:39 - __main__ - ERROR - Face recognition error: Object of type float32 is not JSON serializable
2026-01-11 13:16:39 - werkzeug - INFO - 127.0.0.1 - - [11/Jan/2026 13:16:39] "[35m[1mPOST /recognize_face HTTP/1.1[0m" 500 -
2026-01-11 13:16:40 - __main__ - WARNING - Could not get dashboard ID: 'FaceDatabase' object has no attribute 'get_student'
2026-01-11 13:16:40 - __main__ - INFO - Face recognized: tharusha Senanayake (ID: DASH_stu-00000078, Dashboard: DASH_stu-00000078, Confidence: 0.85)
2026-01-11 13:16:40 - __main__ - ERROR - Face recognition error: Object of type float32 is not JSON serializable
2026-01-11 13:16:40 - werkzeug - INFO - 127.0.0.1 - - [11/Jan/2026 13:16:40] "[35m[1mPOST /recognize_face HTTP/1.1[0m" 500 -
2026-01-11 13:16:40 - werkzeug - INFO - 127.0.0.1 - - [11/Jan/2026 13:16:40] "POST /recognize_face HTTP/1.1" 200 -
2026-01-11 13:16:40 - werkzeug - INFO - 127.0.0.1 - - [11/Jan/2026 13:16:40] "POST /recognize_face HTTP/1.1" 200 -
2026-01-11 13:16:41 - werkzeug - INFO -  * Detected change in '/Users/tharusha_rashmika/Documents/projects/aleph/reserch/AI-Powered-Smart-School-Safety-and-Performance-Monitoring-System/Facial Recognition Attendance Systems/app.py', reloading
2026-01-11 13:16:41 - werkzeug - INFO -  * Restarting with stat
2026-01-11 13:16:42 - __main__ - INFO - Initializing Facial Recognition Attendance System...
2026-01-11 13:16:42 - __main__ - INFO - Initializing face detection...
2026-01-11 13:16:44 - core.face_detector - INFO - MTCNN detector initialized on cpu
2026-01-11 13:16:44 - core.face_detector - INFO - FaceDetector initialized with mtcnn backend
2026-01-11 13:16:44 - __main__ - INFO - Initializing face recognition...
2026-01-11 13:16:44 - core.face_recognizer - WARNING - InsightFace not available, falling back to FaceNet
2026-01-11 13:16:44 - core.face_recognizer - WARNING - arcface failed, falling back to facenet: ArcFace not available
2026-01-11 13:16:44 - core.face_recognizer - INFO - FaceNet recognizer initialized on cpu
2026-01-11 13:16:44 - core.face_recognizer - INFO - FaceRecognizer initialized with facenet backend
2026-01-11 13:16:44 - __main__ - INFO - Initializing face aligner...
2026-01-11 13:16:44 - core.face_aligner - INFO - FaceAligner initialized with target size (160, 160)
2026-01-11 13:16:44 - __main__ - INFO - Initializing face database...
2026-01-11 13:16:44 - database.face_database - INFO - Loaded 3 embeddings from disk
2026-01-11 13:16:44 - database.face_database - INFO - Loaded multi-embeddings for 3 students
2026-01-11 13:16:44 - database.face_database - INFO - FaceDatabase initialized with 3 faces
2026-01-11 13:16:44 - __main__ - INFO - Initializing attendance database...
2026-01-11 13:16:44 - database.attendance_db - INFO - AttendanceDB initialized: sqlite:////Users/tharusha_rashmika/Documents/projects/aleph/reserch/AI-Powered-Smart-School-Safety-and-Performance-Monitoring-System/Facial Recognition Attendance Systems/data/attendance.db
2026-01-11 13:16:44 - __main__ - INFO - Initializing attendance engine...
2026-01-11 13:16:44 - core.face_detector - INFO - MTCNN detector initialized on cpu
2026-01-11 13:16:44 - core.face_detector - INFO - FaceDetector initialized with mtcnn backend
2026-01-11 13:16:44 - core.face_recognizer - WARNING - InsightFace not available, falling back to FaceNet
2026-01-11 13:16:44 - core.face_recognizer - WARNING - arcface failed, falling back to facenet: ArcFace not available
2026-01-11 13:16:44 - core.face_recognizer - INFO - FaceNet recognizer initialized on cpu
2026-01-11 13:16:44 - core.face_recognizer - INFO - FaceRecognizer initialized with facenet backend
2026-01-11 13:16:44 - core.face_aligner - INFO - FaceAligner initialized with target size (160, 160)
2026-01-11 13:16:44 - core.attendance_engine - INFO - AttendanceEngine initialized
2026-01-11 13:16:44 - core.attendance_engine - INFO - Loaded 3 faces for matching
2026-01-11 13:16:44 - core.attendance_engine - INFO - Multi-embeddings available for 3 students
2026-01-11 13:16:44 - __main__ - INFO - Initializing registration service...
2026-01-11 13:16:44 - __main__ - INFO - Initializing face trainer...
2026-01-11 13:16:44 - training.face_trainer - INFO - FaceTrainer initialized
2026-01-11 13:16:44 - __main__ - INFO - Initializing attendance service...
2026-01-11 13:16:44 - __main__ - INFO - Initializing camera service...
2026-01-11 13:16:44 - __main__ - INFO - Loaded 3 registered faces
2026-01-11 13:16:44 - __main__ - INFO - API blueprints registered
2026-01-11 13:16:44 - __main__ - INFO - Application initialized successfully
2026-01-11 13:16:45 - werkzeug - WARNING -  * Debugger is active!
2026-01-11 13:16:45 - werkzeug - INFO -  * Debugger PIN: 277-274-484
2026-01-11 13:16:45 - werkzeug - INFO - 127.0.0.1 - - [11/Jan/2026 13:16:45] "POST /recognize_face HTTP/1.1" 200 -
2026-01-11 13:16:45 - __main__ - WARNING - Could not get dashboard ID: 'FaceDatabase' object has no attribute 'get_student'
2026-01-11 13:16:45 - __main__ - INFO - Face recognized: tharusha Senanayake (ID: DASH_stu-00000078, Dashboard: DASH_stu-00000078, Confidence: 0.82)
2026-01-11 13:16:45 - werkzeug - INFO - 127.0.0.1 - - [11/Jan/2026 13:16:45] "POST /recognize_face HTTP/1.1" 200 -
2026-01-11 13:16:45 - werkzeug - INFO - 127.0.0.1 - - [11/Jan/2026 13:16:45] "POST /recognize_face HTTP/1.1" 200 -
2026-01-11 13:16:45 - __main__ - WARNING - Could not get dashboard ID: 'FaceDatabase' object has no attribute 'get_student'
2026-01-11 13:16:45 - __main__ - INFO - Face recognized: tharusha Senanayake (ID: DASH_stu-00000078, Dashboard: DASH_stu-00000078, Confidence: 0.88)
2026-01-11 13:16:45 - werkzeug - INFO - 127.0.0.1 - - [11/Jan/2026 13:16:45] "POST /recognize_face HTTP/1.1" 200 -
2026-01-11 13:16:45 - werkzeug - INFO - 127.0.0.1 - - [11/Jan/2026 13:16:45] "POST /recognize_face HTTP/1.1" 200 -
2026-01-11 13:16:45 - __main__ - WARNING - Could not get dashboard ID: 'FaceDatabase' object has no attribute 'get_student'
2026-01-11 13:16:45 - __main__ - INFO - Face recognized: tharusha Senanayake (ID: DASH_stu-00000078, Dashboard: DASH_stu-00000078, Confidence: 0.82)
2026-01-11 13:16:45 - werkzeug - INFO - 127.0.0.1 - - [11/Jan/2026 13:16:45] "POST /recognize_face HTTP/1.1" 200 -
2026-01-11 13:16:45 - __main__ - WARNING - Could not get dashboard ID: 'FaceDatabase' object has no attribute 'get_student'
2026-01-11 13:16:45 - __main__ - INFO - Face recognized: tharusha Senanayake (ID: DASH_stu-00000078, Dashboard: DASH_stu-00000078, Confidence: 0.84)
2026-01-11 13:16:45 - werkzeug - INFO - 127.0.0.1 - - [11/Jan/2026 13:16:45] "POST /recognize_face HTTP/1.1" 200 -
2026-01-11 13:16:46 - werkzeug - INFO - 127.0.0.1 - - [11/Jan/2026 13:16:46] "POST /recognize_face HTTP/1.1" 200 -
2026-01-11 13:16:46 - werkzeug - INFO - 127.0.0.1 - - [11/Jan/2026 13:16:46] "POST /recognize_face HTTP/1.1" 200 -
2026-01-11 13:16:46 - werkzeug - INFO - 127.0.0.1 - - [11/Jan/2026 13:16:46] "POST /recognize_face HTTP/1.1" 200 -
2026-01-11 13:16:46 - __main__ - WARNING - Could not get dashboard ID: 'FaceDatabase' object has no attribute 'get_student'
2026-01-11 13:16:46 - __main__ - INFO - Face recognized: tharusha Senanayake (ID: DASH_stu-00000078, Dashboard: DASH_stu-00000078, Confidence: 0.86)
2026-01-11 13:16:46 - werkzeug - INFO - 127.0.0.1 - - [11/Jan/2026 13:16:46] "POST /recognize_face HTTP/1.1" 200 -
2026-01-11 13:16:46 - __main__ - WARNING - Could not get dashboard ID: 'FaceDatabase' object has no attribute 'get_student'
2026-01-11 13:16:46 - __main__ - INFO - Face recognized: tharusha Senanayake (ID: DASH_stu-00000078, Dashboard: DASH_stu-00000078, Confidence: 0.84)
2026-01-11 13:16:46 - werkzeug - INFO - 127.0.0.1 - - [11/Jan/2026 13:16:46] "POST /recognize_face HTTP/1.1" 200 -
2026-01-11 13:16:46 - __main__ - WARNING - Could not get dashboard ID: 'FaceDatabase' object has no attribute 'get_student'
2026-01-11 13:16:46 - __main__ - INFO - Face recognized: tharusha Senanayake (ID: DASH_stu-00000078, Dashboard: DASH_stu-00000078, Confidence: 0.85)
2026-01-11 13:16:46 - werkzeug - INFO - 127.0.0.1 - - [11/Jan/2026 13:16:46] "POST /recognize_face HTTP/1.1" 200 -
2026-01-11 13:16:46 - __main__ - WARNING - Could not get dashboard ID: 'FaceDatabase' object has no attribute 'get_student'
2026-01-11 13:16:46 - __main__ - INFO - Face recognized: tharusha Senanayake (ID: DASH_stu-00000078, Dashboard: DASH_stu-00000078, Confidence: 0.88)
2026-01-11 13:16:46 - werkzeug - INFO - 127.0.0.1 - - [11/Jan/2026 13:16:46] "POST /recognize_face HTTP/1.1" 200 -
2026-01-11 13:16:46 - werkzeug - INFO - 127.0.0.1 - - [11/Jan/2026 13:16:46] "POST /recognize_face HTTP/1.1" 200 -
2026-01-11 13:16:50 - werkzeug - INFO -  * Detected change in '/Users/tharusha_rashmika/Documents/projects/aleph/reserch/AI-Powered-Smart-School-Safety-and-Performance-Monitoring-System/Facial Recognition Attendance Systems/app.py', reloading
2026-01-11 13:16:50 - werkzeug - INFO -  * Restarting with stat
2026-01-11 13:16:51 - __main__ - INFO - Initializing Facial Recognition Attendance System...
2026-01-11 13:16:51 - __main__ - INFO - Initializing face detection...
2026-01-11 13:16:52 - core.face_detector - INFO - MTCNN detector initialized on cpu
2026-01-11 13:16:52 - core.face_detector - INFO - FaceDetector initialized with mtcnn backend
2026-01-11 13:16:52 - __main__ - INFO - Initializing face recognition...
2026-01-11 13:16:52 - core.face_recognizer - WARNING - InsightFace not available, falling back to FaceNet
2026-01-11 13:16:52 - core.face_recognizer - WARNING - arcface failed, falling back to facenet: ArcFace not available
2026-01-11 13:16:53 - core.face_recognizer - INFO - FaceNet recognizer initialized on cpu
2026-01-11 13:16:53 - core.face_recognizer - INFO - FaceRecognizer initialized with facenet backend
2026-01-11 13:16:53 - __main__ - INFO - Initializing face aligner...
2026-01-11 13:16:53 - core.face_aligner - INFO - FaceAligner initialized with target size (160, 160)
2026-01-11 13:16:53 - __main__ - INFO - Initializing face database...
2026-01-11 13:16:53 - database.face_database - INFO - Loaded 3 embeddings from disk
2026-01-11 13:16:53 - database.face_database - INFO - Loaded multi-embeddings for 3 students
2026-01-11 13:16:53 - database.face_database - INFO - FaceDatabase initialized with 3 faces
2026-01-11 13:16:53 - __main__ - INFO - Initializing attendance database...
2026-01-11 13:16:53 - database.attendance_db - INFO - AttendanceDB initialized: sqlite:////Users/tharusha_rashmika/Documents/projects/aleph/reserch/AI-Powered-Smart-School-Safety-and-Performance-Monitoring-System/Facial Recognition Attendance Systems/data/attendance.db
2026-01-11 13:16:53 - __main__ - INFO - Initializing attendance engine...
2026-01-11 13:16:53 - core.face_detector - INFO - MTCNN detector initialized on cpu
2026-01-11 13:16:53 - core.face_detector - INFO - FaceDetector initialized with mtcnn backend
2026-01-11 13:16:53 - core.face_recognizer - WARNING - InsightFace not available, falling back to FaceNet
2026-01-11 13:16:53 - core.face_recognizer - WARNING - arcface failed, falling back to facenet: ArcFace not available
2026-01-11 13:16:53 - core.face_recognizer - INFO - FaceNet recognizer initialized on cpu
2026-01-11 13:16:53 - core.face_recognizer - INFO - FaceRecognizer initialized with facenet backend
2026-01-11 13:16:53 - core.face_aligner - INFO - FaceAligner initialized with target size (160, 160)
2026-01-11 13:16:53 - core.attendance_engine - INFO - AttendanceEngine initialized
2026-01-11 13:16:53 - core.attendance_engine - INFO - Loaded 3 faces for matching
2026-01-11 13:16:53 - core.attendance_engine - INFO - Multi-embeddings available for 3 students
2026-01-11 13:16:53 - __main__ - INFO - Initializing registration service...
2026-01-11 13:16:53 - __main__ - INFO - Initializing face trainer...
2026-01-11 13:16:53 - training.face_trainer - INFO - FaceTrainer initialized
2026-01-11 13:16:53 - __main__ - INFO - Initializing attendance service...
2026-01-11 13:16:53 - __main__ - INFO - Initializing camera service...
2026-01-11 13:16:53 - __main__ - INFO - Loaded 3 registered faces
2026-01-11 13:16:53 - __main__ - INFO - API blueprints registered
2026-01-11 13:16:53 - __main__ - INFO - Application initialized successfully
2026-01-11 13:16:53 - werkzeug - WARNING -  * Debugger is active!
2026-01-11 13:16:53 - werkzeug - INFO -  * Debugger PIN: 277-274-484
2026-01-11 13:16:53 - __main__ - WARNING - Could not get dashboard ID: 'FaceDatabase' object has no attribute 'get_student'
2026-01-11 13:16:53 - __main__ - INFO - Face recognized: tharusha Senanayake (ID: DASH_stu-00000078, Dashboard: DASH_stu-00000078, Confidence: 0.87)
2026-01-11 13:16:53 - werkzeug - INFO - 127.0.0.1 - - [11/Jan/2026 13:16:53] "POST /recognize_face HTTP/1.1" 200 -
2026-01-11 13:16:54 - __main__ - WARNING - Could not get dashboard ID: 'FaceDatabase' object has no attribute 'get_student'
2026-01-11 13:16:54 - __main__ - INFO - Face recognized: tharusha Senanayake (ID: DASH_stu-00000078, Dashboard: DASH_stu-00000078, Confidence: 0.89)
2026-01-11 13:16:54 - werkzeug - INFO - 127.0.0.1 - - [11/Jan/2026 13:16:54] "POST /recognize_face HTTP/1.1" 200 -
2026-01-11 13:16:54 - __main__ - WARNING - Could not get dashboard ID: 'FaceDatabase' object has no attribute 'get_student'
2026-01-11 13:16:54 - __main__ - INFO - Face recognized: tharusha Senanayake (ID: DASH_stu-00000078, Dashboard: DASH_stu-00000078, Confidence: 0.85)
2026-01-11 13:16:54 - werkzeug - INFO - 127.0.0.1 - - [11/Jan/2026 13:16:54] "POST /recognize_face HTTP/1.1" 200 -
2026-01-11 13:16:54 - __main__ - WARNING - Could not get dashboard ID: 'FaceDatabase' object has no attribute 'get_student'
2026-01-11 13:16:54 - __main__ - INFO - Face recognized: tharusha Senanayake (ID: DASH_stu-00000078, Dashboard: DASH_stu-00000078, Confidence: 0.88)
2026-01-11 13:16:54 - werkzeug - INFO - 127.0.0.1 - - [11/Jan/2026 13:16:54] "POST /recognize_face HTTP/1.1" 200 -
2026-01-11 13:16:54 - werkzeug - INFO - 127.0.0.1 - - [11/Jan/2026 13:16:54] "POST /recognize_face HTTP/1.1" 200 -
2026-01-11 13:16:54 - __main__ - WARNING - Could not get dashboard ID: 'FaceDatabase' object has no attribute 'get_student'
2026-01-11 13:16:54 - __main__ - INFO - Face recognized: tharusha Senanayake (ID: DASH_stu-00000078, Dashboard: DASH_stu-00000078, Confidence: 0.87)
2026-01-11 13:16:54 - werkzeug - INFO - 127.0.0.1 - - [11/Jan/2026 13:16:54] "POST /recognize_face HTTP/1.1" 200 -
2026-01-11 13:17:04 - __main__ - INFO - Initializing Facial Recognition Attendance System...
2026-01-11 13:17:04 - __main__ - INFO - Initializing face detection...
2026-01-11 13:17:06 - core.face_detector - INFO - MTCNN detector initialized on cpu
2026-01-11 13:17:06 - core.face_detector - INFO - FaceDetector initialized with mtcnn backend
2026-01-11 13:17:06 - __main__ - INFO - Initializing face recognition...
2026-01-11 13:17:06 - core.face_recognizer - WARNING - InsightFace not available, falling back to FaceNet
2026-01-11 13:17:06 - core.face_recognizer - WARNING - arcface failed, falling back to facenet: ArcFace not available
2026-01-11 13:17:07 - core.face_recognizer - INFO - FaceNet recognizer initialized on cpu
2026-01-11 13:17:07 - core.face_recognizer - INFO - FaceRecognizer initialized with facenet backend
2026-01-11 13:17:07 - __main__ - INFO - Initializing face aligner...
2026-01-11 13:17:07 - core.face_aligner - INFO - FaceAligner initialized with target size (160, 160)
2026-01-11 13:17:07 - __main__ - INFO - Initializing face database...
2026-01-11 13:17:07 - database.face_database - INFO - Loaded 3 embeddings from disk
2026-01-11 13:17:07 - database.face_database - INFO - Loaded multi-embeddings for 3 students
2026-01-11 13:17:07 - database.face_database - INFO - FaceDatabase initialized with 3 faces
2026-01-11 13:17:07 - __main__ - INFO - Initializing attendance database...
2026-01-11 13:17:07 - database.attendance_db - INFO - AttendanceDB initialized: sqlite:////Users/tharusha_rashmika/Documents/projects/aleph/reserch/AI-Powered-Smart-School-Safety-and-Performance-Monitoring-System/Facial Recognition Attendance Systems/data/attendance.db
2026-01-11 13:17:07 - __main__ - INFO - Initializing attendance engine...
2026-01-11 13:17:07 - core.face_detector - INFO - MTCNN detector initialized on cpu
2026-01-11 13:17:07 - core.face_detector - INFO - FaceDetector initialized with mtcnn backend
2026-01-11 13:17:07 - core.face_recognizer - WARNING - InsightFace not available, falling back to FaceNet
2026-01-11 13:17:07 - core.face_recognizer - WARNING - arcface failed, falling back to facenet: ArcFace not available
2026-01-11 13:17:07 - core.face_recognizer - INFO - FaceNet recognizer initialized on cpu
2026-01-11 13:17:07 - core.face_recognizer - INFO - FaceRecognizer initialized with facenet backend
2026-01-11 13:17:07 - core.face_aligner - INFO - FaceAligner initialized with target size (160, 160)
2026-01-11 13:17:07 - core.attendance_engine - INFO - AttendanceEngine initialized
2026-01-11 13:17:07 - core.attendance_engine - INFO - Loaded 3 faces for matching
2026-01-11 13:17:07 - core.attendance_engine - INFO - Multi-embeddings available for 3 students
2026-01-11 13:17:07 - __main__ - INFO - Initializing registration service...
2026-01-11 13:17:07 - __main__ - INFO - Initializing face trainer...
2026-01-11 13:17:07 - training.face_trainer - INFO - FaceTrainer initialized
2026-01-11 13:17:07 - __main__ - INFO - Initializing attendance service...
2026-01-11 13:17:07 - __main__ - INFO - Initializing camera service...
2026-01-11 13:17:07 - __main__ - INFO - Loaded 3 registered faces
2026-01-11 13:17:07 - __main__ - INFO - API blueprints registered
2026-01-11 13:17:07 - __main__ - INFO - Application initialized successfully
2026-01-11 13:17:07 - werkzeug - INFO - [31m[1mWARNING: This is a development server. Do not use it in a production deployment. Use a production WSGI server instead.[0m
 * Running on all addresses (0.0.0.0)
 * Running on http://127.0.0.1:5004
 * Running on http://192.168.8.171:5004
2026-01-11 13:17:07 - werkzeug - INFO - [33mPress CTRL+C to quit[0m
2026-01-11 13:17:07 - werkzeug - INFO -  * Restarting with stat
2026-01-11 13:17:07 - __main__ - INFO - Initializing Facial Recognition Attendance System...
2026-01-11 13:17:07 - __main__ - INFO - Initializing face detection...
2026-01-11 13:17:09 - core.face_detector - INFO - MTCNN detector initialized on cpu
2026-01-11 13:17:09 - core.face_detector - INFO - FaceDetector initialized with mtcnn backend
2026-01-11 13:17:09 - __main__ - INFO - Initializing face recognition...
2026-01-11 13:17:09 - core.face_recognizer - WARNING - InsightFace not available, falling back to FaceNet
2026-01-11 13:17:09 - core.face_recognizer - WARNING - arcface failed, falling back to facenet: ArcFace not available
2026-01-11 13:17:09 - core.face_recognizer - INFO - FaceNet recognizer initialized on cpu
2026-01-11 13:17:09 - core.face_recognizer - INFO - FaceRecognizer initialized with facenet backend
2026-01-11 13:17:09 - __main__ - INFO - Initializing face aligner...
2026-01-11 13:17:09 - core.face_aligner - INFO - FaceAligner initialized with target size (160, 160)
2026-01-11 13:17:09 - __main__ - INFO - Initializing face database...
2026-01-11 13:17:09 - database.face_database - INFO - Loaded 3 embeddings from disk
2026-01-11 13:17:09 - database.face_database - INFO - Loaded multi-embeddings for 3 students
2026-01-11 13:17:09 - database.face_database - INFO - FaceDatabase initialized with 3 faces
2026-01-11 13:17:09 - __main__ - INFO - Initializing attendance database...
2026-01-11 13:17:09 - database.attendance_db - INFO - AttendanceDB initialized: sqlite:////Users/tharusha_rashmika/Documents/projects/aleph/reserch/AI-Powered-Smart-School-Safety-and-Performance-Monitoring-System/Facial Recognition Attendance Systems/data/attendance.db
2026-01-11 13:17:09 - __main__ - INFO - Initializing attendance engine...
2026-01-11 13:17:09 - core.face_detector - INFO - MTCNN detector initialized on cpu
2026-01-11 13:17:09 - core.face_detector - INFO - FaceDetector initialized with mtcnn backend
2026-01-11 13:17:09 - core.face_recognizer - WARNING - InsightFace not available, falling back to FaceNet
2026-01-11 13:17:09 - core.face_recognizer - WARNING - arcface failed, falling back to facenet: ArcFace not available
2026-01-11 13:17:09 - core.face_recognizer - INFO - FaceNet recognizer initialized on cpu
2026-01-11 13:17:09 - core.face_recognizer - INFO - FaceRecognizer initialized with facenet backend
2026-01-11 13:17:09 - core.face_aligner - INFO - FaceAligner initialized with target size (160, 160)
2026-01-11 13:17:09 - core.attendance_engine - INFO - AttendanceEngine initialized
2026-01-11 13:17:09 - core.attendance_engine - INFO - Loaded 3 faces for matching
2026-01-11 13:17:09 - core.attendance_engine - INFO - Multi-embeddings available for 3 students
2026-01-11 13:17:09 - __main__ - INFO - Initializing registration service...
2026-01-11 13:17:09 - __main__ - INFO - Initializing face trainer...
2026-01-11 13:17:09 - training.face_trainer - INFO - FaceTrainer initialized
2026-01-11 13:17:09 - __main__ - INFO - Initializing attendance service...
2026-01-11 13:17:09 - __main__ - INFO - Initializing camera service...
2026-01-11 13:17:09 - __main__ - INFO - Loaded 3 registered faces
2026-01-11 13:17:09 - __main__ - INFO - API blueprints registered
2026-01-11 13:17:09 - __main__ - INFO - Application initialized successfully
2026-01-11 13:17:09 - werkzeug - WARNING -  * Debugger is active!
2026-01-11 13:17:09 - werkzeug - INFO -  * Debugger PIN: 277-274-484
2026-01-11 13:17:15 - werkzeug - INFO - 127.0.0.1 - - [11/Jan/2026 13:17:15] "GET /health HTTP/1.1" 200 -
2026-01-11 13:18:22 - __main__ - INFO - Initializing Facial Recognition Attendance System...
2026-01-11 13:18:22 - __main__ - INFO - Initializing face detection...
2026-01-11 13:18:24 - core.face_detector - INFO - MTCNN detector initialized on cpu
2026-01-11 13:18:24 - core.face_detector - INFO - FaceDetector initialized with mtcnn backend
2026-01-11 13:18:24 - __main__ - INFO - Initializing face recognition...
2026-01-11 13:18:24 - core.face_recognizer - WARNING - InsightFace not available, falling back to FaceNet
2026-01-11 13:18:24 - core.face_recognizer - WARNING - arcface failed, falling back to facenet: ArcFace not available
2026-01-11 13:18:24 - core.face_recognizer - INFO - FaceNet recognizer initialized on cpu
2026-01-11 13:18:24 - core.face_recognizer - INFO - FaceRecognizer initialized with facenet backend
2026-01-11 13:18:24 - __main__ - INFO - Initializing face aligner...
2026-01-11 13:18:24 - core.face_aligner - INFO - FaceAligner initialized with target size (160, 160)
2026-01-11 13:18:24 - __main__ - INFO - Initializing face database...
2026-01-11 13:18:24 - database.face_database - INFO - Loaded 3 embeddings from disk
2026-01-11 13:18:24 - database.face_database - INFO - Loaded multi-embeddings for 3 students
2026-01-11 13:18:24 - database.face_database - INFO - FaceDatabase initialized with 3 faces
2026-01-11 13:18:24 - __main__ - INFO - Initializing attendance database...
2026-01-11 13:18:24 - database.attendance_db - INFO - AttendanceDB initialized: sqlite:////Users/tharusha_rashmika/Documents/projects/aleph/reserch/AI-Powered-Smart-School-Safety-and-Performance-Monitoring-System/Facial Recognition Attendance Systems/data/attendance.db
2026-01-11 13:18:24 - __main__ - INFO - Initializing attendance engine...
2026-01-11 13:18:24 - core.face_detector - INFO - MTCNN detector initialized on cpu
2026-01-11 13:18:24 - core.face_detector - INFO - FaceDetector initialized with mtcnn backend
2026-01-11 13:18:24 - core.face_recognizer - WARNING - InsightFace not available, falling back to FaceNet
2026-01-11 13:18:24 - core.face_recognizer - WARNING - arcface failed, falling back to facenet: ArcFace not available
2026-01-11 13:18:25 - core.face_recognizer - INFO - FaceNet recognizer initialized on cpu
2026-01-11 13:18:25 - core.face_recognizer - INFO - FaceRecognizer initialized with facenet backend
2026-01-11 13:18:25 - core.face_aligner - INFO - FaceAligner initialized with target size (160, 160)
2026-01-11 13:18:25 - core.attendance_engine - INFO - AttendanceEngine initialized
2026-01-11 13:18:25 - core.attendance_engine - INFO - Loaded 3 faces for matching
2026-01-11 13:18:25 - core.attendance_engine - INFO - Multi-embeddings available for 3 students
2026-01-11 13:18:25 - __main__ - INFO - Initializing registration service...
2026-01-11 13:18:25 - __main__ - INFO - Initializing face trainer...
2026-01-11 13:18:25 - training.face_trainer - INFO - FaceTrainer initialized
2026-01-11 13:18:25 - __main__ - INFO - Initializing attendance service...
2026-01-11 13:18:25 - __main__ - INFO - Initializing camera service...
2026-01-11 13:18:25 - __main__ - INFO - Loaded 3 registered faces
2026-01-11 13:18:25 - __main__ - INFO - API blueprints registered
2026-01-11 13:18:25 - __main__ - INFO - Application initialized successfully
2026-01-11 13:18:25 - werkzeug - INFO - [31m[1mWARNING: This is a development server. Do not use it in a production deployment. Use a production WSGI server instead.[0m
 * Running on all addresses (0.0.0.0)
 * Running on http://127.0.0.1:5004
 * Running on http://192.168.8.171:5004
2026-01-11 13:18:25 - werkzeug - INFO - [33mPress CTRL+C to quit[0m
2026-01-11 13:18:25 - werkzeug - INFO -  * Restarting with stat
2026-01-11 13:18:25 - __main__ - INFO - Initializing Facial Recognition Attendance System...
2026-01-11 13:18:25 - __main__ - INFO - Initializing face detection...
2026-01-11 13:18:26 - core.face_detector - INFO - MTCNN detector initialized on cpu
2026-01-11 13:18:26 - core.face_detector - INFO - FaceDetector initialized with mtcnn backend
2026-01-11 13:18:26 - __main__ - INFO - Initializing face recognition...
2026-01-11 13:18:26 - core.face_recognizer - WARNING - InsightFace not available, falling back to FaceNet
2026-01-11 13:18:26 - core.face_recognizer - WARNING - arcface failed, falling back to facenet: ArcFace not available
2026-01-11 13:18:27 - core.face_recognizer - INFO - FaceNet recognizer initialized on cpu
2026-01-11 13:18:27 - core.face_recognizer - INFO - FaceRecognizer initialized with facenet backend
2026-01-11 13:18:27 - __main__ - INFO - Initializing face aligner...
2026-01-11 13:18:27 - core.face_aligner - INFO - FaceAligner initialized with target size (160, 160)
2026-01-11 13:18:27 - __main__ - INFO - Initializing face database...
2026-01-11 13:18:27 - database.face_database - INFO - Loaded 3 embeddings from disk
2026-01-11 13:18:27 - database.face_database - INFO - Loaded multi-embeddings for 3 students
2026-01-11 13:18:27 - database.face_database - INFO - FaceDatabase initialized with 3 faces
2026-01-11 13:18:27 - __main__ - INFO - Initializing attendance database...
2026-01-11 13:18:27 - database.attendance_db - INFO - AttendanceDB initialized: sqlite:////Users/tharusha_rashmika/Documents/projects/aleph/reserch/AI-Powered-Smart-School-Safety-and-Performance-Monitoring-System/Facial Recognition Attendance Systems/data/attendance.db
2026-01-11 13:18:27 - __main__ - INFO - Initializing attendance engine...
2026-01-11 13:18:27 - core.face_detector - INFO - MTCNN detector initialized on cpu
2026-01-11 13:18:27 - core.face_detector - INFO - FaceDetector initialized with mtcnn backend
2026-01-11 13:18:27 - core.face_recognizer - WARNING - InsightFace not available, falling back to FaceNet
2026-01-11 13:18:27 - core.face_recognizer - WARNING - arcface failed, falling back to facenet: ArcFace not available
2026-01-11 13:18:27 - core.face_recognizer - INFO - FaceNet recognizer initialized on cpu
2026-01-11 13:18:28 - core.face_recognizer - INFO - FaceRecognizer initialized with facenet backend
2026-01-11 13:18:28 - core.face_aligner - INFO - FaceAligner initialized with target size (160, 160)
2026-01-11 13:18:28 - core.attendance_engine - INFO - AttendanceEngine initialized
2026-01-11 13:18:28 - core.attendance_engine - INFO - Loaded 3 faces for matching
2026-01-11 13:18:28 - core.attendance_engine - INFO - Multi-embeddings available for 3 students
2026-01-11 13:18:28 - __main__ - INFO - Initializing registration service...
2026-01-11 13:18:28 - __main__ - INFO - Initializing face trainer...
2026-01-11 13:18:28 - training.face_trainer - INFO - FaceTrainer initialized
2026-01-11 13:18:28 - __main__ - INFO - Initializing attendance service...
2026-01-11 13:18:28 - __main__ - INFO - Initializing camera service...
2026-01-11 13:18:28 - __main__ - INFO - Loaded 3 registered faces
2026-01-11 13:18:28 - __main__ - INFO - API blueprints registered
2026-01-11 13:18:28 - __main__ - INFO - Application initialized successfully
2026-01-11 13:18:28 - werkzeug - WARNING -  * Debugger is active!
2026-01-11 13:18:28 - werkzeug - INFO -  * Debugger PIN: 277-274-484
2026-01-11 13:18:28 - __main__ - WARNING - Could not get dashboard ID: 'FaceDatabase' object has no attribute 'get_student'
2026-01-11 13:18:28 - __main__ - INFO - Face recognized: tharusha Senanayake (ID: DASH_stu-00000078, Dashboard: DASH_stu-00000078, Confidence: 0.82)
2026-01-11 13:18:28 - werkzeug - INFO - 127.0.0.1 - - [11/Jan/2026 13:18:28] "POST /recognize_face HTTP/1.1" 200 -
2026-01-11 13:18:28 - werkzeug - INFO - 127.0.0.1 - - [11/Jan/2026 13:18:28] "POST /recognize_face HTTP/1.1" 200 -
2026-01-11 13:18:28 - werkzeug - INFO - 127.0.0.1 - - [11/Jan/2026 13:18:28] "POST /recognize_face HTTP/1.1" 200 -
2026-01-11 13:18:29 - __main__ - WARNING - Could not get dashboard ID: 'FaceDatabase' object has no attribute 'get_student'
2026-01-11 13:18:29 - __main__ - INFO - Face recognized: tharusha Senanayake (ID: DASH_stu-00000078, Dashboard: DASH_stu-00000078, Confidence: 0.86)
2026-01-11 13:18:29 - werkzeug - INFO - 127.0.0.1 - - [11/Jan/2026 13:18:29] "POST /recognize_face HTTP/1.1" 200 -
2026-01-11 13:18:29 - werkzeug - INFO - 127.0.0.1 - - [11/Jan/2026 13:18:29] "GET /api/health HTTP/1.1" 200 -
2026-01-11 13:18:29 - __main__ - WARNING - Could not get dashboard ID: 'FaceDatabase' object has no attribute 'get_student'
2026-01-11 13:18:29 - __main__ - INFO - Face recognized: tharusha Senanayake (ID: DASH_stu-00000078, Dashboard: DASH_stu-00000078, Confidence: 0.84)
2026-01-11 13:18:29 - werkzeug - INFO - 127.0.0.1 - - [11/Jan/2026 13:18:29] "POST /recognize_face HTTP/1.1" 200 -
2026-01-11 13:18:40 - werkzeug - INFO - 127.0.0.1 - - [11/Jan/2026 13:18:40] "POST /recognize_face HTTP/1.1" 200 -
2026-01-11 13:18:41 - werkzeug - INFO - 127.0.0.1 - - [11/Jan/2026 13:18:41] "POST /recognize_face HTTP/1.1" 200 -
2026-01-11 13:18:41 - werkzeug - INFO - 127.0.0.1 - - [11/Jan/2026 13:18:41] "POST /recognize_face HTTP/1.1" 200 -
2026-01-11 13:18:42 - werkzeug - INFO - 127.0.0.1 - - [11/Jan/2026 13:18:42] "POST /recognize_face HTTP/1.1" 200 -
2026-01-11 13:18:42 - werkzeug - INFO - 127.0.0.1 - - [11/Jan/2026 13:18:42] "POST /recognize_face HTTP/1.1" 200 -
2026-01-11 13:18:43 - werkzeug - INFO - 127.0.0.1 - - [11/Jan/2026 13:18:43] "POST /recognize_face HTTP/1.1" 200 -
2026-01-11 13:18:43 - werkzeug - INFO - 127.0.0.1 - - [11/Jan/2026 13:18:43] "POST /recognize_face HTTP/1.1" 200 -
2026-01-11 13:18:44 - werkzeug - INFO - 127.0.0.1 - - [11/Jan/2026 13:18:44] "POST /recognize_face HTTP/1.1" 200 -
2026-01-11 13:18:44 - werkzeug - INFO - 127.0.0.1 - - [11/Jan/2026 13:18:44] "POST /recognize_face HTTP/1.1" 200 -
2026-01-11 13:18:45 - werkzeug - INFO - 127.0.0.1 - - [11/Jan/2026 13:18:45] "POST /recognize_face HTTP/1.1" 200 -
2026-01-11 13:18:45 - werkzeug - INFO - 127.0.0.1 - - [11/Jan/2026 13:18:45] "POST /recognize_face HTTP/1.1" 200 -
2026-01-11 13:18:46 - werkzeug - INFO - 127.0.0.1 - - [11/Jan/2026 13:18:46] "POST /recognize_face HTTP/1.1" 200 -
2026-01-11 13:18:46 - werkzeug - INFO - 127.0.0.1 - - [11/Jan/2026 13:18:46] "POST /recognize_face HTTP/1.1" 200 -
2026-01-11 13:18:47 - werkzeug - INFO - 127.0.0.1 - - [11/Jan/2026 13:18:47] "POST /recognize_face HTTP/1.1" 200 -
2026-01-11 13:18:47 - werkzeug - INFO - 127.0.0.1 - - [11/Jan/2026 13:18:47] "POST /recognize_face HTTP/1.1" 200 -
2026-01-11 13:18:48 - werkzeug - INFO - 127.0.0.1 - - [11/Jan/2026 13:18:48] "POST /recognize_face HTTP/1.1" 200 -
2026-01-11 13:18:48 - werkzeug - INFO - 127.0.0.1 - - [11/Jan/2026 13:18:48] "POST /recognize_face HTTP/1.1" 200 -
2026-01-11 13:18:49 - werkzeug - INFO - 127.0.0.1 - - [11/Jan/2026 13:18:49] "POST /recognize_face HTTP/1.1" 200 -
2026-01-11 13:18:49 - __main__ - WARNING - Could not get dashboard ID: 'FaceDatabase' object has no attribute 'get_student'
2026-01-11 13:18:49 - __main__ - INFO - Face recognized: tharusha Senanayake (ID: DASH_stu-00000078, Dashboard: DASH_stu-00000078, Confidence: 0.85)
2026-01-11 13:18:49 - werkzeug - INFO - 127.0.0.1 - - [11/Jan/2026 13:18:49] "POST /recognize_face HTTP/1.1" 200 -
2026-01-11 13:18:55 - __main__ - WARNING - Could not get dashboard ID: 'FaceDatabase' object has no attribute 'get_student'
2026-01-11 13:18:55 - __main__ - INFO - Face recognized: tharusha Senanayake (ID: DASH_stu-00000078, Dashboard: DASH_stu-00000078, Confidence: 0.73)
2026-01-11 13:18:55 - werkzeug - INFO - 127.0.0.1 - - [11/Jan/2026 13:18:55] "POST /recognize_face HTTP/1.1" 200 -
2026-01-11 13:19:01 - __main__ - WARNING - Could not get dashboard ID: 'FaceDatabase' object has no attribute 'get_student'
2026-01-11 13:19:01 - __main__ - INFO - Face recognized: tharusha Senanayake (ID: DASH_stu-00000078, Dashboard: DASH_stu-00000078, Confidence: 0.85)
2026-01-11 13:19:01 - werkzeug - INFO - 127.0.0.1 - - [11/Jan/2026 13:19:01] "POST /recognize_face HTTP/1.1" 200 -
2026-01-11 13:19:06 - __main__ - WARNING - Could not get dashboard ID: 'FaceDatabase' object has no attribute 'get_student'
2026-01-11 13:19:06 - __main__ - INFO - Face recognized: tharusha Senanayake (ID: DASH_stu-00000078, Dashboard: DASH_stu-00000078, Confidence: 0.89)
2026-01-11 13:19:06 - werkzeug - INFO - 127.0.0.1 - - [11/Jan/2026 13:19:06] "POST /recognize_face HTTP/1.1" 200 -
2026-01-11 13:19:12 - __main__ - WARNING - Could not get dashboard ID: 'FaceDatabase' object has no attribute 'get_student'
2026-01-11 13:19:12 - __main__ - INFO - Face recognized: tharusha Senanayake (ID: DASH_stu-00000078, Dashboard: DASH_stu-00000078, Confidence: 0.84)
2026-01-11 13:19:12 - werkzeug - INFO - 127.0.0.1 - - [11/Jan/2026 13:19:12] "POST /recognize_face HTTP/1.1" 200 -
2026-01-11 13:19:12 - werkzeug - INFO - 127.0.0.1 - - [11/Jan/2026 13:19:12] "POST /recognize_face HTTP/1.1" 200 -
2026-01-11 13:19:18 - werkzeug - INFO - 127.0.0.1 - - [11/Jan/2026 13:19:18] "POST /recognize_face HTTP/1.1" 200 -
2026-01-11 13:19:18 - werkzeug - INFO - 127.0.0.1 - - [11/Jan/2026 13:19:18] "POST /recognize_face HTTP/1.1" 200 -
2026-01-11 13:19:19 - __main__ - WARNING - Could not get dashboard ID: 'FaceDatabase' object has no attribute 'get_student'
2026-01-11 13:19:19 - __main__ - INFO - Face recognized: tharusha Senanayake (ID: DASH_stu-00000078, Dashboard: DASH_stu-00000078, Confidence: 0.83)
2026-01-11 13:19:19 - werkzeug - INFO - 127.0.0.1 - - [11/Jan/2026 13:19:19] "POST /recognize_face HTTP/1.1" 200 -
2026-01-11 13:19:30 - werkzeug - INFO -  * Detected change in '/Users/tharusha_rashmika/Documents/projects/aleph/reserch/AI-Powered-Smart-School-Safety-and-Performance-Monitoring-System/Facial Recognition Attendance Systems/app.py', reloading
2026-01-11 13:19:30 - werkzeug - INFO -  * Restarting with stat
2026-01-11 13:19:31 - __main__ - INFO - Initializing Facial Recognition Attendance System...
2026-01-11 13:19:31 - __main__ - INFO - Initializing face detection...
2026-01-11 13:19:33 - core.face_detector - INFO - MTCNN detector initialized on cpu
2026-01-11 13:19:33 - core.face_detector - INFO - FaceDetector initialized with mtcnn backend
2026-01-11 13:19:33 - __main__ - INFO - Initializing face recognition...
2026-01-11 13:19:33 - core.face_recognizer - WARNING - InsightFace not available, falling back to FaceNet
2026-01-11 13:19:33 - core.face_recognizer - WARNING - arcface failed, falling back to facenet: ArcFace not available
2026-01-11 13:19:33 - core.face_recognizer - INFO - FaceNet recognizer initialized on cpu
2026-01-11 13:19:33 - core.face_recognizer - INFO - FaceRecognizer initialized with facenet backend
2026-01-11 13:19:33 - __main__ - INFO - Initializing face aligner...
2026-01-11 13:19:33 - core.face_aligner - INFO - FaceAligner initialized with target size (160, 160)
2026-01-11 13:19:33 - __main__ - INFO - Initializing face database...
2026-01-11 13:19:33 - database.face_database - INFO - Loaded 3 embeddings from disk
2026-01-11 13:19:33 - database.face_database - INFO - Loaded multi-embeddings for 3 students
2026-01-11 13:19:33 - database.face_database - INFO - FaceDatabase initialized with 3 faces
2026-01-11 13:19:33 - __main__ - INFO - Initializing attendance database...
2026-01-11 13:19:33 - database.attendance_db - INFO - AttendanceDB initialized: sqlite:////Users/tharusha_rashmika/Documents/projects/aleph/reserch/AI-Powered-Smart-School-Safety-and-Performance-Monitoring-System/Facial Recognition Attendance Systems/data/attendance.db
2026-01-11 13:19:33 - __main__ - INFO - Initializing attendance engine...
2026-01-11 13:19:33 - core.face_detector - INFO - MTCNN detector initialized on cpu
2026-01-11 13:19:33 - core.face_detector - INFO - FaceDetector initialized with mtcnn backend
2026-01-11 13:19:33 - core.face_recognizer - WARNING - InsightFace not available, falling back to FaceNet
2026-01-11 13:19:33 - core.face_recognizer - WARNING - arcface failed, falling back to facenet: ArcFace not available
2026-01-11 13:19:33 - core.face_recognizer - INFO - FaceNet recognizer initialized on cpu
2026-01-11 13:19:33 - core.face_recognizer - INFO - FaceRecognizer initialized with facenet backend
2026-01-11 13:19:33 - core.face_aligner - INFO - FaceAligner initialized with target size (160, 160)
2026-01-11 13:19:33 - core.attendance_engine - INFO - AttendanceEngine initialized
2026-01-11 13:19:33 - core.attendance_engine - INFO - Loaded 3 faces for matching
2026-01-11 13:19:33 - core.attendance_engine - INFO - Multi-embeddings available for 3 students
2026-01-11 13:19:33 - __main__ - INFO - Initializing registration service...
2026-01-11 13:19:33 - __main__ - INFO - Initializing face trainer...
2026-01-11 13:19:33 - training.face_trainer - INFO - FaceTrainer initialized
2026-01-11 13:19:33 - __main__ - INFO - Initializing attendance service...
2026-01-11 13:19:33 - __main__ - INFO - Initializing camera service...
2026-01-11 13:19:33 - __main__ - INFO - Loaded 3 registered faces
2026-01-11 13:19:33 - __main__ - INFO - API blueprints registered
2026-01-11 13:19:33 - __main__ - INFO - Application initialized successfully
2026-01-11 13:19:33 - werkzeug - WARNING -  * Debugger is active!
2026-01-11 13:19:33 - werkzeug - INFO -  * Debugger PIN: 277-274-484
