student_id,age,grade,subject,attendance,marks,future_performance,attendance_score,grade_marks_ratio,risk_index
1,15,10,Mathematics,44.75,86.22,68.16,0.4475,8.622,7.61345
1,15,10,Science,39.44,80.29,60.79,0.3944,8.029,11.936375999999996
1,15,10,English,48.99,79.33,67.03,0.4899,7.933,10.543767
1,15,10,History,42.25,81.37,61.87,0.4225,8.137,10.758824999999996
1,15,10,Geography,45.99,68.69,56.68,0.45990000000000003,6.869,16.910531000000002
2,15,10,Mathematics,76.68,92.76,85.08,0.7668,9.276,1.6883679999999983
2,15,10,Science,77.22,86.15,84.08,0.7722,8.615,3.1550299999999987
2,15,10,English,80.89,82.79,78.67,0.8089,8.279,3.2888309999999983
2,15,10,History,76.43,83.07,72.45,0.7643000000000001,8.306999999999999,3.9904010000000003
2,15,10,Geography,79.86,92.54,84.49,0.7986,9.254000000000001,1.5024439999999988
3,15,10,Mathematics,77.83,57.93,53.36,0.7783,5.793,9.326919
3,15,10,Science,77.71,66.11,69.06,0.7770999999999999,6.611,7.554081000000002
3,15,10,English,72.09,55.6,55.5,0.7209,5.5600000000000005,12.392039999999998
3,15,10,History,72.89,72.26,64.56,0.7289,7.226000000000001,7.520313999999998
3,15,10,Geography,69.91,65.42,66.25,0.6990999999999999,6.542,10.405122
4,15,10,Mathematics,90.41,85.77,77.4,0.9041,8.577,1.364657000000001
4,15,10,Science,92.94,98.67,89.55,0.9294,9.867,0.0938979999999999
4,15,10,English,89.33,92.18,84.68,0.8933,9.218,0.8343939999999993
4,15,10,History,83.93,80.93,79.12,0.8393,8.093,3.0645489999999977
4,15,10,Geography,92.9,81.03,76.41,0.929,8.103,1.346869999999999
5,15,10,Mathematics,66.7,75.84,56.68,0.667,7.5840000000000005,8.045279999999998
5,15,10,Science,68.97,86.04,73.86,0.6897,8.604000000000001,4.331787999999998
5,15,10,English,69.86,89.63,81.77,0.6986,8.963,3.1255180000000014
5,15,10,History,68.86,78.77,68.68,0.6886,7.877,6.611022000000002
5,15,10,Geography,70.16,73.07,58.35,0.7016,7.3069999999999995,8.035912000000003
6,15,10,Mathematics,92.77,84.58,83.09,0.9277,8.458,1.1148660000000006
6,15,10,Science,86.79,83.6,78.55,0.8679000000000001,8.36,2.1664399999999997
6,15,10,English,91.34,95.3,86.33,0.9134,9.53,0.40702000000000005
6,15,10,History,85.48,85.73,82.01,0.8548,8.573,2.072003999999999
6,15,10,Geography,87.8,87.41,74.7,0.878,8.741,1.5359800000000008
7,15,10,Mathematics,42.75,63.0,51.93,0.4275,6.3,21.1825
7,15,10,Science,47.49,69.08,53.5,0.47490000000000004,6.9079999999999995,16.236092
7,15,10,English,44.28,62.68,51.99,0.4428,6.268,20.794704000000003
7,15,10,History,46.02,62.65,50.75,0.46020000000000005,6.265,20.16153
7,15,10,Geography,41.02,63.79,53.21,0.4102,6.379,21.356657999999996
8,15,10,Mathematics,91.36,86.64,82.16,0.9136,8.664,1.154304
8,15,10,Science,86.63,74.02,66.97,0.8663,7.401999999999999,3.4735260000000014
8,15,10,English,86.83,68.12,69.19,0.8683,6.812,4.198596
8,15,10,History,92.8,68.85,64.02,0.9279999999999999,6.885,2.2428000000000012
8,15,10,Geography,88.18,78.46,72.66,0.8818,7.845999999999999,2.5460279999999993
9,15,10,Mathematics,64.42,79.87,69.97,0.6442,7.987,7.162253999999998
9,15,10,Science,67.25,74.06,70.68,0.6725,7.406000000000001,8.49535
9,15,10,English,60.64,74.77,66.83,0.6064,7.476999999999999,9.930528000000002
9,15,10,History,62.53,76.57,58.59,0.6253,7.656999999999999,8.779221000000001
9,15,10,Geography,62.41,70.78,61.53,0.6241,7.078,10.983798000000002
10,15,10,Mathematics,86.76,78.14,71.54,0.8676,7.814,2.894263999999999
10,15,10,Science,85.14,86.42,86.66,0.8514,8.642,2.017988
10,15,10,English,90.9,90.33,82.85,0.909,9.033,0.8799699999999996
10,15,10,History,85.9,84.71,78.0,0.8590000000000001,8.471,2.15589
10,15,10,Geography,91.83,87.07,82.31,0.9183,8.706999999999999,1.056381000000001
2824,15,10,Mathematics,66.9,81.2,66.14,0.669,8.120000000000001,6.222799999999998
2824,15,10,Science,70.72,88.72,81.3,0.7071999999999999,8.872,3.3027840000000004
2824,15,10,English,75.34,89.22,73.65,0.7534000000000001,8.922,2.6583479999999997
2824,15,10,History,66.66,88.75,81.46,0.6666,8.875,3.7507500000000005
2824,15,10,Geography,69.77,84.35,71.35,0.6977,8.434999999999999,4.730995000000003
7912,15,10,Mathematics,64.65,5.07,10.02,0.6465000000000001,0.507,33.557755
7912,15,10,Science,62.7,0.0,13.12,0.627,0.0,37.3
7912,15,10,English,61.26,2.82,14.39,0.6126,0.282,37.647532000000005
7912,15,10,History,65.12,0.0,11.2,0.6512,0.0,34.879999999999995
7912,15,10,Geography,68.81,0.0,18.29,0.6881,0.0,31.19
4611,15,10,Mathematics,70.04,69.04,62.46,0.7004,6.904000000000001,9.275615999999996
4611,15,10,Science,71.16,68.11,58.31,0.7116,6.811,9.197076000000001
4611,15,10,English,71.6,87.65,78.81,0.716,8.765,3.5073999999999987
4611,15,10,History,76.21,81.27,72.19,0.7620999999999999,8.126999999999999,4.455867000000002
4611,15,10,Geography,71.09,86.5,84.01,0.7109000000000001,8.65,3.9028499999999995
6514,15,10,Mathematics,89.73,75.27,75.16,0.8973,7.526999999999999,2.5397709999999996
6514,15,10,Science,88.95,88.95,71.51,0.8895000000000001,8.895,1.2210249999999994
6514,15,10,English,85.38,83.36,75.03,0.8538,8.336,2.432768000000001
6514,15,10,History,89.72,91.88,79.53,0.8972,9.187999999999999,0.8347360000000006
6514,15,10,Geography,87.44,85.02,77.69,0.8744,8.501999999999999,1.8814880000000007
10000,15,10,Mathematics,40.28,60.72,46.46,0.4028,6.072,23.458016
10000,15,10,Science,34.91,60.83,48.93,0.34909999999999997,6.083,25.495753000000004
10000,15,10,English,38.26,69.26,49.55,0.3826,6.926,18.978876
10000,15,10,History,39.17,67.84,49.49,0.3917,6.784000000000001,19.562927999999996
10000,15,10,Geography,34.61,60.72,49.22,0.3461,6.072,25.685192
2139,15,10,Mathematics,87.73,82.12,74.73,0.8773000000000001,8.212,2.1938759999999986
2139,15,10,Science,90.39,89.58,80.76,0.9039,8.958,1.001362
2139,15,10,English,91.29,90.47,85.57,0.9129,9.047,0.8300629999999996
2139,15,10,History,95.38,92.68,89.06,0.9538,9.268,0.33818400000000004
2139,15,10,Geography,87.79,92.64,87.61,0.8779,9.264,0.8986559999999995
10001,15,10,Mathematics,98.69,89.15,84.08,0.9869,8.915000000000001,0.14213500000000018
10001,15,10,Science,94.48,88.04,83.74,0.9448000000000001,8.804,0.6601919999999991
10001,15,10,English,100.0,91.28,80.43,1.0,9.128,0.0
10001,15,10,History,95.72,78.97,69.3,0.9571999999999999,7.897,0.9000840000000002
10001,15,10,Geography,100.0,80.83,72.92,1.0,8.083,0.0
8573,15,10,Mathematics,86.55,91.56,81.26,0.8654999999999999,9.156,1.1351799999999999
8573,15,10,Science,84.76,94.64,88.03,0.8476,9.464,0.8168639999999996
8573,15,10,English,85.64,85.84,76.02,0.8564,8.584,2.0333759999999996
8573,15,10,History,86.1,83.71,82.01,0.861,8.370999999999999,2.264310000000002
8573,15,10,Geography,88.46,81.78,76.89,0.8845999999999999,8.178,2.102588000000001
5386,15,10,Mathematics,96.32,95.16,87.14,0.9632,9.516,0.17811200000000046
5386,15,10,Science,96.14,93.08,81.93,0.9614,9.308,0.267112
5386,15,10,English,99.8,84.26,76.64,0.998,8.426,0.03148000000000044
5386,15,10,History,95.31,96.9,84.25,0.9531000000000001,9.690000000000001,0.14538999999999966
5386,15,10,Geography,95.33,80.41,78.04,0.9533,8.041,0.9148530000000005
3340,15,10,Mathematics,78.07,72.58,73.49,0.7807,7.258,6.013206000000002
3340,15,10,Science,78.55,71.67,65.55,0.7855,7.167,6.076785000000001
3340,15,10,English,81.83,78.58,72.69,0.8183,7.858,3.892014000000001
3340,15,10,History,81.01,64.36,65.9,0.8101,6.436,6.768035999999999
3340,15,10,Geography,76.34,72.57,68.77,0.7634000000000001,7.257,6.489938
6930,15,10,Mathematics,89.02,72.77,68.18,0.8902,7.276999999999999,2.9898540000000016
6930,15,10,Science,83.51,80.45,79.83,0.8351000000000001,8.045,3.223794999999998
6930,15,10,English,88.44,83.65,78.14,0.8844,8.365,1.8900599999999996
6930,15,10,History,81.12,79.94,79.85,0.8112,7.994,3.7873279999999996
6930,15,10,Geography,86.22,71.98,72.05,0.8622,7.198,3.861156
2040,15,10,Mathematics,27.16,69.89,52.58,0.2716,6.989,21.932123999999998
2040,15,10,Science,32.39,74.84,52.45,0.3239,7.484,17.010676
2040,15,10,English,34.18,83.4,63.1,0.3418,8.34,10.926119999999996
2040,15,10,History,26.5,71.32,57.84,0.265,7.132,21.079800000000006
2040,15,10,Geography,34.29,73.38,62.55,0.3429,7.337999999999999,17.492002000000003
9797,15,10,Mathematics,62.63,88.93,77.04,0.6263000000000001,8.893,4.136858999999998
9797,15,10,Science,68.33,77.11,65.16,0.6833,7.711,7.249263000000001
9797,15,10,English,59.27,78.77,67.2,0.5927,7.877,8.646979000000002
9797,15,10,History,66.16,77.53,68.59,0.6616,7.753,7.603848
9797,15,10,Geography,67.53,89.34,75.26,0.6753,8.934000000000001,3.461301999999999
9201,15,10,Mathematics,97.08,84.46,78.2,0.9708,8.446,0.45376800000000045
9201,15,10,Science,100.0,79.96,75.24,1.0,7.9959999999999996,0.0
9201,15,10,English,100.0,81.66,81.04,1.0,8.166,0.0
9201,15,10,History,100.0,83.62,79.93,1.0,8.362,0.0
9201,15,10,Geography,98.42,80.47,74.44,0.9842,8.047,0.3085739999999997
9837,15,10,Mathematics,80.23,84.18,76.26,0.8023,8.418000000000001,3.127613999999998
9837,15,10,Science,83.02,74.77,70.53,0.8301999999999999,7.476999999999999,4.284054000000001
9837,15,10,English,84.41,81.35,74.06,0.8441,8.135,2.9075350000000015
9837,15,10,History,87.2,85.34,85.09,0.872,8.534,1.876479999999999
9837,15,10,Geography,83.2,72.84,69.99,0.8320000000000001,7.284000000000001,4.562879999999998
1949,15,10,Mathematics,89.64,0.0,15.72,0.8964,0.0,10.36
1949,15,10,Science,87.68,6.63,22.16,0.8768,0.663,11.503183999999994
1949,15,10,English,91.69,0.0,16.94,0.9168999999999999,0.0,8.310000000000002
1949,15,10,History,88.86,1.14,26.6,0.8886,0.11399999999999999,11.013004
1949,15,10,Geography,90.56,0.0,15.25,0.9056000000000001,0.0,9.439999999999998
3705,15,10,Mathematics,94.48,64.8,73.31,0.9448000000000001,6.4799999999999995,1.943039999999999
3705,15,10,Science,96.1,59.14,59.56,0.961,5.914,1.5935400000000024
3705,15,10,English,93.26,59.41,59.5,0.9326000000000001,5.941,2.735765999999998
3705,15,10,History,95.1,57.37,60.85,0.951,5.737,2.0888700000000027
3705,15,10,Geography,89.86,63.33,55.12,0.8986,6.333,3.7183380000000006
8177,15,10,Mathematics,100.0,83.96,84.16,1.0,8.395999999999999,0.0
8177,15,10,Science,100.0,89.36,77.71,1.0,8.936,0.0
8177,15,10,English,99.1,84.25,74.98,0.991,8.425,0.1417500000000009
8177,15,10,History,97.89,97.76,89.49,0.9789,9.776,0.047263999999999876
8177,15,10,Geography,100.0,91.77,80.16,1.0,9.177,0.0
1117,15,10,Mathematics,76.72,0.0,18.34,0.7672,0.0,23.28
1117,15,10,Science,79.25,2.64,16.54,0.7925,0.264,20.2022
1117,15,10,English,83.36,9.92,19.48,0.8336,0.992,14.989312
1117,15,10,History,79.24,0.0,20.64,0.7924,0.0,20.760000000000005
1117,15,10,Geography,79.61,0.0,28.06,0.7961,0.0,20.39
4510,15,10,Mathematics,81.13,79.26,81.34,0.8112999999999999,7.926,3.913638
4510,15,10,Science,87.97,81.88,76.58,0.8797,8.187999999999999,2.1798360000000008
4510,15,10,English,84.62,71.77,69.58,0.8462000000000001,7.177,4.341773999999999
4510,15,10,History,82.85,67.18,61.85,0.8284999999999999,6.718000000000001,5.62863
4510,15,10,Geography,86.41,73.68,67.55,0.8641,7.368,3.5768880000000003
6804,15,10,Mathematics,70.23,75.42,76.8,0.7023,7.542,7.317465999999999
6804,15,10,Science,69.71,73.94,64.82,0.6970999999999999,7.394,7.893574000000002
6804,15,10,English,68.65,77.78,63.89,0.6865000000000001,7.7780000000000005,6.965969999999999
6804,15,10,History,68.62,75.07,68.82,0.6862,7.507,7.823034000000002
6804,15,10,Geography,70.52,73.2,58.26,0.7051999999999999,7.32,7.900640000000001
4139,15,10,Mathematics,67.14,57.74,58.25,0.6714,5.774,13.886636
4139,15,10,Science,61.33,67.74,61.59,0.6133,6.773999999999999,12.474942000000004
4139,15,10,English,59.69,65.97,57.41,0.5969,6.5969999999999995,13.717493000000001
4139,15,10,History,65.18,59.47,52.5,0.6518,5.947,14.112545999999998
4139,15,10,Geography,63.06,57.45,50.8,0.6306,5.745,15.717969999999998
2604,15,10,Mathematics,91.93,87.03,79.55,0.9193000000000001,8.703,1.046678999999999
2604,15,10,Science,95.64,84.42,74.19,0.9564,8.442,0.6792879999999998
2604,15,10,English,98.07,77.61,81.02,0.9806999999999999,7.761,0.43212700000000154
2604,15,10,History,95.26,76.88,67.74,0.9526,7.688,1.095887999999999
2604,15,10,Geography,99.33,90.44,83.82,0.9933,9.044,0.06405200000000018
1960,15,10,Mathematics,59.92,58.14,54.04,0.5992000000000001,5.814,16.777487999999998
1960,15,10,Science,59.8,68.72,63.54,0.598,6.872,12.574560000000002
1960,15,10,English,53.65,60.3,48.03,0.5365,6.029999999999999,18.40095
1960,15,10,History,60.29,52.44,46.32,0.6029,5.244,18.886076
1960,15,10,Geography,57.12,66.2,50.71,0.5711999999999999,6.62,14.49344
3536,15,10,Mathematics,61.19,69.98,66.79,0.6119,6.998,11.650762
3536,15,10,Science,64.78,84.47,76.7,0.6478,8.447,5.469666
3536,15,10,English,63.63,84.41,61.09,0.6363,8.440999999999999,5.670083000000001
3536,15,10,History,60.37,87.95,65.53,0.6037,8.795,4.775414999999999
3536,15,10,Geography,62.02,70.0,65.87,0.6202000000000001,7.0,11.393999999999998
1821,15,10,Mathematics,91.09,61.97,63.97,0.9109,6.197,3.388472999999999
1821,15,10,Science,87.6,65.62,76.29,0.8759999999999999,6.562,4.263120000000002
1821,15,10,English,85.04,68.62,70.03,0.8504,6.862,4.694447999999998
1821,15,10,History,86.85,66.51,58.88,0.8684999999999999,6.651000000000001,4.4039350000000015
1821,15,10,Geography,88.45,67.17,66.8,0.8845000000000001,6.7170000000000005,3.791864999999999
4853,15,10,Mathematics,73.85,94.65,88.52,0.7384999999999999,9.465,1.3990249999999989
4853,15,10,Science,70.92,87.87,79.17,0.7092,8.787,3.5274039999999984
4853,15,10,English,69.69,90.89,70.68,0.6969,9.089,2.761241
4853,15,10,History,69.47,89.52,72.08,0.6947,8.952,3.1995440000000013
4853,15,10,Geography,67.11,89.75,80.29,0.6711,8.975,3.371225
10002,15,10,Mathematics,72.44,77.85,70.11,0.7243999999999999,7.784999999999999,6.104540000000002
10002,15,10,Science,72.38,89.35,77.85,0.7238,8.934999999999999,2.941530000000002
10002,15,10,English,75.96,86.86,72.82,0.7595999999999999,8.686,3.1588560000000006
10002,15,10,History,73.68,77.5,70.14,0.7368000000000001,7.75,5.921999999999998
10002,15,10,Geography,75.31,89.83,81.04,0.7531,8.983,2.5109730000000003
1152,15,10,Mathematics,92.36,78.14,73.98,0.9236,7.814,1.670104
1152,15,10,Science,96.05,89.44,83.12,0.9605,8.943999999999999,0.4171200000000004
1152,15,10,English,90.48,77.92,70.85,0.9048,7.792,2.102015999999999
1152,15,10,History,98.06,85.84,81.25,0.9806,8.584,0.2747039999999996
1152,15,10,Geography,97.76,92.81,82.9,0.9776,9.281,0.16105599999999956
2127,15,10,Mathematics,67.42,59.98,59.22,0.6742,5.997999999999999,13.038516
2127,15,10,Science,72.1,69.71,61.04,0.721,6.970999999999999,8.450910000000004
2127,15,10,English,74.95,69.39,67.64,0.7495,6.939,7.667804999999999
2127,15,10,History,73.59,66.37,60.86,0.7359,6.6370000000000005,8.881682999999999
2127,15,10,Geography,69.42,62.21,57.25,0.6942,6.221,11.556182
5905,15,10,Mathematics,79.42,88.31,73.62,0.7942,8.831,2.4058019999999996
5905,15,10,Science,74.31,77.55,71.05,0.7431,7.755,5.767405
5905,15,10,English,82.37,77.01,80.79,0.8237000000000001,7.7010000000000005,4.053136999999998
5905,15,10,History,81.03,79.84,71.29,0.8103,7.984,3.824351999999999
5905,15,10,Geography,75.33,91.37,79.14,0.7533,9.137,2.129020999999999
6617,15,10,Mathematics,75.49,72.79,64.81,0.7548999999999999,7.279000000000001,6.669171
6617,15,10,Science,76.87,82.56,74.96,0.7687,8.256,4.033871999999999
6617,15,10,English,73.21,78.03,63.68,0.7321,7.803,5.885763000000001
6617,15,10,History,75.02,73.26,74.37,0.7502,7.3260000000000005,6.679652
6617,15,10,Geography,68.52,80.82,69.25,0.6851999999999999,8.081999999999999,6.037864000000003
1058,15,10,Mathematics,96.96,67.09,69.07,0.9695999999999999,6.7090000000000005,1.0004640000000018
1058,15,10,Science,92.81,58.79,60.11,0.9281,5.879,2.962998999999999
1058,15,10,English,90.79,72.16,73.59,0.9079,7.215999999999999,2.5640639999999983
1058,15,10,History,100.0,65.89,67.02,1.0,6.589,0.0
1058,15,10,Geography,99.82,72.56,70.89,0.9982,7.256,0.04939200000000187
3442,15,10,Mathematics,68.02,65.75,55.13,0.6801999999999999,6.575,10.95315
3442,15,10,Science,75.09,70.24,64.97,0.7509,7.023999999999999,7.413216
3442,15,10,English,73.85,76.54,64.48,0.7384999999999999,7.654000000000001,6.134789999999999
3442,15,10,History,72.37,66.0,63.09,0.7237,6.6,9.394199999999998
3442,15,10,Geography,73.98,79.85,71.47,0.7398,7.984999999999999,5.243030000000001
6862,15,10,Mathematics,28.22,78.5,57.38,0.2822,7.85,15.4327
6862,15,10,Science,26.64,83.76,60.89,0.2664,8.376000000000001,11.913663999999997
6862,15,10,English,29.08,90.14,71.38,0.2908,9.014,6.992712
6862,15,10,History,29.9,91.81,69.78,0.299,9.181000000000001,5.741189999999998
6862,15,10,Geography,33.14,88.37,59.88,0.33140000000000003,8.837,7.7758179999999975
3900,15,10,Mathematics,88.81,83.33,82.51,0.8881,8.333,1.865373
3900,15,10,Science,86.81,88.99,84.96,0.8681,8.899,1.4522190000000004
3900,15,10,English,94.02,89.86,82.64,0.9401999999999999,8.986,0.6063720000000005
3900,15,10,History,89.25,89.33,85.1,0.8925,8.933,1.1470250000000002
3900,15,10,Geography,88.9,81.8,78.32,0.889,8.18,2.020199999999999
7267,15,10,Mathematics,53.45,98.93,78.25,0.5345,9.893,0.49808499999999684
7267,15,10,Science,54.7,81.53,60.0,0.547,8.153,8.366909999999999
7267,15,10,English,48.08,87.05,67.9,0.4808,8.705,6.723640000000001
7267,15,10,History,52.65,85.03,68.47,0.5265,8.503,7.088295
7267,15,10,Geography,47.2,98.79,76.4,0.47200000000000003,9.879000000000001,0.6388799999999967
1387,15,10,Mathematics,93.54,74.63,73.34,0.9354,7.462999999999999,1.6389019999999987
1387,15,10,Science,85.34,78.64,75.22,0.8534,7.864,3.131375999999999
1387,15,10,English,89.84,73.82,68.25,0.8984000000000001,7.382,2.6598879999999996
1387,15,10,History,91.02,88.32,82.39,0.9102,8.831999999999999,1.0488640000000011
1387,15,10,Geography,88.12,78.44,78.99,0.8812000000000001,7.843999999999999,2.561327999999999
1452,15,10,Mathematics,71.67,85.01,73.02,0.7167,8.501000000000001,4.246666999999999
1452,15,10,Science,77.62,81.41,81.04,0.7762,8.141,4.160442
1452,15,10,English,76.41,91.64,90.37,0.7641,9.164,1.972124
1452,15,10,History,79.81,87.46,74.42,0.7981,8.745999999999999,2.531826000000001
1452,15,10,Geography,78.41,80.9,82.04,0.7841,8.09,4.123689999999999
8149,15,10,Mathematics,72.43,98.39,82.12,0.7243,9.839,0.44387699999999974
8149,15,10,Science,74.92,80.27,74.96,0.7492,8.027,4.948284
8149,15,10,English,69.88,87.87,77.3,0.6988,8.787,3.653555999999999
8149,15,10,History,75.71,92.28,82.36,0.7570999999999999,9.228,1.8751880000000003
8149,15,10,Geography,74.92,92.52,69.13,0.7492,9.251999999999999,1.8759840000000008
6967,15,10,Mathematics,81.74,92.66,81.24,0.8173999999999999,9.266,1.340284000000001
6967,15,10,Science,76.67,87.35,81.15,0.7667,8.735,2.9512450000000015
6967,15,10,English,80.35,92.46,78.98,0.8035,9.245999999999999,1.4816100000000016
6967,15,10,History,78.65,80.87,69.06,0.7865000000000001,8.087,4.084254999999998
6967,15,10,Geography,78.5,83.27,76.9,0.785,8.327,3.596950000000001
7691,15,10,Mathematics,97.32,77.39,74.43,0.9732,7.739,0.6059480000000016
7691,15,10,Science,94.22,61.76,68.78,0.9422,6.176,2.2102720000000007
7691,15,10,English,99.74,79.34,77.63,0.9974,7.934,0.05371600000000105
7691,15,10,History,93.7,79.4,77.73,0.937,7.94,1.2977999999999992
7691,15,10,Geography,95.0,76.87,66.43,0.95,7.687,1.1564999999999999
5930,15,10,Mathematics,30.27,81.19,57.42,0.30269999999999997,8.119,13.116213000000002
5930,15,10,Science,29.68,86.47,60.37,0.2968,8.647,9.514296
5930,15,10,English,24.26,80.96,60.68,0.2426,8.096,14.420896000000004
5930,15,10,History,25.83,90.14,70.67,0.2583,9.014,7.313162
5930,15,10,Geography,23.74,83.71,63.23,0.23739999999999997,8.370999999999999,12.422754000000007
8618,15,10,Mathematics,65.54,68.79,66.69,0.6554000000000001,6.8790000000000004,10.754965999999994
8618,15,10,Science,66.88,78.16,63.71,0.6688,7.816,7.233408000000002
8618,15,10,English,65.57,63.64,64.54,0.6557,6.364,12.518748000000002
8618,15,10,History,60.0,73.94,61.44,0.6,7.394,10.424000000000001
8618,15,10,Geography,63.13,60.76,62.77,0.6313,6.076,14.467788
2530,15,10,Mathematics,89.27,82.5,76.32,0.8926999999999999,8.25,1.8777500000000007
2530,15,10,Science,83.36,93.39,82.84,0.8336,9.339,1.099904
2530,15,10,English,85.82,80.91,80.04,0.8582,8.091,2.706962000000002
2530,15,10,History,81.21,80.49,70.21,0.8120999999999999,8.049,3.665929000000002
2530,15,10,Geography,88.15,94.28,79.21,0.8815000000000001,9.428,0.6778199999999995
8461,15,10,Mathematics,86.81,60.03,54.19,0.8681,6.003,5.272042999999999
8461,15,10,Science,83.37,50.68,45.02,0.8337,5.068,8.201915999999997
8461,15,10,English,86.59,54.57,57.35,0.8659,5.457,6.092162999999998
8461,15,10,History,81.39,56.21,59.4,0.8139,5.621,8.149318999999998
8461,15,10,Geography,85.04,50.43,50.55,0.8504,5.043,7.415671999999997
2746,15,10,Mathematics,80.93,64.29,62.56,0.8093,6.429,6.809896999999996
2746,15,10,Science,85.99,77.58,70.73,0.8599,7.758,3.1410420000000014
2746,15,10,English,81.41,64.14,64.19,0.8140999999999999,6.414,6.666374000000001
2746,15,10,History,83.02,70.61,66.74,0.8301999999999999,7.061,4.9904220000000015
2746,15,10,Geography,87.47,79.42,72.21,0.8747,7.942,2.578674
3184,15,10,Mathematics,88.35,76.09,72.93,0.8835,7.609,2.785515000000001
3184,15,10,Science,89.19,91.07,78.57,0.8919,9.107,0.965333000000001
3184,15,10,English,82.65,87.25,73.87,0.8265,8.725,2.212124999999999
3184,15,10,History,88.28,89.71,68.77,0.8828,8.971,1.2059880000000007
3184,15,10,Geography,82.36,77.23,75.67,0.8236,7.723000000000001,4.016628
9976,15,10,Mathematics,90.78,75.89,73.59,0.9078,7.589,2.2229419999999998
9976,15,10,Science,83.12,82.89,81.83,0.8312,8.289,2.888167999999999
9976,15,10,English,90.54,76.9,70.21,0.9054000000000001,7.69,2.185259999999998
9976,15,10,History,90.88,82.06,77.37,0.9087999999999999,8.206,1.6361280000000005
9976,15,10,Geography,83.98,74.3,70.26,0.8398,7.43,4.117139999999999
4919,15,10,Mathematics,95.21,89.46,79.4,0.9521,8.946,0.5048660000000009
4919,15,10,Science,97.38,91.13,82.27,0.9738,9.113,0.23239400000000054
4919,15,10,English,91.94,77.55,75.01,0.9194,7.755,1.8094700000000008
4919,15,10,History,97.13,73.08,74.12,0.9712999999999999,7.308,0.7726040000000013
4919,15,10,Geography,96.49,75.23,69.45,0.9649,7.523000000000001,0.8694270000000012
3267,15,10,Mathematics,86.82,68.41,62.1,0.8682,6.840999999999999,4.163562000000002
3267,15,10,Science,79.57,70.3,61.66,0.7957,7.029999999999999,6.067710000000003
3267,15,10,English,80.24,71.99,67.84,0.8024,7.199,5.534776000000003
3267,15,10,History,83.12,70.19,61.89,0.8312,7.019,5.031927999999999
3267,15,10,Geography,88.19,74.27,70.58,0.8819,7.427,3.0387130000000013
7812,15,10,Mathematics,81.68,57.51,59.09,0.8168000000000001,5.7509999999999994,7.7841679999999975
7812,15,10,Science,79.61,68.76,60.15,0.7961,6.876,6.369835999999999
7812,15,10,English,81.95,50.41,57.73,0.8195,5.0409999999999995,8.950994999999999
7812,15,10,History,72.48,55.96,58.89,0.7248,5.596,12.119807999999999
7812,15,10,Geography,72.92,61.88,60.41,0.7292000000000001,6.188000000000001,10.322895999999998
8814,15,10,Mathematics,82.93,66.69,70.38,0.8293,6.669,5.686016999999998
8814,15,10,Science,90.98,64.08,69.75,0.9098,6.4079999999999995,3.239983999999999
8814,15,10,English,90.32,64.5,67.46,0.9031999999999999,6.45,3.436400000000002
8814,15,10,History,88.87,64.2,66.75,0.8887,6.42,3.9845399999999978
8814,15,10,Geography,87.2,54.81,52.78,0.872,5.481,5.7843199999999975
4595,15,10,Mathematics,60.34,86.85,70.68,0.6034,8.684999999999999,5.215290000000002
4595,15,10,Science,58.11,76.96,66.2,0.5811,7.696,9.651456000000003
4595,15,10,English,59.12,68.78,58.28,0.5912,6.878,12.762736
4595,15,10,History,54.15,69.75,49.99,0.5415,6.975,13.869625000000001
4595,15,10,Geography,62.97,80.92,64.41,0.6297,8.092,7.0653239999999995
9751,15,10,Mathematics,87.49,85.33,78.76,0.8748999999999999,8.533,1.835217000000001
9751,15,10,Science,88.61,76.3,73.64,0.8861,7.63,2.6994300000000004
9751,15,10,English,78.87,91.69,79.66,0.7887000000000001,9.169,1.7559030000000002
9751,15,10,History,80.52,91.88,78.16,0.8051999999999999,9.187999999999999,1.5817760000000012
9751,15,10,Geography,86.46,88.64,84.53,0.8645999999999999,8.864,1.5381440000000006
1823,15,10,Mathematics,66.81,92.0,75.42,0.6681,9.2,2.6552
1823,15,10,Science,71.35,96.73,86.0,0.7134999999999999,9.673,0.9368549999999991
1823,15,10,English,71.67,99.4,80.76,0.7167,9.940000000000001,0.16997999999999838
1823,15,10,History,72.19,99.02,79.55,0.7219,9.902,0.2725380000000011
1823,15,10,Geography,75.05,81.2,75.71,0.7505,8.120000000000001,4.6906
7906,15,10,Mathematics,96.01,76.38,68.55,0.9601000000000001,7.638,0.9424379999999989
7906,15,10,Science,100.0,76.86,70.17,1.0,7.686,0.0
7906,15,10,English,96.1,69.8,58.97,0.961,6.9799999999999995,1.177800000000002
7906,15,10,History,94.15,76.66,71.21,0.9415,7.6659999999999995,1.3653899999999988
7906,15,10,Geography,100.0,73.85,67.3,1.0,7.385,0.0
1508,15,10,Mathematics,98.23,89.37,80.55,0.9823000000000001,8.937000000000001,0.1881509999999995
1508,15,10,Science,98.54,85.15,76.86,0.9854,8.515,0.21680999999999898
1508,15,10,English,96.27,81.72,78.57,0.9627,8.172,0.6818440000000008
1508,15,10,History,98.55,78.13,80.93,0.9854999999999999,7.813,0.3171150000000007
1508,15,10,Geography,96.75,79.98,78.79,0.9675,7.998,0.6506499999999998
8619,15,10,Mathematics,98.37,79.63,80.0,0.9837,7.962999999999999,0.33203099999999913
8619,15,10,Science,95.19,93.06,88.12,0.9519,9.306000000000001,0.33381400000000006
8619,15,10,English,94.25,85.98,80.8,0.9425,8.598,0.8061499999999998
8619,15,10,History,97.43,95.94,84.79,0.9743,9.594,0.10434199999999977
8619,15,10,Geography,99.81,93.55,80.29,0.9981,9.355,0.012254999999999858
2771,15,10,Mathematics,19.71,60.56,54.92,0.1971,6.056,31.666375999999996
2771,15,10,Science,17.45,62.49,46.65,0.1745,6.2490000000000006,30.964505
2771,15,10,English,18.92,51.0,40.91,0.1892,5.1,39.7292
2771,15,10,History,21.93,55.7,40.23,0.2193,5.57,34.58500999999999
2771,15,10,Geography,19.21,54.79,45.43,0.19210000000000002,5.479,36.525159
2669,15,10,Mathematics,79.17,92.03,79.73,0.7917000000000001,9.203,1.6601509999999997
2669,15,10,Science,80.25,83.6,74.5,0.8025,8.36,3.2390000000000008
2669,15,10,English,81.7,88.78,77.15,0.8170000000000001,8.878,2.0532599999999994
2669,15,10,History,81.61,81.76,70.75,0.8161,8.176,3.354335999999999
2669,15,10,Geography,86.91,92.71,81.04,0.8691,9.270999999999999,0.954261000000001
9289,15,10,Mathematics,65.94,74.31,76.33,0.6594,7.431,8.750014
9289,15,10,Science,66.54,71.23,60.47,0.6654000000000001,7.123,9.626441999999997
9289,15,10,English,59.54,80.68,63.08,0.5954,8.068000000000001,7.816871999999997
9289,15,10,History,59.81,78.73,63.63,0.5981000000000001,7.873,8.548412999999998
9289,15,10,Geography,63.29,80.88,61.08,0.6329,8.088,7.018952000000001
8135,15,10,Mathematics,67.79,83.12,67.38,0.6779000000000001,8.312000000000001,5.437047999999997
8135,15,10,Science,71.44,81.46,77.16,0.7143999999999999,8.145999999999999,5.2950240000000015
8135,15,10,English,66.81,76.49,69.2,0.6681,7.648999999999999,7.802969000000002
8135,15,10,History,66.84,89.59,70.21,0.6684,8.959,3.4519559999999982
8135,15,10,Geography,70.62,90.52,76.97,0.7062,9.052,2.785224000000001
6280,15,10,Mathematics,35.57,86.21,70.42,0.3557,8.620999999999999,8.884897000000006
6280,15,10,Science,30.36,77.45,52.54,0.3036,7.745,15.703819999999999
6280,15,10,English,31.78,82.76,60.91,0.3178,8.276,11.761127999999996
6280,15,10,History,33.91,76.73,62.31,0.33909999999999996,7.673,15.379143
6280,15,10,Geography,33.15,76.28,65.05,0.33149999999999996,7.628,15.856819999999997
1470,15,10,Mathematics,65.58,69.93,57.75,0.6557999999999999,6.993,10.350093999999999
1470,15,10,Science,67.84,79.97,71.1,0.6784,7.997,6.441648
1470,15,10,English,64.85,79.51,56.91,0.6485,7.9510000000000005,7.202234999999999
1470,15,10,History,64.01,86.13,73.66,0.6401,8.613,4.9918130000000005
1470,15,10,Geography,66.25,77.41,69.37,0.6625,7.741,7.624125000000001
1166,15,10,Mathematics,85.86,65.34,66.86,0.8586,6.534000000000001,4.900924
1166,15,10,Science,93.87,57.59,62.65,0.9387000000000001,5.759,2.599732999999998
1166,15,10,English,86.21,60.06,63.94,0.8621,6.006,5.507726000000003
1166,15,10,History,87.44,58.19,57.32,0.8744,5.819,5.251336000000001
1166,15,10,Geography,90.15,50.28,58.64,0.9015000000000001,5.0280000000000005,4.897419999999998
8342,15,10,Mathematics,48.04,98.1,75.88,0.4804,9.809999999999999,0.987240000000003
8342,15,10,Science,50.31,81.24,67.74,0.5031,8.123999999999999,9.321844000000002
8342,15,10,English,42.96,88.87,62.71,0.4296,8.887,6.348551999999997
8342,15,10,History,42.51,82.23,60.04,0.4251,8.223,10.215972999999998
8342,15,10,Geography,51.02,80.38,71.58,0.5102,8.038,9.609876000000002
8753,15,10,Mathematics,81.87,82.03,74.78,0.8187000000000001,8.203,3.257960999999999
8753,15,10,Science,86.79,94.4,92.29,0.8679000000000001,9.440000000000001,0.7397599999999989
8753,15,10,English,82.9,86.51,76.1,0.8290000000000001,8.651,2.306789999999998
8753,15,10,History,84.39,82.87,73.53,0.8439,8.287,2.6739929999999994
8753,15,10,Geography,89.92,79.02,74.43,0.8992,7.901999999999999,2.1147839999999998
2976,15,10,Mathematics,87.95,64.73,66.92,0.8795000000000001,6.473000000000001,4.250034999999999
2976,15,10,Science,84.44,64.5,65.02,0.8443999999999999,6.45,5.523800000000001
2976,15,10,English,83.05,69.02,68.96,0.8305,6.901999999999999,5.251110000000001
2976,15,10,History,80.69,60.78,60.36,0.8069,6.078,7.5733820000000005
2976,15,10,Geography,86.57,60.66,58.71,0.8656999999999999,6.066,5.283362000000003
2647,15,10,Mathematics,20.04,89.63,66.14,0.2004,8.963,8.291852000000004
2647,15,10,Science,20.0,91.21,59.9,0.2,9.120999999999999,7.032000000000005
2647,15,10,English,20.17,92.59,61.64,0.20170000000000002,9.259,5.915402999999997
2647,15,10,History,27.59,88.0,73.24,0.2759,8.8,8.6892
2647,15,10,Geography,22.64,93.46,74.0,0.22640000000000002,9.346,5.059344000000005
1745,15,10,Mathematics,82.3,1.13,16.36,0.823,0.11299999999999999,17.499990000000004
1745,15,10,Science,75.33,7.36,25.78,0.7533,0.736,22.854288
1745,15,10,English,80.55,0.0,16.7,0.8055,0.0,19.450000000000003
1745,15,10,History,83.16,0.0,12.91,0.8316,0.0,16.840000000000003
1745,15,10,Geography,75.55,0.0,15.29,0.7555,0.0,24.450000000000003
8216,15,10,Mathematics,88.97,89.53,81.63,0.8896999999999999,8.953,1.154841
8216,15,10,Science,87.56,76.03,72.99,0.8756,7.603,2.9818679999999995
8216,15,10,English,85.15,84.74,79.02,0.8515,8.474,2.26611
8216,15,10,History,90.96,91.44,88.71,0.9096,9.144,0.7738240000000007
8216,15,10,Geography,85.41,81.9,79.33,0.8541,8.190000000000001,2.6407899999999995
3485,15,10,Mathematics,84.78,92.93,86.22,0.8478,9.293000000000001,1.076053999999999
3485,15,10,Science,88.68,86.69,78.57,0.8868,8.669,1.5066919999999993
3485,15,10,English,86.35,80.26,75.86,0.8634999999999999,8.026,2.69451
3485,15,10,History,87.9,79.95,71.63,0.879,7.995,2.4260499999999983
3485,15,10,Geography,92.52,81.9,74.99,0.9251999999999999,8.190000000000001,1.3538800000000004
9561,15,10,Mathematics,83.35,75.4,71.45,0.8334999999999999,7.540000000000001,4.0959
9561,15,10,Science,88.23,73.56,67.91,0.8823000000000001,7.356,3.111987999999999
9561,15,10,English,89.5,72.69,66.23,0.895,7.269,2.86755
9561,15,10,History,87.01,82.94,70.78,0.8701000000000001,8.294,2.2160939999999996
9561,15,10,Geography,82.33,84.65,79.0,0.8233,8.465,2.712344999999999
4404,15,10,Mathematics,52.5,72.81,61.1,0.525,7.281000000000001,12.915249999999999
4404,15,10,Science,48.25,66.95,52.21,0.4825,6.695,17.103375
4404,15,10,English,49.59,58.47,44.52,0.4959,5.8469999999999995,20.935273
4404,15,10,History,50.21,70.85,53.84,0.5021,7.084999999999999,14.513785000000002
4404,15,10,Geography,52.56,59.06,53.61,0.5256000000000001,5.906000000000001,19.421936
8381,15,10,Mathematics,74.55,82.1,78.2,0.7454999999999999,8.209999999999999,4.555550000000002
8381,15,10,Science,68.91,99.99,75.29,0.6890999999999999,9.998999999999999,0.003109000000001591
8381,15,10,English,72.57,82.71,76.35,0.7256999999999999,8.270999999999999,4.7426470000000025
8381,15,10,History,71.46,91.3,72.48,0.7145999999999999,9.129999999999999,2.4829800000000013
8381,15,10,Geography,72.26,98.31,83.25,0.7226,9.831,0.4688059999999993
4824,15,10,Mathematics,86.81,53.8,61.29,0.8681,5.38,6.093779999999999
4824,15,10,Science,93.11,69.27,69.04,0.9311,6.927,2.117297
4824,15,10,English,88.5,56.77,58.7,0.885,5.6770000000000005,4.97145
4824,15,10,History,90.79,63.26,71.3,0.9079,6.326,3.383753999999998
4824,15,10,Geography,92.08,68.38,61.93,0.9208,6.837999999999999,2.5043040000000008
2169,15,10,Mathematics,75.33,83.38,81.03,0.7533,8.338,4.100154000000001
2169,15,10,Science,71.72,84.74,67.59,0.7172,8.474,4.315528000000001
2169,15,10,English,75.55,82.06,67.96,0.7555,8.206,4.38633
2169,15,10,History,70.57,88.23,76.6,0.7056999999999999,8.823,3.4639109999999995
2169,15,10,Geography,77.19,81.19,76.71,0.7719,8.119,4.290561
7594,15,10,Mathematics,94.01,76.7,76.92,0.9401,7.67,1.3956699999999986
7594,15,10,Science,97.73,75.58,69.99,0.9773000000000001,7.558,0.5543339999999991
7594,15,10,English,93.59,84.66,80.8,0.9359000000000001,8.466,0.9832939999999997
7594,15,10,History,91.4,84.32,74.99,0.914,8.431999999999999,1.3484799999999995
7594,15,10,Geography,90.63,73.4,71.25,0.9063,7.340000000000001,2.492420000000001
5102,15,10,Mathematics,54.8,93.62,74.14,0.5479999999999999,9.362,2.883759999999998
5102,15,10,Science,48.9,80.03,59.44,0.489,8.003,10.20467
5102,15,10,English,51.58,92.46,73.21,0.5158,9.245999999999999,3.650868000000003
5102,15,10,History,49.61,81.69,69.06,0.4961,8.169,9.226409
5102,15,10,Geography,55.95,77.31,57.96,0.5595,7.731,9.994944999999998
8708,15,10,Mathematics,91.71,84.69,77.32,0.9170999999999999,8.469,1.269199000000001
8708,15,10,Science,84.93,90.4,84.5,0.8493,9.040000000000001,1.4467199999999985
8708,15,10,English,92.55,85.75,72.24,0.9255,8.575,1.0616250000000003
8708,15,10,History,85.92,87.21,75.82,0.8592,8.721,1.8008320000000007
8708,15,10,Geography,86.39,81.06,79.67,0.8639,8.106,2.577734
7690,15,10,Mathematics,65.61,68.93,58.66,0.6561,6.893000000000001,10.684972999999998
7690,15,10,Science,67.07,63.89,55.6,0.6707,6.389,11.891023000000002
7690,15,10,English,59.4,62.41,53.85,0.594,6.241,15.261540000000002
7690,15,10,History,59.54,64.9,51.5,0.5954,6.49,14.201459999999997
7690,15,10,Geography,66.9,65.92,51.56,0.669,6.5920000000000005,11.280479999999997
8451,15,10,Mathematics,93.06,93.36,87.86,0.9306,9.336,0.4608159999999999
8451,15,10,Science,89.92,97.97,92.29,0.8992,9.797,0.20462400000000008
8451,15,10,English,90.49,96.69,90.8,0.9048999999999999,9.669,0.31478100000000037
8451,15,10,History,93.35,92.4,80.64,0.9335,9.24,0.5054000000000001
8451,15,10,Geography,91.67,90.79,83.08,0.9167000000000001,9.079,0.7671929999999993
7770,15,10,Mathematics,84.99,89.26,87.7,0.8499,8.926,1.6120739999999998
7770,15,10,Science,89.41,84.96,78.1,0.8941,8.495999999999999,1.5927360000000013
7770,15,10,English,90.7,80.03,68.26,0.907,8.003,1.8572099999999994
7770,15,10,History,89.75,90.35,87.93,0.8975,9.035,0.9891250000000005
7770,15,10,Geography,90.2,89.54,82.04,0.902,8.954,1.025079999999999
9998,15,10,Mathematics,34.43,80.71,66.33,0.3443,8.071,12.648453000000002
9998,15,10,Science,32.23,67.25,53.8,0.3223,6.725,22.194675000000004
9998,15,10,English,36.63,73.2,50.64,0.3663,7.32,16.983159999999998
9998,15,10,History,37.86,77.39,58.89,0.3786,7.739,14.049854
9998,15,10,Geography,30.86,85.25,61.86,0.3086,8.525,10.19815
6091,15,10,Mathematics,81.28,87.25,80.86,0.8128,8.725,2.3867999999999996
6091,15,10,Science,87.0,88.11,82.9,0.87,8.811,1.5456999999999999
6091,15,10,English,86.39,84.36,82.44,0.8639,8.436,2.128604
6091,15,10,History,83.12,85.93,80.33,0.8312,8.593,2.3750159999999982
6091,15,10,Geography,80.04,77.15,72.08,0.8004000000000001,7.715000000000001,4.560859999999997
9165,15,10,Mathematics,78.58,51.6,57.05,0.7857999999999999,5.16,10.367280000000001
9165,15,10,Science,73.44,55.46,53.51,0.7343999999999999,5.546,11.829824
9165,15,10,English,75.86,69.38,62.89,0.7585999999999999,6.938,7.391668000000001
9165,15,10,History,76.89,52.9,48.79,0.7689,5.29,10.88481
9165,15,10,Geography,74.44,51.72,45.78,0.7444,5.172,12.340368000000002
4122,15,10,Mathematics,61.24,58.63,53.33,0.6124,5.863,16.035012
4122,15,10,Science,68.3,64.76,64.85,0.6829999999999999,6.476000000000001,11.17108
4122,15,10,English,60.28,64.15,52.31,0.6028,6.415000000000001,14.239619999999997
4122,15,10,History,60.4,55.04,50.47,0.604,5.504,17.804160000000003
4122,15,10,Geography,64.13,51.88,53.56,0.6413,5.188000000000001,17.260644000000003
9022,15,10,Mathematics,94.75,70.68,70.47,0.9475,7.0680000000000005,1.5392999999999994
9022,15,10,Science,94.77,70.85,69.79,0.9477,7.084999999999999,1.5245450000000014
9022,15,10,English,92.05,73.15,70.23,0.9205,7.315,2.1345750000000003
9022,15,10,History,89.93,84.78,79.26,0.8993000000000001,8.478,1.5326539999999989
9022,15,10,Geography,96.93,76.7,71.54,0.9693,7.67,0.7153099999999983
10003,15,10,Mathematics,31.06,69.76,54.59,0.3106,6.976000000000001,20.847455999999998
10003,15,10,Science,33.49,50.56,34.69,0.33490000000000003,5.056,32.882543999999996
10003,15,10,English,40.89,52.02,39.03,0.4089,5.202,28.360978
10003,15,10,History,35.69,64.7,53.27,0.3569,6.470000000000001,22.701430000000002
10003,15,10,Geography,33.98,52.57,43.26,0.3398,5.257,31.313286
7325,15,10,Mathematics,85.68,56.09,57.26,0.8568000000000001,5.609,6.287911999999997
7325,15,10,Science,87.18,73.16,73.18,0.8718,7.316,3.440887999999999
7325,15,10,English,87.04,72.42,63.88,0.8704000000000001,7.242,3.574367999999998
7325,15,10,History,90.33,72.23,67.19,0.9033,7.223000000000001,2.685359
7325,15,10,Geography,86.97,55.93,51.77,0.8697,5.593,5.7423210000000005
9617,15,10,Mathematics,55.54,65.53,54.64,0.5554,6.553,15.325362
9617,15,10,Science,56.16,64.11,59.19,0.5616,6.411,15.734176000000001
9617,15,10,English,52.66,69.48,49.87,0.5266,6.948,14.448167999999999
9617,15,10,History,50.62,68.2,60.42,0.5062,6.82,15.702839999999998
9617,15,10,Geography,57.24,50.56,46.66,0.5724,5.056,21.140544
7512,15,10,Mathematics,68.43,69.65,62.95,0.6843,6.965000000000001,9.581494999999997
7512,15,10,Science,75.01,62.69,60.02,0.7501000000000001,6.269,9.323768999999999
7512,15,10,English,74.8,53.15,50.47,0.748,5.3149999999999995,11.8062
7512,15,10,History,77.69,52.26,53.76,0.7768999999999999,5.226,10.650794000000001
7512,15,10,Geography,70.26,54.11,51.0,0.7026,5.411,13.647685999999998
4846,15,10,Mathematics,45.8,62.12,52.25,0.45799999999999996,6.212,20.530960000000004
4846,15,10,Science,42.93,62.72,45.65,0.4293,6.272,21.275696000000003
4846,15,10,English,49.02,62.9,55.68,0.4902,6.29,18.91358
4846,15,10,History,41.96,58.36,49.61,0.41960000000000003,5.836,24.167856
4846,15,10,Geography,50.23,56.53,48.96,0.5023,5.6530000000000005,21.635019000000003
1474,15,10,Mathematics,93.36,81.37,71.75,0.9336,8.137,1.237032
1474,15,10,Science,94.95,87.27,78.36,0.9495,8.727,0.6428649999999999
1474,15,10,English,100.0,80.7,79.65,1.0,8.07,0.0
1474,15,10,History,92.72,89.33,88.55,0.9272,8.933,0.7767760000000002
1474,15,10,Geography,94.2,86.1,73.27,0.9420000000000001,8.61,0.8061999999999999
3950,15,10,Mathematics,74.19,79.29,72.93,0.7419,7.929,5.345250999999998
3950,15,10,Science,67.5,93.6,78.67,0.675,9.36,2.080000000000002
3950,15,10,English,66.73,94.03,82.92,0.6673,9.403,1.9862189999999993
3950,15,10,History,75.43,92.25,80.04,0.7543000000000001,9.225,1.9041749999999995
3950,15,10,Geography,68.51,77.15,68.03,0.6851,7.715000000000001,7.195464999999997
4804,15,10,Mathematics,79.93,79.03,68.07,0.7993000000000001,7.9030000000000005,4.208678999999998
4804,15,10,Science,84.1,73.35,69.3,0.841,7.334999999999999,4.237350000000003
4804,15,10,English,85.86,81.53,76.12,0.8586,8.153,2.611658
4804,15,10,History,84.31,73.71,70.42,0.8431000000000001,7.3709999999999996,4.124901
4804,15,10,Geography,79.26,82.95,76.68,0.7926000000000001,8.295,3.5361699999999985
8237,15,10,Mathematics,48.07,58.35,57.81,0.4807,5.835,21.628845000000002
8237,15,10,Science,48.33,56.09,48.33,0.4833,5.609,22.688297
8237,15,10,English,52.18,54.94,44.87,0.5218,5.494,21.547692
8237,15,10,History,52.82,55.84,47.96,0.5282,5.5840000000000005,20.834687999999996
8237,15,10,Geography,48.59,62.28,54.13,0.48590000000000005,6.228,19.391852
2747,15,10,Mathematics,54.77,86.92,63.44,0.5477000000000001,8.692,5.916083999999999
2747,15,10,Science,53.94,85.03,66.53,0.5394,8.503,6.895182
2747,15,10,English,55.85,96.4,80.46,0.5585,9.64,1.5893999999999975
2747,15,10,History,55.58,81.69,67.29,0.5558,8.169,8.133302
2747,15,10,Geography,56.75,91.69,75.01,0.5675,9.169,3.594075000000001
5497,15,10,Mathematics,93.44,80.2,76.81,0.9344,8.02,1.2988800000000003
5497,15,10,Science,94.86,78.85,77.56,0.9486,7.885,1.0871100000000005
5497,15,10,English,92.93,82.09,80.07,0.9293,8.209,1.2662369999999985
5497,15,10,History,87.65,77.57,70.29,0.8765000000000001,7.757,2.7701049999999996
5497,15,10,Geography,91.84,80.8,73.29,0.9184,8.08,1.5667199999999997
4115,15,10,Mathematics,85.41,68.1,66.55,0.8541,6.81,4.654210000000003
4115,15,10,Science,76.05,73.66,58.6,0.7605,7.366,6.308430000000002
4115,15,10,English,79.89,74.61,70.53,0.7989,7.461,5.105929
4115,15,10,History,84.86,76.14,73.17,0.8486,7.614,3.612404
4115,15,10,Geography,78.08,69.44,59.99,0.7807999999999999,6.944,6.698752000000001
2476,15,10,Mathematics,77.79,71.9,70.12,0.7779,7.19,6.241009999999997
2476,15,10,Science,72.46,66.58,62.81,0.7245999999999999,6.6579999999999995,9.203868000000002
2476,15,10,English,73.22,67.74,67.48,0.7322,6.773999999999999,8.639228000000001
2476,15,10,History,76.02,56.14,65.83,0.7602,5.614,10.517628000000002
2476,15,10,Geography,73.94,56.13,49.64,0.7394,5.613,11.432522
3695,15,10,Mathematics,98.19,78.85,72.14,0.9819,7.885,0.38281500000000057
3695,15,10,Science,91.81,80.12,78.59,0.9181,8.012,1.6281719999999993
3695,15,10,English,90.41,91.12,87.17,0.9041,9.112,0.8515919999999998
3695,15,10,History,89.69,85.16,81.79,0.8969,8.516,1.5300040000000008
3695,15,10,Geography,90.36,89.66,77.72,0.9036,8.966,0.9967760000000004
6992,15,10,Mathematics,83.51,91.14,81.12,0.8351000000000001,9.114,1.4610139999999996
6992,15,10,Science,83.4,82.97,72.06,0.8340000000000001,8.297,2.8269799999999994
6992,15,10,English,86.46,82.54,73.22,0.8645999999999999,8.254000000000001,2.364084
6992,15,10,History,91.92,85.86,79.48,0.9192,8.586,1.1425119999999997
6992,15,10,Geography,90.48,89.62,88.44,0.9048,8.962,0.9881759999999992
7242,15,10,Mathematics,46.57,82.24,64.51,0.4657,8.224,9.489168000000003
7242,15,10,Science,55.89,67.53,54.34,0.5589,6.753,14.322517
7242,15,10,English,54.5,85.72,74.79,0.545,8.572,6.4974
7242,15,10,History,51.78,74.43,56.53,0.5178,7.4430000000000005,12.329853999999996
7242,15,10,Geography,47.01,75.13,62.79,0.47009999999999996,7.513,13.178613000000002
2035,15,10,Mathematics,64.26,84.49,71.98,0.6426000000000001,8.449,5.543274000000001
2035,15,10,Science,65.96,94.88,77.19,0.6596,9.488,1.742848000000002
2035,15,10,English,67.99,84.94,68.56,0.6799,8.494,4.820706000000001
2035,15,10,History,68.98,81.53,73.06,0.6898000000000001,8.153,5.729393999999998
2035,15,10,Geography,67.29,84.05,70.3,0.6729,8.405,5.217245
2592,15,10,Mathematics,65.84,66.47,57.35,0.6584,6.647,11.453847999999999
2592,15,10,Science,67.28,68.01,58.85,0.6728000000000001,6.801,10.467127999999997
2592,15,10,English,74.12,50.02,44.82,0.7412000000000001,5.002000000000001,12.934823999999997
2592,15,10,History,73.02,69.97,66.23,0.7302,6.997,8.102094000000001
2592,15,10,Geography,69.41,63.97,57.78,0.6940999999999999,6.397,11.021577000000002
7797,15,10,Mathematics,79.75,60.61,61.44,0.7975,6.061,7.976475000000001
7797,15,10,Science,78.52,56.45,58.89,0.7852,5.6450000000000005,9.35454
7797,15,10,English,83.99,65.7,63.8,0.8399,6.57,5.491430000000001
7797,15,10,History,78.79,67.76,71.49,0.7879,6.776000000000001,6.838103999999998
7797,15,10,Geography,83.56,67.61,72.53,0.8356,6.761,5.324915999999999
6942,15,10,Mathematics,65.09,95.73,73.45,0.6509,9.573,1.4906569999999986
6942,15,10,Science,59.67,92.62,69.08,0.5967,9.262,2.976353999999998
6942,15,10,English,59.29,90.98,68.04,0.5929,9.098,3.6720419999999985
6942,15,10,History,66.58,97.99,80.94,0.6658,9.799,0.6717420000000017
6942,15,10,Geography,62.6,79.84,65.24,0.626,7.984,7.539839999999998
2501,15,10,Mathematics,63.2,74.5,64.68,0.632,7.45,9.384
2501,15,10,Science,66.98,87.91,79.28,0.6698000000000001,8.791,3.9921180000000005
2501,15,10,English,65.99,81.05,71.99,0.6598999999999999,8.105,6.4448950000000025
2501,15,10,History,62.49,70.48,52.61,0.6249,7.048,11.072951999999997
2501,15,10,Geography,66.7,82.63,73.46,0.667,8.263,5.784210000000001
4394,15,10,Mathematics,49.56,63.3,58.18,0.49560000000000004,6.33,18.511480000000002
4394,15,10,Science,57.18,61.78,54.16,0.5718,6.178,16.365804
4394,15,10,English,48.78,65.7,53.38,0.4878,6.57,17.568459999999998
4394,15,10,History,48.29,58.15,51.2,0.4829,5.8149999999999995,21.640635000000003
4394,15,10,Geography,51.14,69.71,57.69,0.5114,6.970999999999999,14.799694000000002
9850,15,10,Mathematics,94.3,85.04,72.32,0.943,8.504000000000001,0.85272
9850,15,10,Science,90.0,82.37,69.23,0.9,8.237,1.7629999999999995
9850,15,10,English,88.84,87.53,79.86,0.8884000000000001,8.753,1.3916519999999994
9850,15,10,History,90.2,79.37,78.26,0.902,7.937,2.021739999999999
9850,15,10,Geography,90.62,86.86,83.29,0.9062,8.686,1.2325319999999995
1258,15,10,Mathematics,66.29,66.96,55.22,0.6629,6.696,11.137784
1258,15,10,Science,71.29,67.63,60.65,0.7129000000000001,6.763,9.293427
1258,15,10,English,74.85,69.35,60.61,0.7484999999999999,6.935,7.7084750000000035
1258,15,10,History,70.19,56.83,61.05,0.7019,5.683,12.868977000000003
1258,15,10,Geography,72.43,63.02,57.64,0.7243,6.3020000000000005,10.195385999999996
6931,15,10,Mathematics,87.32,99.46,82.31,0.8732,9.946,0.06847200000000082
6931,15,10,Science,82.97,86.67,76.25,0.8297,8.667,2.270099
6931,15,10,English,86.35,84.43,81.87,0.8634999999999999,8.443000000000001,2.125305
6931,15,10,History,88.23,95.28,88.6,0.8823000000000001,9.528,0.5555439999999997
6931,15,10,Geography,81.15,97.55,86.73,0.8115000000000001,9.754999999999999,0.4618250000000004
1996,15,10,Mathematics,49.58,88.27,64.73,0.49579999999999996,8.827,5.914266000000002
1996,15,10,Science,57.21,87.27,73.01,0.5721,8.727,5.447167000000002
1996,15,10,English,52.28,82.62,67.36,0.5228,8.262,8.293735999999997
1996,15,10,History,50.45,80.42,66.2,0.5045000000000001,8.042,9.701889999999999
1996,15,10,Geography,52.6,90.42,69.71,0.526,9.042,4.540919999999999
3430,15,10,Mathematics,55.65,86.28,70.34,0.5565,8.628,6.08482
3430,15,10,Science,54.52,79.31,62.48,0.5452,7.931,9.409811999999999
3430,15,10,English,62.05,92.55,70.61,0.6204999999999999,9.254999999999999,2.8272750000000015
3430,15,10,History,62.33,94.6,69.98,0.6233,9.459999999999999,2.0341800000000023
3430,15,10,Geography,57.74,79.85,65.24,0.5774,7.984999999999999,8.515390000000002
8433,15,10,Mathematics,71.06,65.95,60.94,0.7106,6.595000000000001,9.854069999999998
8433,15,10,Science,67.82,60.6,50.99,0.6781999999999999,6.0600000000000005,12.678920000000003
8433,15,10,English,73.59,68.1,63.98,0.7359,6.81,8.42479
8433,15,10,History,74.26,76.98,64.87,0.7426,7.698,5.925347999999998
8433,15,10,Geography,74.23,72.11,70.69,0.7423000000000001,7.211,7.187252999999999
10004,15,10,Mathematics,83.48,94.67,83.82,0.8348,9.467,0.8805159999999995
10004,15,10,Science,88.67,80.13,78.12,0.8867,8.013,2.251271
10004,15,10,English,90.9,92.39,82.13,0.909,9.239,0.6925099999999995
10004,15,10,History,91.36,91.09,84.04,0.9136,9.109,0.7698239999999997
10004,15,10,Geography,84.23,78.74,74.75,0.8423,7.874,3.352702
2099,15,10,Mathematics,56.57,54.93,50.34,0.5657,5.493,19.573901
2099,15,10,Science,64.25,69.5,62.1,0.6425,6.95,10.90375
2099,15,10,English,57.06,61.89,50.72,0.5706,6.189,16.364434
2099,15,10,History,63.09,63.24,58.5,0.6309,6.324,13.568115999999998
2099,15,10,Geography,58.87,52.06,45.05,0.5887,5.206,19.717722000000002
6400,15,10,Mathematics,77.97,54.63,53.4,0.7797,5.463,9.995011
6400,15,10,Science,76.14,59.95,59.36,0.7614,5.995,9.55593
6400,15,10,English,73.74,54.47,46.06,0.7373999999999999,5.447,11.956178000000001
6400,15,10,History,76.75,55.1,47.34,0.7675,5.51,10.43925
6400,15,10,Geography,76.44,53.97,53.79,0.7644,5.397,10.844668000000002
3535,15,10,Mathematics,53.6,93.34,74.03,0.536,9.334,3.0902399999999983
3535,15,10,Science,53.13,97.27,75.43,0.5313,9.727,1.2795510000000019
3535,15,10,English,49.81,95.77,74.43,0.49810000000000004,9.577,2.123037000000002
3535,15,10,History,47.74,89.95,64.55,0.47740000000000005,8.995000000000001,5.252129999999998
3535,15,10,Geography,51.73,88.47,69.33,0.5173,8.847,5.565531000000001
8030,15,10,Mathematics,61.24,83.06,66.3,0.6124,8.306000000000001,6.565943999999998
8030,15,10,Science,60.14,72.64,64.44,0.6014,7.264,10.905696
8030,15,10,English,59.65,74.34,63.22,0.5965,7.434,10.35381
8030,15,10,History,60.86,77.0,64.32,0.6086,7.7,9.0022
8030,15,10,Geography,57.77,81.66,66.47,0.5777,8.166,7.744982000000001
3972,15,10,Mathematics,54.75,89.31,68.79,0.5475,8.931000000000001,4.837224999999999
3972,15,10,Science,51.8,81.08,60.69,0.518,8.108,9.119440000000003
3972,15,10,English,56.66,88.41,70.97,0.5666,8.841,5.023106000000002
3972,15,10,History,58.12,91.16,75.73,0.5811999999999999,9.116,3.702192000000002
3972,15,10,Geography,51.96,91.01,68.5,0.5196000000000001,9.101,4.318795999999997
7163,15,10,Mathematics,74.48,6.63,19.61,0.7448,0.663,23.828023999999996
7163,15,10,Science,78.11,7.56,25.47,0.7811,0.756,20.235116
7163,15,10,English,70.77,2.77,19.35,0.7077,0.277,28.420329000000006
7163,15,10,History,72.54,0.0,19.21,0.7254,0.0,27.459999999999994
7163,15,10,Geography,77.85,1.72,22.21,0.7785,0.172,21.769020000000005
1861,15,10,Mathematics,71.19,87.73,75.02,0.7119,8.773,3.534986999999999
1861,15,10,Science,72.5,81.37,75.02,0.725,8.137,5.123249999999998
1861,15,10,English,75.4,77.96,68.1,0.754,7.795999999999999,5.42184
1861,15,10,History,72.76,77.79,68.62,0.7276,7.779000000000001,6.050003999999997
1861,15,10,Geography,72.54,70.85,70.02,0.7254,7.084999999999999,8.00459
7785,15,10,Mathematics,94.8,77.82,75.25,0.948,7.781999999999999,1.153360000000001
7785,15,10,Science,92.78,89.64,81.3,0.9278,8.964,0.7479919999999999
7785,15,10,English,94.87,77.33,71.61,0.9487000000000001,7.733,1.162970999999999
7785,15,10,History,95.26,89.09,86.13,0.9526,8.909,0.5171339999999993
7785,15,10,Geography,86.78,82.12,73.72,0.8678,8.212,2.3637359999999994
9633,15,10,Mathematics,50.31,60.28,48.17,0.5031,6.0280000000000005,19.736868
9633,15,10,Science,48.95,68.31,54.43,0.48950000000000005,6.831,16.177744999999998
9633,15,10,English,44.12,66.28,56.98,0.4412,6.628,18.842736
9633,15,10,History,48.79,60.54,51.59,0.4879,6.054,20.207466
9633,15,10,Geography,43.88,69.93,48.19,0.4388,6.993,16.875283999999994
5186,15,10,Mathematics,92.76,83.21,78.69,0.9276000000000001,8.321,1.2155959999999997
5186,15,10,Science,90.26,77.54,78.07,0.9026000000000001,7.7540000000000004,2.1876039999999985
5186,15,10,English,88.99,85.75,80.79,0.8898999999999999,8.575,1.5689250000000008
5186,15,10,History,92.62,74.79,71.92,0.9262,7.479000000000001,1.8604979999999984
5186,15,10,Geography,88.16,76.52,71.54,0.8815999999999999,7.651999999999999,2.780032000000001
9196,15,10,Mathematics,44.37,70.29,56.6,0.4437,7.029000000000001,16.527672999999997
9196,15,10,Science,46.15,70.56,50.67,0.46149999999999997,7.056,15.853439999999999
9196,15,10,English,42.4,87.1,73.38,0.424,8.709999999999999,7.430400000000003
9196,15,10,History,42.48,85.75,66.17,0.42479999999999996,8.575,8.1966
9196,15,10,Geography,41.35,76.25,56.16,0.41350000000000003,7.625,13.929375
7626,15,10,Mathematics,46.88,53.91,50.0,0.46880000000000005,5.391,24.483007999999998
7626,15,10,Science,45.64,67.94,56.61,0.45640000000000003,6.794,17.427816
7626,15,10,English,48.62,54.93,43.08,0.48619999999999997,5.493,23.156966
7626,15,10,History,43.93,66.03,49.97,0.4393,6.603,19.046979
7626,15,10,Geography,43.56,55.37,44.86,0.43560000000000004,5.537,25.189172
6928,15,10,Mathematics,84.13,96.45,88.99,0.8412999999999999,9.645,0.5633849999999997
6928,15,10,Science,88.27,87.1,77.42,0.8826999999999999,8.709999999999999,1.5131700000000012
6928,15,10,English,80.7,89.47,83.16,0.807,8.947,2.0322899999999997
6928,15,10,History,84.13,97.35,85.3,0.8412999999999999,9.735,0.420555000000001
6928,15,10,Geography,89.84,95.75,89.66,0.8984000000000001,9.575,0.43179999999999985
6562,15,10,Mathematics,30.72,84.5,65.0,0.3072,8.45,10.738399999999999
6562,15,10,Science,32.12,85.25,67.39,0.3212,8.525,10.0123
6562,15,10,English,30.03,82.12,58.41,0.3003,8.212,12.510635999999998
6562,15,10,History,29.65,92.09,72.55,0.2965,9.209,5.564684999999997
6562,15,10,Geography,33.18,83.44,58.88,0.3318,8.344,11.065392
6752,15,10,Mathematics,85.7,59.21,61.55,0.857,5.921,5.8329699999999995
6752,15,10,Science,84.04,67.22,66.87,0.8404,6.7219999999999995,5.231687999999998
6752,15,10,English,83.43,56.58,62.63,0.8343,5.6579999999999995,7.1946939999999975
6752,15,10,History,86.57,72.46,70.59,0.8656999999999999,7.2459999999999996,3.6986220000000025
6752,15,10,Geography,81.81,58.46,60.51,0.8181,5.846,7.556125999999999
3902,15,10,Mathematics,64.18,92.81,80.73,0.6418,9.281,2.575457999999999
3902,15,10,Science,66.31,95.17,82.04,0.6631,9.517,1.627226999999999
3902,15,10,English,62.92,84.47,75.3,0.6292,8.447,5.7585239999999995
3902,15,10,History,65.92,82.73,74.69,0.6592,8.273,5.885615999999999
3902,15,10,Geography,59.34,79.87,67.88,0.5934,7.987,8.184857999999997
6179,15,10,Mathematics,92.7,84.21,78.61,0.927,8.421,1.1526699999999999
6179,15,10,Science,94.32,72.24,69.21,0.9431999999999999,7.223999999999999,1.5767680000000022
6179,15,10,English,96.1,74.3,74.76,0.961,7.43,1.0023000000000015
6179,15,10,History,98.17,81.95,81.76,0.9817,8.195,0.33031499999999964
6179,15,10,Geography,92.91,70.02,65.48,0.9290999999999999,7.002,2.1255820000000014
6766,15,10,Mathematics,57.19,83.76,68.56,0.5719,8.376000000000001,6.952343999999998
6766,15,10,Science,57.86,70.78,60.6,0.5786,7.078,12.313308
6766,15,10,English,52.28,80.34,65.19,0.5228,8.034,9.381751999999999
6766,15,10,History,50.44,80.75,65.79,0.5044,8.075,9.5403
6766,15,10,Geography,53.37,85.54,74.88,0.5337,8.554,6.742697999999997
9307,15,10,Mathematics,83.01,79.16,67.8,0.8301000000000001,7.9159999999999995,3.5407159999999993
9307,15,10,Science,87.08,69.82,76.6,0.8708,6.981999999999999,3.8992560000000016
9307,15,10,English,83.34,60.51,62.72,0.8334,6.051,6.579033999999999
9307,15,10,History,84.91,76.06,79.45,0.8491,7.606,3.6125460000000005
9307,15,10,Geography,86.13,70.26,69.52,0.8613,7.026000000000001,4.124938000000001
9214,15,10,Mathematics,96.48,77.78,73.86,0.9648,7.7780000000000005,0.7821439999999992
9214,15,10,Science,100.0,89.47,89.36,1.0,8.947,0.0
9214,15,10,English,100.0,93.67,85.65,1.0,9.367,0.0
9214,15,10,History,100.0,94.22,80.75,1.0,9.422,0.0
9214,15,10,Geography,94.59,88.63,85.29,0.9459000000000001,8.863,0.6151169999999998
5059,15,10,Mathematics,69.02,77.99,68.51,0.6901999999999999,7.7989999999999995,6.818698000000003
5059,15,10,Science,76.23,72.7,68.59,0.7623000000000001,7.2700000000000005,6.489209999999998
5059,15,10,English,74.71,76.1,73.02,0.7471,7.609999999999999,6.044310000000003
5059,15,10,History,68.2,74.63,59.18,0.682,7.462999999999999,8.06766
5059,15,10,Geography,75.18,60.8,58.97,0.7518,6.08,9.729439999999999
7697,15,10,Mathematics,23.54,91.65,63.44,0.2354,9.165000000000001,6.3844099999999955
7697,15,10,Science,16.26,94.48,69.01,0.16260000000000002,9.448,4.622447999999997
7697,15,10,English,16.42,96.18,66.89,0.1642,9.618,3.1927559999999944
7697,15,10,History,15.78,82.2,56.8,0.1578,8.22,14.991159999999997
7697,15,10,Geography,21.99,97.77,69.45,0.21989999999999998,9.777,1.739623000000003
5128,15,10,Mathematics,92.06,94.44,88.93,0.9206,9.443999999999999,0.4414640000000001
5128,15,10,Science,91.62,83.89,74.1,0.9162,8.389,1.3500179999999993
5128,15,10,English,92.25,94.01,95.08,0.9225,9.401,0.46422499999999955
5128,15,10,History,96.56,83.23,79.14,0.9656,8.323,0.5768879999999995
5128,15,10,Geography,96.09,93.91,91.12,0.9609000000000001,9.391,0.23811899999999994
3112,15,10,Mathematics,97.45,69.8,72.54,0.9745,6.9799999999999995,0.7700999999999992
3112,15,10,Science,93.22,61.11,64.04,0.9322,6.111,2.6367420000000004
3112,15,10,English,95.21,55.02,52.72,0.9521,5.502000000000001,2.154542000000003
3112,15,10,History,93.65,51.03,51.72,0.9365000000000001,5.103,3.109594999999997
3112,15,10,Geography,96.9,55.58,52.12,0.9690000000000001,5.558,1.3770199999999975
9331,15,10,Mathematics,52.76,89.0,64.24,0.5276,8.9,5.1964
9331,15,10,Science,53.52,81.14,66.73,0.5352,8.114,8.766127999999998
9331,15,10,English,56.33,78.33,62.78,0.5633,7.833,9.463289000000001
9331,15,10,History,50.11,74.81,54.68,0.5011,7.481,12.567290999999997
9331,15,10,Geography,53.17,80.72,71.66,0.5317000000000001,8.072,9.028824
4711,15,10,Mathematics,56.45,85.25,63.92,0.5645,8.525,6.4236249999999995
4711,15,10,Science,51.65,77.34,59.68,0.5165,7.734,10.956109999999999
4711,15,10,English,56.84,76.55,66.54,0.5684,7.654999999999999,10.121020000000001
4711,15,10,History,49.17,91.31,72.52,0.4917,9.131,4.417126999999999
4711,15,10,Geography,55.76,88.85,70.08,0.5576,8.885,4.932760000000003
6517,15,10,Mathematics,98.08,73.36,69.52,0.9808,7.336,0.5114880000000004
6517,15,10,Science,100.0,68.47,68.21,1.0,6.8469999999999995,0.0
6517,15,10,English,97.06,68.31,68.81,0.9706,6.831,0.9316859999999992
6517,15,10,History,100.0,65.96,68.04,1.0,6.595999999999999,0.0
6517,15,10,Geography,94.92,57.7,65.43,0.9492,5.7700000000000005,2.148839999999999
1715,15,10,Mathematics,87.72,78.22,77.84,0.8772,7.822,2.6745840000000003
1715,15,10,Science,88.47,84.4,76.72,0.8847,8.440000000000001,1.7986799999999994
1715,15,10,English,88.73,83.07,83.7,0.8873000000000001,8.306999999999999,1.9080110000000001
1715,15,10,History,88.19,81.44,75.28,0.8819,8.144,2.1919360000000006
1715,15,10,Geography,89.35,67.78,61.16,0.8935,6.7780000000000005,3.4314300000000015
8684,15,10,Mathematics,74.56,0.0,15.31,0.7456,0.0,25.44
8684,15,10,Science,68.38,4.07,14.99,0.6838,0.40700000000000003,30.33306600000001
8684,15,10,English,71.43,3.69,19.35,0.7143,0.369,27.515766999999997
8684,15,10,History,72.54,8.34,17.89,0.7254,0.834,25.16983599999999
8684,15,10,Geography,75.7,3.77,21.68,0.757,0.377,23.383889999999997
4271,15,10,Mathematics,68.49,72.24,60.47,0.6849,7.223999999999999,8.747176000000003
4271,15,10,Science,68.07,84.44,77.42,0.6807,8.443999999999999,4.968308000000002
4271,15,10,English,66.25,76.1,63.32,0.6625,7.609999999999999,8.066250000000002
4271,15,10,History,69.75,78.56,63.61,0.6975,7.856,6.4856
4271,15,10,Geography,72.05,73.49,66.6,0.7204999999999999,7.348999999999999,7.409545000000001
5670,15,10,Mathematics,56.78,69.55,58.39,0.5678,6.955,13.16049
5670,15,10,Science,56.21,77.88,70.75,0.5621,7.787999999999999,9.686348000000002
5670,15,10,English,52.91,72.0,68.01,0.5291,7.2,13.1852
5670,15,10,History,57.59,67.58,63.11,0.5759000000000001,6.758,13.749322
5670,15,10,Geography,51.85,75.25,63.71,0.5185,7.525,11.917124999999999
6727,15,10,Mathematics,72.15,63.01,59.27,0.7215,6.301,10.301715
6727,15,10,Science,70.45,58.57,55.8,0.7045,5.857,12.242564999999999
6727,15,10,English,71.6,53.16,53.41,0.716,5.316,13.302560000000003
6727,15,10,History,68.96,67.56,59.07,0.6896,6.756,10.069376
6727,15,10,Geography,69.45,53.96,57.83,0.6945,5.396,14.06522
4678,15,10,Mathematics,35.21,92.37,66.25,0.3521,9.237,4.943476999999996
4678,15,10,Science,30.4,78.29,62.64,0.304,7.829000000000001,15.110159999999993
4678,15,10,English,38.31,79.41,59.33,0.3831,7.941,12.701971
4678,15,10,History,35.62,91.4,74.23,0.35619999999999996,9.14,5.536679999999995
4678,15,10,Geography,38.14,83.15,66.8,0.3814,8.315000000000001,10.423409999999997
8685,15,10,Mathematics,81.19,80.41,80.62,0.8119,8.041,3.684879000000001
8685,15,10,Science,89.47,83.78,74.36,0.8946999999999999,8.378,1.707966
8685,15,10,English,81.8,79.83,82.43,0.818,7.983,3.670940000000001
8685,15,10,History,83.75,94.32,79.25,0.8375,9.431999999999999,0.9230000000000012
8685,15,10,Geography,83.82,93.52,80.46,0.8382,9.352,1.048464000000001
2821,15,10,Mathematics,85.54,78.83,74.86,0.8554,7.883,3.0611819999999987
2821,15,10,Science,85.46,78.63,82.5,0.8545999999999999,7.8629999999999995,3.107198000000002
2821,15,10,English,84.06,82.54,75.91,0.8406,8.254000000000001,2.7831239999999986
2821,15,10,History,90.86,86.11,71.83,0.9086,8.611,1.269546
2821,15,10,Geography,89.79,80.46,74.45,0.8979,8.046,1.9950339999999995
2029,15,10,Mathematics,58.71,70.61,66.85,0.5871,7.061,12.135131
2029,15,10,Science,51.46,60.12,51.42,0.5146000000000001,6.012,19.357752
2029,15,10,English,51.21,72.49,61.64,0.5121,7.249,13.422129000000002
2029,15,10,History,56.64,64.62,52.16,0.5664,6.462000000000001,15.340767999999999
2029,15,10,Geography,59.23,74.11,60.74,0.5922999999999999,7.411,10.555353
5772,15,10,Mathematics,83.34,84.41,74.02,0.8334,8.440999999999999,2.5972939999999998
5772,15,10,Science,88.79,84.87,77.53,0.8879,8.487,1.6960729999999986
5772,15,10,English,80.8,96.68,73.76,0.8079999999999999,9.668000000000001,0.6374399999999988
5772,15,10,History,83.47,81.22,74.8,0.8347,8.122,3.1043340000000006
5772,15,10,Geography,86.48,88.36,72.89,0.8648,8.836,1.5737279999999996
9576,15,10,Mathematics,50.1,70.32,55.37,0.501,7.031999999999999,14.810320000000004
9576,15,10,Science,53.87,70.3,55.03,0.5387,7.029999999999999,13.700610000000001
9576,15,10,English,54.69,70.24,60.59,0.5468999999999999,7.023999999999999,13.484256000000002
9576,15,10,History,58.78,65.95,56.02,0.5878,6.595000000000001,14.035409999999999
9576,15,10,Geography,52.78,71.93,59.19,0.5278,7.1930000000000005,13.254653999999995
7338,15,10,Mathematics,25.16,79.78,63.59,0.2516,7.978,15.132648
7338,15,10,Science,21.15,82.44,61.17,0.2115,8.244,13.84606
7338,15,10,English,21.89,80.24,60.97,0.2189,8.024,15.434536000000003
7338,15,10,History,21.8,96.93,65.08,0.218,9.693000000000001,2.4007399999999945
7338,15,10,Geography,16.42,80.7,53.03,0.1642,8.07,16.13094
6447,15,10,Mathematics,50.87,76.51,69.11,0.5086999999999999,7.651000000000001,11.540636999999997
6447,15,10,Science,49.52,62.27,53.64,0.49520000000000003,6.227,19.046104
6447,15,10,English,55.61,71.91,59.57,0.5561,7.191,12.469151000000002
6447,15,10,History,52.39,76.89,59.35,0.5239,7.689,11.002671
6447,15,10,Geography,51.27,74.49,65.72,0.5127,7.449,12.431023000000003
8840,15,10,Mathematics,25.93,78.11,52.24,0.2593,7.811,16.213923
8840,15,10,Science,29.71,69.93,52.23,0.29710000000000003,6.993,21.13620299999999
8840,15,10,English,32.44,75.78,53.92,0.32439999999999997,7.578,16.363032
8840,15,10,History,29.3,73.13,56.62,0.293,7.313,18.997090000000004
8840,15,10,Geography,25.52,76.13,54.05,0.2552,7.6129999999999995,17.778376000000005
6170,15,10,Mathematics,59.14,60.24,47.02,0.5914,6.024,16.245936
6170,15,10,Science,55.44,66.23,52.78,0.5544,6.623,15.047911999999998
6170,15,10,English,60.76,78.24,64.65,0.6076,7.824,8.538624000000002
6170,15,10,History,53.54,62.08,54.84,0.5354,6.208,17.617632
6170,15,10,Geography,52.81,75.26,60.32,0.5281,7.526000000000001,11.674805999999997
10005,15,10,Mathematics,84.33,88.58,87.11,0.8432999999999999,8.858,1.7895140000000003
10005,15,10,Science,80.57,79.63,74.31,0.8057,7.962999999999999,3.9578910000000023
10005,15,10,English,75.95,84.09,72.58,0.7595000000000001,8.409,3.8263549999999986
10005,15,10,History,75.62,81.06,68.38,0.7562000000000001,8.106,4.617571999999998
10005,15,10,Geography,80.28,94.86,88.48,0.8028,9.486,1.013608
4060,15,10,Mathematics,90.91,74.89,77.46,0.9091,7.489,2.282499000000001
4060,15,10,Science,95.3,75.48,72.19,0.953,7.548,1.1524400000000006
4060,15,10,English,95.04,74.31,71.64,0.9504,7.431,1.2742239999999982
4060,15,10,History,93.5,63.07,62.51,0.935,6.307,2.4004499999999998
4060,15,10,Geography,98.23,73.24,71.02,0.9823000000000001,7.324,0.473651999999999
9937,15,10,Mathematics,83.93,92.64,87.28,0.8393,9.264,1.1827519999999994
9937,15,10,Science,77.06,82.2,72.15,0.7706000000000001,8.22,4.083319999999999
9937,15,10,English,84.2,77.22,78.41,0.8420000000000001,7.7219999999999995,3.59924
9937,15,10,History,80.51,94.32,86.28,0.8051,9.431999999999999,1.1070320000000011
9937,15,10,Geography,81.94,75.81,68.36,0.8194,7.581,4.368714
3730,15,10,Mathematics,79.39,77.18,66.08,0.7939,7.718000000000001,4.703201999999998
3730,15,10,Science,76.45,73.55,70.65,0.7645000000000001,7.3549999999999995,6.228975
3730,15,10,English,78.24,83.01,76.63,0.7824,8.301,3.6970239999999994
3730,15,10,History,74.43,82.76,76.48,0.7443000000000001,8.276,4.408267999999998
3730,15,10,Geography,75.43,73.43,66.24,0.7543000000000001,7.343000000000001,6.528248999999996
2229,15,10,Mathematics,83.28,60.19,62.45,0.8328,6.019,6.656232
2229,15,10,Science,90.0,60.11,60.58,0.9,6.011,3.989
2229,15,10,English,80.24,68.38,61.43,0.8024,6.837999999999999,6.2481120000000026
2229,15,10,History,89.29,58.11,61.27,0.8929,5.811,4.486418999999997
2229,15,10,Geography,86.18,56.91,59.56,0.8618000000000001,5.691,5.955037999999997
3068,15,10,Mathematics,45.07,82.3,59.81,0.4507,8.23,9.722610000000001
3068,15,10,Science,47.77,80.25,68.02,0.4777,8.025,10.315425
3068,15,10,English,46.79,86.32,68.98,0.4679,8.632,7.279128000000004
3068,15,10,History,52.63,79.51,64.9,0.5263,7.9510000000000005,9.706112999999997
3068,15,10,Geography,53.19,87.16,71.62,0.5318999999999999,8.716,6.010404000000002
7077,15,10,Mathematics,73.93,81.29,69.88,0.7393000000000001,8.129000000000001,4.877696999999997
7077,15,10,Science,70.01,77.06,68.03,0.7001000000000001,7.706,6.879705999999998
7077,15,10,English,71.32,91.68,81.58,0.7132,9.168000000000001,2.3861759999999985
7077,15,10,History,70.0,88.94,79.33,0.7,8.894,3.3180000000000005
7077,15,10,Geography,77.36,77.27,61.64,0.7736,7.726999999999999,5.146072000000001
5089,15,10,Mathematics,59.1,71.66,65.64,0.591,7.1659999999999995,11.59106
5089,15,10,Science,58.38,83.8,68.65,0.5838,8.379999999999999,6.74244
5089,15,10,English,62.02,83.02,69.68,0.6202000000000001,8.302,6.449004000000001
5089,15,10,History,56.46,74.93,68.48,0.5646,7.493,10.915477999999997
5089,15,10,Geography,61.99,84.76,72.02,0.6199,8.476,5.792723999999997
8311,15,10,Mathematics,85.88,68.24,71.18,0.8588,6.824,4.484512000000002
8311,15,10,Science,86.15,72.39,73.47,0.8615,7.239,3.8239849999999986
8311,15,10,English,84.89,69.14,69.01,0.8489,6.914,4.662946
8311,15,10,History,89.24,68.33,65.86,0.8924,6.833,3.4076920000000017
8311,15,10,Geography,86.21,74.0,64.28,0.8621,7.4,3.5854000000000017
8292,15,10,Mathematics,87.57,94.73,80.73,0.8756999999999999,9.473,0.6550609999999999
8292,15,10,Science,81.91,81.58,78.99,0.8190999999999999,8.158,3.3321780000000008
8292,15,10,English,86.34,87.05,83.85,0.8634000000000001,8.705,1.76897
8292,15,10,History,90.03,89.33,80.08,0.9003,8.933,1.0637990000000002
8292,15,10,Geography,84.24,88.6,76.39,0.8423999999999999,8.86,1.7966400000000016
6922,15,10,Mathematics,18.39,62.6,50.69,0.1839,6.26,30.52214
6922,15,10,Science,24.15,69.23,46.7,0.2415,6.923,23.339044999999995
6922,15,10,English,20.41,72.73,54.57,0.2041,7.273000000000001,21.704192999999997
6922,15,10,History,24.53,62.04,52.05,0.24530000000000002,6.204,28.648411999999997
6922,15,10,Geography,24.93,72.67,55.04,0.2493,7.267,20.516630999999997
8657,15,10,Mathematics,86.51,90.37,78.36,0.8651000000000001,9.037,1.299086999999999
8657,15,10,Science,84.53,75.43,72.35,0.8453,7.543000000000001,3.8009789999999986
8657,15,10,English,87.23,78.74,72.9,0.8723000000000001,7.874,2.7149019999999995
8657,15,10,History,80.23,91.48,82.68,0.8023,9.148,1.684403999999999
8657,15,10,Geography,82.46,84.72,78.28,0.8245999999999999,8.472,2.6801120000000007
2208,15,10,Mathematics,58.73,67.9,54.27,0.5872999999999999,6.790000000000001,13.247669999999998
2208,15,10,Science,62.58,85.23,65.96,0.6258,8.523,5.526933999999999
2208,15,10,English,58.32,77.52,70.36,0.5832,7.752,9.369664000000002
2208,15,10,History,57.81,78.56,68.28,0.5781000000000001,7.856,9.045535999999998
2208,15,10,Geography,63.74,86.47,68.47,0.6374,8.647,4.905978
3114,15,10,Mathematics,54.21,79.89,68.99,0.5421,7.989,9.208369
3114,15,10,Science,48.18,90.33,70.09,0.4818,9.033,5.010994000000001
3114,15,10,English,52.22,82.0,64.36,0.5222,8.2,8.6004
3114,15,10,History,52.98,78.53,69.15,0.5297999999999999,7.853,10.095194
3114,15,10,Geography,52.72,79.35,65.07,0.5272,7.935,9.763320000000004
6669,15,10,Mathematics,85.32,91.96,82.39,0.8532,9.196,1.1802720000000015
6669,15,10,Science,87.34,83.27,81.77,0.8734000000000001,8.327,2.1180179999999997
6669,15,10,English,85.68,98.44,94.49,0.8568000000000001,9.844,0.22339200000000023
6669,15,10,History,90.53,88.4,76.64,0.9053,8.84,1.0985199999999993
6669,15,10,Geography,92.61,94.27,81.51,0.9261,9.427,0.4234470000000003
9234,15,10,Mathematics,96.03,63.4,57.16,0.9603,6.34,1.4530199999999995
9234,15,10,Science,95.43,65.39,64.66,0.9543,6.539,1.5816769999999978
9234,15,10,English,97.25,65.9,72.08,0.9725,6.590000000000001,0.9377499999999998
9234,15,10,History,97.93,74.97,71.25,0.9793000000000001,7.497,0.5181209999999983
9234,15,10,Geography,96.15,67.71,61.31,0.9615,6.770999999999999,1.2431649999999983
1674,15,10,Mathematics,55.23,77.38,58.37,0.5523,7.7379999999999995,10.126974000000002
1674,15,10,Science,54.9,86.7,77.87,0.5489999999999999,8.67,5.9982999999999995
1674,15,10,English,58.4,91.59,79.11,0.584,9.159,3.498559999999999
1674,15,10,History,50.3,89.84,69.68,0.503,8.984,5.0495199999999985
1674,15,10,Geography,55.07,91.57,76.38,0.5507,9.157,3.787599000000003
9159,15,10,Mathematics,79.1,85.39,78.6,0.7909999999999999,8.539,3.0534900000000005
9159,15,10,Science,81.4,81.3,67.0,0.8140000000000001,8.129999999999999,3.4781999999999993
9159,15,10,English,79.65,81.72,73.35,0.7965000000000001,8.172,3.719979999999999
9159,15,10,History,85.04,91.42,80.09,0.8504,9.142,1.2835679999999992
9159,15,10,Geography,79.61,91.04,85.96,0.7961,9.104000000000001,1.8269439999999988
8202,15,10,Mathematics,96.67,94.07,88.94,0.9667,9.407,0.19746900000000014
8202,15,10,Science,100.0,89.51,80.14,1.0,8.951,0.0
8202,15,10,English,100.0,84.05,78.6,1.0,8.405,0.0
8202,15,10,History,93.47,93.42,82.02,0.9347,9.342,0.429674
8202,15,10,Geography,99.88,84.28,83.2,0.9987999999999999,8.428,0.018864000000000714
6658,15,10,Mathematics,91.74,67.98,75.83,0.9174,6.798,2.6448520000000015
6658,15,10,Science,91.64,61.61,59.51,0.9164,6.161,3.209404
6658,15,10,English,100.0,73.69,73.45,1.0,7.369,0.0
6658,15,10,History,98.08,69.24,64.3,0.9808,6.9239999999999995,0.5905920000000006
6658,15,10,Geography,91.73,65.0,64.91,0.9173,6.5,2.894499999999999
8366,15,10,Mathematics,79.21,87.97,82.47,0.7920999999999999,8.797,2.501037000000001
8366,15,10,Science,77.91,72.94,70.81,0.7791,7.294,5.977554000000001
8366,15,10,English,72.51,77.14,68.3,0.7251000000000001,7.714,6.284213999999999
8366,15,10,History,76.01,81.44,70.52,0.7601,8.144,4.452544
8366,15,10,Geography,76.87,80.13,74.23,0.7687,8.013,4.595931
6123,15,10,Mathematics,80.98,0.0,19.2,0.8098000000000001,0.0,19.019999999999996
6123,15,10,Science,78.95,0.0,10.41,0.7895,0.0,21.049999999999997
6123,15,10,English,82.9,8.29,16.5,0.8290000000000001,0.829,15.682409999999996
6123,15,10,History,77.22,0.08,17.34,0.7722,0.008,22.761776
6123,15,10,Geography,77.87,0.0,16.64,0.7787000000000001,0.0,22.129999999999995
10006,15,10,Mathematics,77.16,78.86,71.55,0.7716,7.886,4.8283760000000004
10006,15,10,Science,74.26,87.26,82.7,0.7426,8.726,3.279275999999998
10006,15,10,English,78.38,94.29,83.04,0.7837999999999999,9.429,1.2345019999999989
10006,15,10,History,77.05,80.1,69.13,0.7705,8.01,4.567050000000002
10006,15,10,Geography,79.51,77.97,70.19,0.7951,7.797,4.513946999999999
5681,15,10,Mathematics,92.04,74.84,75.13,0.9204000000000001,7.484,2.0027359999999983
5681,15,10,Science,92.37,63.49,66.7,0.9237000000000001,6.349,2.7857129999999986
5681,15,10,English,91.93,64.18,59.55,0.9193000000000001,6.418000000000001,2.8906739999999966
5681,15,10,History,90.27,64.08,62.6,0.9027,6.4079999999999995,3.4950160000000015
5681,15,10,Geography,90.01,61.25,66.5,0.9001,6.125,3.871124999999998
7563,15,10,Mathematics,93.69,84.17,81.97,0.9369,8.417,0.9988730000000002
7563,15,10,Science,87.29,96.88,87.07,0.8729,9.687999999999999,0.39655200000000035
7563,15,10,English,89.93,87.14,75.89,0.8993000000000001,8.714,1.2950019999999989
7563,15,10,History,90.06,90.45,92.33,0.9006000000000001,9.045,0.9492699999999995
7563,15,10,Geography,95.67,97.5,85.37,0.9567,9.75,0.10824999999999996
10007,15,10,Mathematics,87.96,69.96,62.62,0.8795999999999999,6.9959999999999996,3.6168160000000027
10007,15,10,Science,90.65,66.47,67.52,0.9065000000000001,6.647,3.135054999999998
10007,15,10,English,91.64,64.61,63.33,0.9164,6.461,2.958604
10007,15,10,History,86.99,54.46,54.79,0.8698999999999999,5.446,5.924754000000003
10007,15,10,Geography,93.31,59.78,68.05,0.9331,5.978,2.6907179999999986
4261,15,10,Mathematics,40.17,68.46,57.03,0.4017,6.845999999999999,18.870382000000003
4261,15,10,Science,41.93,68.91,53.61,0.4193,6.891,18.053963
4261,15,10,English,49.66,74.21,56.45,0.4966,7.420999999999999,12.982686000000003
4261,15,10,History,40.61,73.61,62.52,0.4061,7.361,15.673021
4261,15,10,Geography,47.53,75.18,56.91,0.4753,7.518000000000001,13.023053999999995
3440,15,10,Mathematics,58.45,87.93,74.17,0.5845,8.793000000000001,5.0150849999999965
3440,15,10,Science,56.45,83.26,68.85,0.5645,8.326,7.290269999999997
3440,15,10,English,63.41,88.79,73.03,0.6341,8.879000000000001,4.1017389999999985
3440,15,10,History,56.41,93.93,72.48,0.5640999999999999,9.393,2.645912999999997
3440,15,10,Geography,62.03,80.15,67.34,0.6203,8.015,7.537044999999997
9311,15,10,Mathematics,40.1,0.0,0.0,0.401,0.0,59.9
9311,15,10,Science,39.78,0.0,0.0,0.3978,0.0,60.22
9311,15,10,English,41.89,7.61,17.38,0.4189,0.761,53.687829
9311,15,10,History,43.73,6.29,12.72,0.43729999999999997,0.629,52.730617
9311,15,10,Geography,46.71,0.0,9.68,0.4671,0.0,53.29
1436,15,10,Mathematics,93.86,88.96,82.86,0.9386,8.895999999999999,0.6778560000000005
1436,15,10,Science,91.88,77.81,72.38,0.9188,7.781000000000001,1.8018280000000007
1436,15,10,English,95.15,94.53,82.0,0.9515,9.453,0.2652949999999996
1436,15,10,History,95.34,91.37,81.51,0.9534,9.137,0.4021579999999995
1436,15,10,Geography,90.2,80.6,72.19,0.902,8.059999999999999,1.9012
3421,15,10,Mathematics,91.59,83.41,84.29,0.9159,8.341,1.3952189999999995
3421,15,10,Science,84.26,89.71,73.61,0.8426,8.971,1.6196460000000004
3421,15,10,English,86.2,80.12,73.07,0.862,8.012,2.7434399999999988
3421,15,10,History,85.93,83.44,80.24,0.8593000000000001,8.344,2.329991999999999
3421,15,10,Geography,93.55,85.92,82.7,0.9355,8.592,0.9081600000000003
4340,15,10,Mathematics,58.08,75.45,64.98,0.5808,7.545,10.29136
4340,15,10,Science,58.87,78.37,68.23,0.5887,7.837000000000001,8.896418999999998
4340,15,10,English,51.91,79.04,63.61,0.5191,7.904000000000001,10.079663999999998
4340,15,10,History,50.53,70.0,57.92,0.5053,7.0,14.841
4340,15,10,Geography,53.97,83.18,62.69,0.5397,8.318000000000001,7.742245999999997
8837,15,10,Mathematics,75.14,85.44,76.45,0.7514,8.544,3.619616
8837,15,10,Science,71.81,67.81,64.35,0.7181000000000001,6.781000000000001,9.074361
8837,15,10,English,68.06,85.47,70.66,0.6806,8.547,4.640882
8837,15,10,History,71.86,71.59,61.83,0.7186,7.159000000000001,7.994573999999999
8837,15,10,Geography,74.1,83.28,77.1,0.741,8.328,4.3304800000000006
8932,15,10,Mathematics,60.06,62.28,56.84,0.6006,6.228,15.065368
8932,15,10,Science,60.26,64.8,62.83,0.6026,6.4799999999999995,13.988480000000003
8932,15,10,English,52.68,66.77,62.3,0.5268,6.677,15.724436000000003
8932,15,10,History,51.35,74.79,63.24,0.5135000000000001,7.479000000000001,12.264664999999997
8932,15,10,Geography,57.07,76.99,61.76,0.5707,7.699,9.878193000000003
9011,15,10,Mathematics,90.03,72.03,72.61,0.9003,7.203,2.7886089999999997
9011,15,10,Science,92.87,62.17,60.01,0.9287000000000001,6.2170000000000005,2.697278999999998
9011,15,10,English,93.51,74.32,73.82,0.9351,7.4319999999999995,1.666631999999999
9011,15,10,History,94.55,69.77,70.5,0.9455,6.976999999999999,1.647535000000001
9011,15,10,Geography,95.54,73.66,72.99,0.9554,7.366,1.1747639999999986
7464,15,10,Mathematics,86.54,81.91,74.72,0.8654000000000001,8.190999999999999,2.4349139999999996
7464,15,10,Science,80.93,76.74,76.43,0.8093,7.6739999999999995,4.435681999999999
7464,15,10,English,87.91,76.54,74.22,0.8791,7.654000000000001,2.836314
7464,15,10,History,79.8,69.82,68.28,0.7979999999999999,6.981999999999999,6.0963600000000016
7464,15,10,Geography,84.95,86.82,77.75,0.8495,8.681999999999999,1.9835900000000006
8849,15,10,Mathematics,50.54,86.82,70.77,0.5054,8.681999999999999,6.518828000000003
8849,15,10,Science,49.99,84.17,68.18,0.4999,8.417,7.916582999999998
8849,15,10,English,54.8,78.36,58.34,0.5479999999999999,7.836,9.78128
8849,15,10,History,47.55,89.06,69.74,0.4755,8.906,5.738029999999998
8849,15,10,Geography,51.96,76.91,63.36,0.5196000000000001,7.691,11.092436000000003
4972,15,10,Mathematics,95.08,95.09,87.66,0.9508,9.509,0.24157199999999993
4972,15,10,Science,96.85,92.68,82.16,0.9684999999999999,9.268,0.2305800000000002
4972,15,10,English,97.5,98.97,97.82,0.975,9.897,0.02575000000000003
4972,15,10,History,95.56,83.76,75.74,0.9556,8.376000000000001,0.7210559999999994
4972,15,10,Geography,92.03,98.24,91.22,0.9203,9.824,0.1402720000000004
3252,15,10,Mathematics,95.24,69.05,66.72,0.9523999999999999,6.904999999999999,1.4732200000000018
3252,15,10,Science,97.66,65.46,70.06,0.9765999999999999,6.545999999999999,0.8082360000000013
3252,15,10,English,90.35,63.33,55.52,0.9035,6.333,3.538655000000002
3252,15,10,History,87.99,54.68,49.67,0.8798999999999999,5.468,5.442932000000002
3252,15,10,Geography,88.83,57.09,57.44,0.8883,5.7090000000000005,4.7930470000000005
5676,15,10,Mathematics,93.27,93.53,85.28,0.9327,9.353,0.4354310000000002
5676,15,10,Science,94.21,95.62,79.38,0.9420999999999999,9.562000000000001,0.25360200000000005
5676,15,10,English,100.0,96.8,90.57,1.0,9.68,0.0
5676,15,10,History,98.29,80.76,75.91,0.9829000000000001,8.076,0.3290039999999987
5676,15,10,Geography,95.74,99.52,85.31,0.9573999999999999,9.952,0.020448000000000195
3880,15,10,Mathematics,21.92,70.46,52.85,0.2192,7.045999999999999,23.064832000000006
3880,15,10,Science,25.49,56.41,44.35,0.25489999999999996,5.641,32.478909
3880,15,10,English,24.06,55.1,49.94,0.24059999999999998,5.51,34.09706
3880,15,10,History,25.56,73.12,52.03,0.2556,7.312,20.009471999999995
3880,15,10,Geography,26.64,63.84,54.53,0.2664,6.384,26.526975999999994
6489,15,10,Mathematics,93.4,64.55,65.54,0.934,6.455,2.3396999999999983
6489,15,10,Science,91.23,74.11,66.86,0.9123,7.411,2.270552999999999
6489,15,10,English,87.86,77.05,77.17,0.8786,7.705,2.7861300000000004
6489,15,10,History,87.77,62.72,61.85,0.8776999999999999,6.272,4.559344000000001
6489,15,10,Geography,90.05,68.86,60.7,0.9005,6.886,3.098430000000001
6417,15,10,Mathematics,94.11,68.67,69.22,0.9411,6.867,1.845337
6417,15,10,Science,92.46,62.45,61.1,0.9246,6.245,2.831270000000002
6417,15,10,English,87.68,60.81,63.14,0.8768,6.081,4.8282079999999965
6417,15,10,History,87.05,60.37,61.93,0.8704999999999999,6.037,5.132085000000002
6417,15,10,Geography,90.35,61.87,62.96,0.9035,6.186999999999999,3.6795450000000023
3875,15,10,Mathematics,67.01,90.33,73.49,0.6701,9.033,3.1901330000000003
3875,15,10,Science,68.05,96.0,81.01,0.6805,9.6,1.278
3875,15,10,English,70.14,92.14,72.83,0.7014,9.214,2.346996
3875,15,10,History,67.65,85.17,72.09,0.6765000000000001,8.517,4.797504999999998
3875,15,10,Geography,71.21,80.89,68.6,0.7121,8.089,5.501769000000001
10008,15,10,Mathematics,58.52,55.61,51.75,0.5852,5.561,18.412972
10008,15,10,Science,64.45,64.61,56.39,0.6445000000000001,6.461,12.581145
10008,15,10,English,61.13,55.56,46.68,0.6113000000000001,5.556,17.273827999999998
10008,15,10,History,62.54,62.82,53.23,0.6254,6.282,13.927628
10008,15,10,Geography,59.37,61.64,48.2,0.5937,6.164,15.585668
5285,15,10,Mathematics,94.21,94.38,86.21,0.9420999999999999,9.437999999999999,0.32539800000000063
5285,15,10,Science,90.84,88.33,79.87,0.9084,8.833,1.0689719999999996
5285,15,10,English,87.68,80.88,77.93,0.8768,8.088,2.355583999999999
5285,15,10,History,88.31,87.35,79.7,0.8831,8.735,1.4787850000000002
5285,15,10,Geography,87.9,76.05,74.19,0.879,7.6049999999999995,2.897949999999999
2923,15,10,Mathematics,94.01,80.5,75.16,0.9401,8.05,1.168049999999999
2923,15,10,Science,86.05,89.96,81.0,0.8604999999999999,8.995999999999999,1.400580000000001
2923,15,10,English,91.07,83.27,78.66,0.9107,8.327,1.4939890000000013
2923,15,10,History,88.7,94.0,87.91,0.887,9.4,0.6779999999999998
2923,15,10,Geography,88.42,97.57,99.81,0.8842,9.757,0.28139400000000075
7813,15,10,Mathematics,83.54,99.95,92.26,0.8354,9.995000000000001,0.00822999999999953
7813,15,10,Science,82.15,87.91,78.5,0.8215,8.791,2.158065
7813,15,10,English,91.42,80.9,81.08,0.9142,8.09,1.6387799999999992
7813,15,10,History,81.94,84.84,76.7,0.8194,8.484,2.7378959999999997
7813,15,10,Geography,89.46,94.67,95.16,0.8946,9.467,0.5617820000000002
2279,15,10,Mathematics,90.4,71.82,70.54,0.904,7.1819999999999995,2.7052799999999992
2279,15,10,Science,87.44,76.01,73.76,0.8744,7.601000000000001,3.0131439999999996
2279,15,10,English,88.43,62.06,59.06,0.8843000000000001,6.206,4.389657999999997
2279,15,10,History,91.67,71.46,69.73,0.9167000000000001,7.145999999999999,2.377382
2279,15,10,Geography,89.48,69.17,67.9,0.8948,6.917,3.2433159999999988
2904,15,10,Mathematics,87.85,83.43,81.81,0.8785,8.343,2.013255
2904,15,10,Science,90.86,91.08,81.77,0.9086,9.108,0.8152880000000002
2904,15,10,English,89.61,89.14,83.33,0.8961,8.914,1.128354
2904,15,10,History,88.52,94.01,83.25,0.8852,9.401,0.6876519999999996
2904,15,10,Geography,88.67,91.46,82.83,0.8867,9.145999999999999,0.9675820000000006
8484,15,10,Mathematics,69.97,89.72,70.92,0.6997,8.972,3.0870840000000004
8484,15,10,Science,74.84,84.48,80.87,0.7484000000000001,8.448,3.9048319999999985
8484,15,10,English,69.7,73.73,66.78,0.6970000000000001,7.373,7.959809999999997
8484,15,10,History,71.92,87.37,71.65,0.7192000000000001,8.737,3.5465039999999988
8484,15,10,Geography,69.71,74.87,67.15,0.6970999999999999,7.487,7.611877000000001
10009,15,10,Mathematics,86.95,79.74,73.39,0.8695,7.973999999999999,2.64393
10009,15,10,Science,82.44,93.83,84.69,0.8244,9.383,1.0834520000000005
10009,15,10,English,84.35,76.71,69.47,0.8434999999999999,7.670999999999999,3.644885000000002
10009,15,10,History,89.57,76.39,72.31,0.8956999999999999,7.639,2.462523000000002
10009,15,10,Geography,86.88,83.6,84.28,0.8687999999999999,8.36,2.1516800000000016
5703,15,10,Mathematics,93.46,62.04,61.03,0.9346,6.204,2.4825840000000023
5703,15,10,Science,100.0,54.46,53.41,1.0,5.446,0.0
5703,15,10,English,99.51,69.44,72.17,0.9951000000000001,6.944,0.14974399999999843
5703,15,10,History,100.0,61.38,67.78,1.0,6.138,0.0
5703,15,10,Geography,94.88,52.89,54.99,0.9488,5.289,2.412032000000002
10010,15,10,Mathematics,49.92,59.67,49.16,0.49920000000000003,5.9670000000000005,20.197263999999997
10010,15,10,Science,46.01,63.84,47.2,0.46009999999999995,6.384,19.522783999999998
10010,15,10,English,45.81,64.85,56.12,0.4581,6.484999999999999,19.047785
10010,15,10,History,40.39,68.28,55.79,0.4039,6.828,18.908292
10010,15,10,Geography,47.06,56.22,51.92,0.4706,5.622,23.177132
1372,15,10,Mathematics,69.99,53.37,58.11,0.6999,5.337,13.993663000000003
1372,15,10,Science,67.97,61.4,54.78,0.6797,6.14,12.363580000000002
1372,15,10,English,62.72,66.33,54.71,0.6272,6.633,12.552176000000001
1372,15,10,History,67.4,64.72,56.91,0.674,6.4719999999999995,11.50128
1372,15,10,Geography,61.51,66.01,54.61,0.6151,6.601000000000001,13.082750999999998
5516,15,10,Mathematics,82.13,67.15,64.78,0.8212999999999999,6.715000000000001,5.870295000000001
5516,15,10,Science,85.66,58.01,56.66,0.8565999999999999,5.801,6.021366000000001
5516,15,10,English,79.72,58.04,56.15,0.7972,5.804,8.509488000000001
5516,15,10,History,79.78,67.05,73.46,0.7978000000000001,6.705,6.66249
5516,15,10,Geography,87.13,51.28,55.98,0.8713,5.128,6.270264000000002
8314,15,10,Mathematics,87.26,63.78,62.1,0.8726,6.378,4.614427999999998
8314,15,10,Science,89.56,62.08,60.6,0.8956000000000001,6.208,3.9588479999999993
8314,15,10,English,91.87,63.17,58.11,0.9187000000000001,6.317,2.994278999999998
8314,15,10,History,91.19,53.33,52.48,0.9118999999999999,5.333,4.111627000000001
8314,15,10,Geography,84.04,52.0,50.07,0.8404,5.2,7.660799999999997
3295,15,10,Mathematics,77.87,0.0,14.96,0.7787000000000001,0.0,22.129999999999995
3295,15,10,Science,83.09,0.0,18.64,0.8309000000000001,0.0,16.909999999999997
3295,15,10,English,82.26,1.56,25.55,0.8226,0.156,17.463255999999994
3295,15,10,History,86.27,0.0,13.17,0.8626999999999999,0.0,13.730000000000004
3295,15,10,Geography,86.9,5.02,13.06,0.8690000000000001,0.502,12.442379999999996
7775,15,10,Mathematics,93.99,61.33,65.85,0.9399,6.133,2.324067000000002
7775,15,10,Science,90.63,62.81,61.59,0.9063,6.281000000000001,3.4847030000000014
7775,15,10,English,98.18,76.04,70.28,0.9818000000000001,7.604000000000001,0.4360719999999983
7775,15,10,History,92.48,72.03,66.32,0.9248000000000001,7.203,2.1033439999999985
7775,15,10,Geography,95.59,78.99,75.03,0.9559000000000001,7.898999999999999,0.9265409999999996
1768,15,10,Mathematics,42.42,80.81,69.74,0.4242,8.081,11.049601999999998
1768,15,10,Science,49.28,89.1,71.66,0.4928,8.91,5.528480000000003
1768,15,10,English,43.47,91.91,68.46,0.4347,9.190999999999999,4.573277000000002
1768,15,10,History,43.24,92.54,69.35,0.4324,9.254000000000001,4.234295999999997
1768,15,10,Geography,44.77,79.16,58.19,0.44770000000000004,7.9159999999999995,11.509932000000001
4948,15,10,Mathematics,63.28,72.61,60.96,0.6328,7.261,10.057608
4948,15,10,Science,66.08,84.35,66.35,0.6607999999999999,8.434999999999999,5.308480000000002
4948,15,10,English,63.85,79.15,63.41,0.6385000000000001,7.915000000000001,7.5372749999999975
4948,15,10,History,65.01,77.88,71.42,0.6501,7.787999999999999,7.739788000000001
4948,15,10,Geography,65.2,72.77,58.23,0.652,7.276999999999999,9.476040000000001
7363,15,10,Mathematics,55.34,78.13,68.9,0.5534,7.813,9.767142000000002
7363,15,10,Science,58.51,82.91,68.17,0.5851,8.291,7.0906410000000015
7363,15,10,English,58.99,96.54,73.61,0.5899,9.654,1.4189459999999974
7363,15,10,History,58.3,86.03,71.03,0.583,8.603,5.825489999999999
7363,15,10,Geography,59.09,83.55,66.9,0.5909,8.355,6.729695
1844,15,10,Mathematics,73.88,91.93,79.86,0.7387999999999999,9.193000000000001,2.1078839999999985
1844,15,10,Science,71.61,86.67,70.24,0.7161,8.667,3.7843869999999997
1844,15,10,English,74.15,77.85,73.89,0.7415,7.784999999999999,5.725775
1844,15,10,History,73.48,84.6,80.41,0.7348,8.459999999999999,4.084080000000001
1844,15,10,Geography,76.12,93.58,76.15,0.7612000000000001,9.358,1.5330960000000002
8854,15,10,Mathematics,53.79,70.9,56.6,0.5379,7.090000000000001,13.447109999999999
8854,15,10,Science,48.55,76.95,67.22,0.4855,7.695,11.859224999999999
8854,15,10,English,50.47,83.6,66.8,0.5047,8.36,8.122920000000002
8854,15,10,History,49.44,69.53,60.55,0.49439999999999995,6.953,15.405632
8854,15,10,Geography,48.69,80.54,65.6,0.4869,8.054,9.984925999999996
4974,15,10,Mathematics,84.45,74.45,73.23,0.8445,7.445,3.973024999999999
4974,15,10,Science,86.36,73.58,69.41,0.8636,7.358,3.603688
4974,15,10,English,84.15,69.49,63.44,0.8415,6.949,4.835834999999999
4974,15,10,History,85.55,77.14,69.83,0.8554999999999999,7.714,3.3032700000000004
4974,15,10,Geography,88.49,73.32,63.1,0.8848999999999999,7.331999999999999,3.070868000000002
6053,15,10,Mathematics,61.68,86.63,64.85,0.6168,8.663,5.123384000000002
6053,15,10,Science,62.48,80.63,68.19,0.6248,8.062999999999999,7.267624000000001
6053,15,10,English,68.33,80.04,72.58,0.6833,8.004000000000001,6.321331999999999
6053,15,10,History,63.68,79.74,70.01,0.6368,7.973999999999999,7.358432000000001
6053,15,10,Geography,61.01,86.6,74.26,0.6101,8.66,5.224660000000003
7073,15,10,Mathematics,53.19,79.89,61.78,0.5318999999999999,7.989,9.413491
7073,15,10,Science,51.66,84.46,75.04,0.5166,8.446,7.512036000000004
7073,15,10,English,46.83,95.17,71.6,0.4683,9.517,2.568110999999999
7073,15,10,History,50.84,77.36,63.38,0.5084000000000001,7.736,11.129824
7073,15,10,Geography,50.82,82.61,67.56,0.5082,8.261,8.552402
5836,15,10,Mathematics,90.77,92.13,87.37,0.9077,9.213,0.7264010000000007
5836,15,10,Science,93.43,80.72,73.06,0.9343,8.072,1.2666959999999987
5836,15,10,English,94.04,99.45,91.61,0.9404,9.945,0.032779999999999795
5836,15,10,History,91.79,85.49,75.52,0.9179,8.549,1.1912709999999995
5836,15,10,Geography,91.19,85.53,78.02,0.9118999999999999,8.553,1.2748070000000002
5216,15,10,Mathematics,60.17,69.78,55.87,0.6017,6.978,12.036625999999998
5216,15,10,Science,55.02,62.39,55.87,0.5502,6.239,16.916978
5216,15,10,English,63.86,60.44,59.87,0.6386,6.044,14.296984
5216,15,10,History,58.55,68.43,51.67,0.5855,6.843000000000001,13.085764999999999
5216,15,10,Geography,61.41,67.42,59.72,0.6141,6.742,12.572622
9882,15,10,Mathematics,95.99,77.72,70.89,0.9599,7.772,0.8934280000000012
9882,15,10,Science,93.89,93.86,89.88,0.9389,9.386,0.375154
9882,15,10,English,86.98,79.76,80.96,0.8698,7.976000000000001,2.6352479999999985
9882,15,10,History,96.12,80.93,77.56,0.9612,8.093,0.7399159999999989
9882,15,10,Geography,94.06,82.81,71.51,0.9406,8.281,1.0210859999999995
2113,15,10,Mathematics,67.37,76.23,61.86,0.6737000000000001,7.623,7.756150999999997
2113,15,10,Science,59.6,67.85,58.44,0.596,6.784999999999999,12.988600000000002
2113,15,10,English,60.72,71.48,56.43,0.6072,7.148000000000001,11.202656
2113,15,10,History,67.21,61.81,58.7,0.6720999999999999,6.181,12.522501000000002
2113,15,10,Geography,67.58,77.2,63.03,0.6758,7.720000000000001,7.39176
8993,15,10,Mathematics,66.41,79.34,72.11,0.6640999999999999,7.934,6.939693999999999
8993,15,10,Science,73.02,78.83,64.91,0.7302,7.883,5.711666000000001
8993,15,10,English,75.68,76.79,68.91,0.7568,7.679,5.644671999999997
8993,15,10,History,68.42,61.36,51.0,0.6842,6.136,12.202511999999999
8993,15,10,Geography,74.12,61.83,62.38,0.7412000000000001,6.183,9.878395999999999
1280,15,10,Mathematics,80.93,76.92,75.18,0.8093,7.692,4.401355999999998
1280,15,10,Science,80.87,94.88,84.06,0.8087000000000001,9.488,0.9794560000000007
1280,15,10,English,85.05,93.31,92.49,0.8504999999999999,9.331,1.000155
1280,15,10,History,86.96,80.94,75.91,0.8695999999999999,8.094,2.4854240000000014
1280,15,10,Geography,85.29,78.46,72.65,0.8529000000000001,7.845999999999999,3.1685339999999997
6807,15,10,Mathematics,78.85,87.91,75.37,0.7885,8.791,2.5570350000000013
6807,15,10,Science,82.34,79.08,71.32,0.8234,7.9079999999999995,3.6944719999999993
6807,15,10,English,81.65,91.57,83.07,0.8165,9.157,1.5469050000000006
6807,15,10,History,82.2,89.81,77.28,0.8220000000000001,8.981,1.813819999999999
6807,15,10,Geography,77.7,83.73,75.9,0.777,8.373000000000001,3.6282099999999984
5914,15,10,Mathematics,27.09,50.34,40.49,0.2709,5.034000000000001,36.207105999999996
5914,15,10,Science,27.81,51.51,42.23,0.2781,5.151,35.004931
5914,15,10,English,28.64,54.08,43.82,0.2864,5.4079999999999995,32.768512
5914,15,10,History,29.57,60.25,43.49,0.2957,6.025,27.995925000000003
5914,15,10,Geography,29.77,63.74,55.1,0.2977,6.3740000000000006,25.465398
3807,15,10,Mathematics,72.81,2.55,14.95,0.7281,0.255,26.496655
3807,15,10,Science,73.94,0.47,12.42,0.7394,0.047,25.937518000000004
3807,15,10,English,75.07,9.3,23.3,0.7506999999999999,0.93,22.611510000000006
3807,15,10,History,76.58,0.0,16.07,0.7658,0.0,23.42
3807,15,10,Geography,71.32,6.55,10.84,0.7132,0.655,26.801460000000006
8790,15,10,Mathematics,79.18,72.2,68.89,0.7918000000000001,7.220000000000001,5.787959999999997
8790,15,10,Science,71.95,72.43,68.15,0.7195,7.243,7.7333849999999975
8790,15,10,English,78.11,73.64,80.52,0.7811,7.364,5.770204
8790,15,10,History,76.65,73.67,70.89,0.7665000000000001,7.367,6.1480549999999985
8790,15,10,Geography,72.42,81.68,69.53,0.7242000000000001,8.168000000000001,5.052655999999998
4394,15,10,Mathematics,51.88,85.77,70.9,0.5188,8.577,6.847476000000001
4394,15,10,Science,55.84,76.82,62.95,0.5584,7.6819999999999995,10.236288000000002
4394,15,10,English,53.99,82.53,69.48,0.5399,8.253,8.037946999999999
4394,15,10,History,49.7,87.49,68.57,0.49700000000000005,8.748999999999999,6.292530000000003
4394,15,10,Geography,54.57,78.65,65.61,0.5457,7.865,9.699304999999997
7288,15,10,Mathematics,85.24,87.01,74.54,0.8523999999999999,8.701,1.9173239999999998
7288,15,10,Science,79.32,80.69,73.1,0.7931999999999999,8.068999999999999,3.9933080000000016
7288,15,10,English,78.55,97.97,78.33,0.7855,9.797,0.4354350000000003
7288,15,10,History,78.13,80.52,68.04,0.7813,8.052,4.260276000000002
7288,15,10,Geography,84.22,85.39,81.08,0.8422,8.539,2.3054580000000002
7499,15,10,Mathematics,89.31,80.85,76.14,0.8931,8.084999999999999,2.047135
7499,15,10,Science,93.62,67.76,65.82,0.9362,6.776000000000001,2.0569119999999983
7499,15,10,English,88.66,80.22,72.09,0.8865999999999999,8.022,2.2430520000000005
7499,15,10,History,89.76,70.89,74.35,0.8976000000000001,7.089,2.9808639999999986
7499,15,10,Geography,89.46,75.14,75.28,0.8946,7.514,2.6202440000000013
4043,15,10,Mathematics,79.51,82.33,71.07,0.7951,8.233,3.620582999999999
4043,15,10,Science,81.94,76.43,70.34,0.8194,7.643000000000001,4.256741999999999
4043,15,10,English,79.07,73.55,70.59,0.7907,7.3549999999999995,5.535985000000003
4043,15,10,History,77.58,88.34,82.27,0.7757999999999999,8.834,2.614171999999999
4043,15,10,Geography,80.95,89.1,81.96,0.8095,8.91,2.076450000000001
3527,15,10,Mathematics,88.67,0.91,13.24,0.8867,0.091,11.226897
3527,15,10,Science,88.13,7.04,25.31,0.8813,0.704,11.034352000000004
3527,15,10,English,86.34,3.25,23.4,0.8634000000000001,0.325,13.216049999999996
3527,15,10,History,88.59,2.75,22.14,0.8859,0.275,11.096224999999997
3527,15,10,Geography,82.58,5.54,22.29,0.8258,0.554,16.454932
2674,15,10,Mathematics,55.32,59.69,56.77,0.5532,5.968999999999999,18.010508
2674,15,10,Science,58.85,51.75,46.08,0.5885,5.175,19.854875
2674,15,10,English,51.64,53.75,47.65,0.5164,5.375,22.366500000000002
2674,15,10,History,58.28,60.24,53.58,0.5828,6.024,16.587872
2674,15,10,Geography,58.66,63.12,53.95,0.5866,6.311999999999999,15.246192000000002
2468,15,10,Mathematics,84.54,80.34,71.13,0.8454,8.034,3.0394359999999985
2468,15,10,Science,77.23,76.23,71.96,0.7723,7.623,5.412428999999999
2468,15,10,English,82.76,93.02,85.8,0.8276,9.302,1.2033520000000002
2468,15,10,History,84.74,92.65,81.68,0.8473999999999999,9.265,1.1216099999999996
2468,15,10,Geography,82.68,95.7,86.12,0.8268000000000001,9.57,0.7447599999999993
2387,15,10,Mathematics,82.23,58.39,60.72,0.8223,5.839,7.394096999999999
2387,15,10,Science,91.72,63.65,60.79,0.9172,6.365,3.0097800000000006
2387,15,10,English,91.73,72.56,67.1,0.9173,7.256,2.2692879999999986
2387,15,10,History,85.34,59.65,59.4,0.8534,5.965,5.915309999999998
2387,15,10,Geography,85.05,71.38,65.93,0.8504999999999999,7.138,4.278690000000001
3390,15,10,Mathematics,90.09,81.7,76.26,0.9009,8.17,1.8135299999999992
3390,15,10,Science,93.13,84.86,78.06,0.9312999999999999,8.486,1.0401180000000008
3390,15,10,English,94.39,81.92,74.36,0.9439,8.192,1.0142879999999999
3390,15,10,History,92.17,73.57,66.51,0.9217,7.356999999999999,2.069469
3390,15,10,Geography,88.54,75.16,74.75,0.8854000000000001,7.516,2.8466639999999988
5040,15,10,Mathematics,77.65,90.21,82.38,0.7765000000000001,9.020999999999999,2.188065000000001
5040,15,10,Science,83.41,80.73,74.97,0.8341,8.073,3.196893
5040,15,10,English,79.68,90.7,84.8,0.7968000000000001,9.07,1.8897599999999988
5040,15,10,History,79.01,85.69,80.47,0.7901,8.568999999999999,3.003669
5040,15,10,Geography,74.84,80.47,71.97,0.7484000000000001,8.047,4.913747999999999
7224,15,10,Mathematics,70.74,66.67,62.81,0.7073999999999999,6.667,9.752358000000001
7224,15,10,Science,68.96,59.71,53.33,0.6896,5.971,12.506016000000002
7224,15,10,English,62.16,56.53,51.13,0.6215999999999999,5.6530000000000005,16.449048
7224,15,10,History,65.28,58.85,58.64,0.6528,5.885,14.287279999999999
7224,15,10,Geography,68.39,61.11,53.02,0.6839,6.111,12.293128999999999
8848,15,10,Mathematics,19.8,85.18,65.33,0.198,8.518,11.885639999999993
8848,15,10,Science,20.17,84.64,62.99,0.20170000000000002,8.464,12.261887999999999
8848,15,10,English,26.47,80.72,58.16,0.2647,8.072,14.176584
8848,15,10,History,19.81,80.94,51.96,0.1981,8.094,15.284214000000002
8848,15,10,Geography,24.36,84.99,59.81,0.24359999999999998,8.498999999999999,11.353564000000004
6339,15,10,Mathematics,92.05,89.29,79.06,0.9205,8.929,0.8514449999999998
6339,15,10,Science,87.66,79.79,76.19,0.8765999999999999,7.979000000000001,2.493914
6339,15,10,English,94.04,93.81,88.47,0.9404,9.381,0.3689239999999995
6339,15,10,History,94.52,93.57,79.32,0.9451999999999999,9.357,0.3523640000000006
6339,15,10,Geography,94.53,91.67,83.33,0.9453,9.167,0.4556509999999998
1440,15,10,Mathematics,50.18,88.78,74.31,0.5018,8.878,5.589803999999999
1440,15,10,Science,47.49,78.23,64.03,0.47490000000000004,7.823,11.431426999999996
1440,15,10,English,50.35,89.83,77.01,0.5035000000000001,8.983,5.049405
1440,15,10,History,52.35,91.6,73.68,0.5235,9.16,4.002600000000003
1440,15,10,Geography,54.73,91.12,69.99,0.5473,9.112,4.019975999999998
5139,15,10,Mathematics,47.8,86.74,70.65,0.478,8.674,6.921720000000002
5139,15,10,Science,42.88,75.44,60.29,0.4288,7.544,14.028672000000002
5139,15,10,English,48.19,88.43,66.5,0.4819,8.843,5.994416999999996
5139,15,10,History,40.24,89.07,60.88,0.40240000000000004,8.907,6.531768000000004
5139,15,10,Geography,46.88,88.99,75.27,0.46880000000000005,8.899,5.848512000000003
9907,15,10,Mathematics,30.53,77.65,59.49,0.3053,7.765000000000001,15.526544999999997
9907,15,10,Science,31.97,79.63,61.31,0.3197,7.962999999999999,13.857711000000004
9907,15,10,English,27.42,87.51,66.78,0.2742,8.751000000000001,9.065241999999996
9907,15,10,History,24.64,93.42,66.49,0.2464,9.342,4.958687999999999
9907,15,10,Geography,31.43,88.11,70.45,0.3143,8.811,8.152973
1725,15,10,Mathematics,29.33,77.81,63.68,0.2933,7.781000000000001,15.681672999999998
1725,15,10,Science,30.37,85.06,64.56,0.3037,8.506,10.402721999999999
1725,15,10,English,28.96,93.62,71.95,0.2896,9.362,4.532351999999996
1725,15,10,History,30.22,83.09,61.77,0.30219999999999997,8.309000000000001,11.799798
1725,15,10,Geography,32.04,90.82,66.78,0.3204,9.081999999999999,6.238728000000005
8303,15,10,Mathematics,55.08,79.92,65.01,0.5508,7.992,9.019936
8303,15,10,Science,63.16,89.66,72.67,0.6315999999999999,8.966,3.8092560000000013
8303,15,10,English,54.76,81.53,62.41,0.5476,8.153,8.355828
8303,15,10,History,53.71,85.67,66.41,0.5371,8.567,6.633356999999998
8303,15,10,Geography,59.59,93.09,82.39,0.5959,9.309000000000001,2.7923309999999986
5840,15,10,Mathematics,58.2,61.98,42.76,0.5820000000000001,6.1979999999999995,15.892360000000002
5840,15,10,Science,60.92,60.04,56.72,0.6092,6.004,15.616368
5840,15,10,English,55.8,67.26,57.44,0.5579999999999999,6.726000000000001,14.471079999999999
5840,15,10,History,56.24,73.92,56.8,0.5624,7.392,11.412607999999999
5840,15,10,Geography,58.85,57.33,52.32,0.5885,5.733,17.558705
6706,15,10,Mathematics,88.87,76.28,77.8,0.8887,7.628,2.640035999999999
6706,15,10,Science,86.1,80.78,70.15,0.861,8.078,2.6715800000000005
6706,15,10,English,86.28,82.53,68.95,0.8628,8.253,2.3968839999999996
6706,15,10,History,89.72,67.2,70.02,0.8972,6.720000000000001,3.37184
6706,15,10,Geography,90.78,79.37,69.06,0.9078,7.937,1.9020859999999993
1370,15,10,Mathematics,58.41,83.21,69.13,0.5841,8.321,6.982961000000004
1370,15,10,Science,60.25,92.37,73.48,0.6025,9.237,3.032924999999998
1370,15,10,English,64.68,90.52,83.65,0.6468,9.052,3.348336000000001
1370,15,10,History,59.57,99.59,80.19,0.5957,9.959,0.1657629999999986
1370,15,10,Geography,65.95,97.39,83.78,0.6595,9.739,0.8887049999999997
8570,15,10,Mathematics,91.62,64.18,64.01,0.9162,6.418000000000001,3.001715999999998
8570,15,10,Science,90.22,59.7,57.1,0.9022,5.970000000000001,3.9413400000000003
8570,15,10,English,89.8,70.38,74.92,0.898,7.037999999999999,3.0212400000000015
8570,15,10,History,85.59,62.86,58.98,0.8559,6.286,5.351873999999999
8570,15,10,Geography,85.88,58.82,58.66,0.8588,5.882,5.814616000000002
8037,15,10,Mathematics,52.93,83.57,68.63,0.5293,8.357,7.733601000000004
8037,15,10,Science,47.02,83.97,63.91,0.4702,8.397,8.492694
8037,15,10,English,53.69,91.31,76.99,0.5368999999999999,9.131,4.0243389999999994
8037,15,10,History,46.05,88.77,70.42,0.46049999999999996,8.876999999999999,6.0585850000000026
8037,15,10,Geography,52.69,96.35,75.0,0.5268999999999999,9.635,1.7268150000000029
6993,15,10,Mathematics,93.01,91.29,83.86,0.9301,9.129000000000001,0.6088289999999992
6993,15,10,Science,95.42,91.02,83.79,0.9542,9.102,0.41128400000000004
6993,15,10,English,86.7,75.84,70.82,0.867,7.5840000000000005,3.213279999999999
6993,15,10,History,90.36,80.72,78.21,0.9036,8.072,1.8585920000000002
6993,15,10,Geography,86.63,83.28,76.99,0.8663,8.328,2.235464000000001
7367,15,10,Mathematics,68.73,87.89,72.66,0.6873,8.789,3.786796999999999
7367,15,10,Science,64.47,96.68,80.41,0.6446999999999999,9.668000000000001,1.1795959999999976
7367,15,10,English,60.48,85.89,71.65,0.6048,8.589,5.576272
7367,15,10,History,62.29,95.34,76.94,0.6229,9.534,1.7572859999999988
7367,15,10,Geography,65.11,91.45,74.98,0.6511,9.145,2.983094999999999
2388,15,10,Mathematics,66.66,88.23,74.27,0.6666,8.823,3.924117999999999
2388,15,10,Science,72.88,81.79,67.37,0.7288,8.179,4.938551999999999
2388,15,10,English,68.37,89.03,71.93,0.6837000000000001,8.903,3.469810999999999
2388,15,10,History,67.92,85.92,66.22,0.6792,8.592,4.516863999999999
2388,15,10,Geography,71.6,86.41,72.86,0.716,8.641,3.859560000000002
7852,15,10,Mathematics,54.26,59.07,47.6,0.5426,5.907,18.721382000000002
7852,15,10,Science,46.73,56.69,41.65,0.4673,5.669,23.071237
7852,15,10,English,45.93,57.58,42.91,0.4593,5.758,22.936494000000003
7852,15,10,History,48.24,54.3,46.36,0.4824,5.43,23.654320000000002
7852,15,10,Geography,45.73,53.83,41.25,0.4573,5.383,25.056459000000004
3733,15,10,Mathematics,37.21,69.84,55.0,0.3721,6.984,18.937464
3733,15,10,Science,28.45,71.17,56.29,0.2845,7.117,20.627864999999996
3733,15,10,English,35.79,62.25,52.79,0.3579,6.225,24.239275000000003
3733,15,10,History,35.62,70.16,58.83,0.35619999999999996,7.016,19.210992
3733,15,10,Geography,32.41,69.79,57.85,0.32409999999999994,6.979000000000001,20.418938999999995
8939,15,10,Mathematics,86.23,73.54,63.56,0.8623000000000001,7.354000000000001,3.6435419999999983
8939,15,10,Science,84.65,72.59,66.04,0.8465,7.259,4.2074349999999985
8939,15,10,English,88.2,76.97,75.47,0.882,7.697,2.7175399999999996
8939,15,10,History,83.83,70.03,62.27,0.8382999999999999,7.003,4.8461490000000005
8939,15,10,Geography,81.59,66.39,66.5,0.8159000000000001,6.639,6.187600999999998
8272,15,10,Mathematics,75.88,79.86,70.53,0.7587999999999999,7.986,4.857768000000001
8272,15,10,Science,78.37,92.29,83.21,0.7837000000000001,9.229000000000001,1.6676729999999984
8272,15,10,English,78.68,95.46,79.12,0.7868,9.546,0.967928000000001
8272,15,10,History,69.4,90.06,84.76,0.6940000000000001,9.006,3.041639999999999
8272,15,10,Geography,72.1,78.22,74.42,0.721,7.822,6.076620000000002
3755,15,10,Mathematics,100.0,71.92,66.03,1.0,7.192,0.0
3755,15,10,Science,98.39,75.32,68.5,0.9839,7.531999999999999,0.397348
3755,15,10,English,94.55,67.63,67.46,0.9455,6.763,1.7641650000000013
3755,15,10,History,96.04,67.2,75.14,0.9604,6.720000000000001,1.2988799999999978
3755,15,10,Geography,100.0,75.92,70.53,1.0,7.5920000000000005,0.0
9880,15,10,Mathematics,94.06,88.43,77.25,0.9406,8.843,0.6872579999999994
9880,15,10,Science,98.49,91.04,93.25,0.9849,9.104000000000001,0.13529600000000036
9880,15,10,English,94.88,81.08,74.17,0.9488,8.108,0.9687040000000009
9880,15,10,History,94.98,97.57,92.4,0.9498000000000001,9.757,0.12198600000000023
9880,15,10,Geography,97.16,89.59,91.0,0.9716,8.959,0.2956440000000003
5305,15,10,Mathematics,71.46,90.68,80.16,0.7145999999999999,9.068000000000001,2.659927999999999
5305,15,10,Science,75.46,91.79,77.98,0.7545999999999999,9.179,2.014733999999999
5305,15,10,English,80.72,89.04,78.31,0.8072,8.904,2.113087999999999
5305,15,10,History,76.05,87.37,84.69,0.7605,8.737,3.0248849999999994
5305,15,10,Geography,77.07,89.37,78.25,0.7706999999999999,8.937000000000001,2.4374589999999996
3719,15,10,Mathematics,71.17,77.36,63.88,0.7117,7.736,6.527112
3719,15,10,Science,71.3,80.78,71.12,0.713,8.078,5.51614
3719,15,10,English,75.18,86.13,74.84,0.7518,8.613,3.442534
3719,15,10,History,70.17,80.28,77.17,0.7017,8.028,5.882476
3719,15,10,Geography,71.19,86.65,75.06,0.7119,8.665000000000001,3.8461349999999985
6302,15,10,Mathematics,69.25,77.03,66.48,0.6925,7.703,7.063275
6302,15,10,Science,75.18,90.02,73.79,0.7518,9.001999999999999,2.477036
6302,15,10,English,70.06,82.01,74.94,0.7006,8.201,5.386205999999999
6302,15,10,History,71.31,88.74,74.81,0.7131000000000001,8.873999999999999,3.230494000000001
6302,15,10,Geography,74.92,90.82,74.65,0.7492,9.081999999999999,2.3023440000000015
1971,15,10,Mathematics,82.08,97.2,84.19,0.8208,9.72,0.5017599999999995
1971,15,10,Science,81.37,94.16,83.43,0.8137000000000001,9.416,1.0879920000000005
1971,15,10,English,82.73,98.07,84.83,0.8273,9.806999999999999,0.33331100000000113
1971,15,10,History,81.26,87.98,81.06,0.8126000000000001,8.798,2.2525479999999987
1971,15,10,Geography,85.66,85.45,83.85,0.8565999999999999,8.545,2.0864700000000003
9019,15,10,Mathematics,89.47,66.42,69.6,0.8946999999999999,6.642,3.535974
9019,15,10,Science,91.97,68.18,65.55,0.9197,6.8180000000000005,2.5551459999999997
9019,15,10,English,90.2,69.13,54.21,0.902,6.912999999999999,3.0252599999999994
9019,15,10,History,82.64,68.15,65.03,0.8264,6.815,5.529159999999999
9019,15,10,Geography,86.8,57.65,63.13,0.868,5.765,5.590200000000001
7600,15,10,Mathematics,85.13,86.72,80.82,0.8513,8.672,1.974736000000001
7600,15,10,Science,89.61,69.5,61.36,0.8961,6.95,3.1689500000000006
7600,15,10,English,81.47,81.51,75.89,0.8147,8.151,3.4261969999999993
7600,15,10,History,84.6,67.51,70.43,0.846,6.751,5.003460000000001
7600,15,10,Geography,88.2,79.94,78.99,0.882,7.994,2.3670799999999996
8511,15,10,Mathematics,47.91,59.1,42.67,0.47909999999999997,5.91,21.304810000000003
8511,15,10,Science,49.74,57.25,41.87,0.4974,5.725,21.48615
8511,15,10,English,50.91,69.27,55.17,0.5091,6.927,15.085357000000004
8511,15,10,History,51.95,57.94,50.14,0.5195000000000001,5.794,20.20983
8511,15,10,Geography,52.19,63.23,56.78,0.5219,6.3229999999999995,17.579737
6533,15,10,Mathematics,50.21,85.93,66.63,0.5021,8.593,7.005452999999997
6533,15,10,Science,48.8,93.94,74.95,0.488,9.394,3.1027200000000015
6533,15,10,English,53.0,97.02,80.4,0.53,9.702,1.4006000000000016
6533,15,10,History,54.58,86.47,70.02,0.5458,8.647,6.145326000000001
6533,15,10,Geography,50.71,96.12,66.72,0.5071,9.612,1.9124519999999978
3035,15,10,Mathematics,37.95,69.11,49.41,0.3795,6.911,19.167245
3035,15,10,Science,41.83,71.92,56.07,0.4183,7.192,16.334135999999997
3035,15,10,English,47.24,78.08,68.62,0.47240000000000004,7.808,11.564992
3035,15,10,History,41.78,87.67,66.31,0.4178,8.767,7.178526
3035,15,10,Geography,42.79,85.39,64.73,0.4279,8.539,8.358381
5489,15,10,Mathematics,100.0,75.92,69.25,1.0,7.5920000000000005,0.0
5489,15,10,Science,100.0,79.24,68.08,1.0,7.9239999999999995,0.0
5489,15,10,English,100.0,89.95,86.74,1.0,8.995000000000001,0.0
5489,15,10,History,99.57,88.1,79.72,0.9956999999999999,8.809999999999999,0.05117000000000083
5489,15,10,Geography,100.0,94.81,86.55,1.0,9.481,0.0
4836,15,10,Mathematics,83.31,73.82,67.8,0.8331000000000001,7.382,4.369442000000001
4836,15,10,Science,79.12,74.85,69.81,0.7912,7.484999999999999,5.25132
4836,15,10,English,86.05,74.13,66.81,0.8604999999999999,7.412999999999999,3.608865000000001
4836,15,10,History,78.8,75.98,72.19,0.7879999999999999,7.598000000000001,5.09224
4836,15,10,Geography,85.89,76.32,71.25,0.8589,7.632,3.341248000000001
1152,15,10,Mathematics,41.47,64.19,52.61,0.4147,6.419,20.959592999999998
1152,15,10,Science,36.14,51.94,44.82,0.3614,5.194,30.691116
1152,15,10,English,37.93,59.2,52.18,0.37929999999999997,5.92,25.324559999999998
1152,15,10,History,42.48,50.98,44.74,0.42479999999999996,5.098,28.196304000000005
1152,15,10,Geography,39.56,58.38,48.63,0.3956,5.838,25.155128
2690,15,10,Mathematics,61.1,69.87,63.65,0.611,6.987,11.720569999999999
2690,15,10,Science,67.1,73.58,60.67,0.6709999999999999,7.358,8.692180000000002
2690,15,10,English,65.41,62.08,59.13,0.6541,6.208,13.116528000000002
2690,15,10,History,66.65,58.84,58.56,0.6665000000000001,5.884,13.726859999999997
2690,15,10,Geography,60.03,74.58,63.24,0.6003000000000001,7.458,10.160374000000001
3688,15,10,Mathematics,51.26,57.29,42.0,0.5126,5.729,20.816854000000003
3688,15,10,Science,57.01,64.56,55.7,0.5700999999999999,6.456,15.235655999999999
3688,15,10,English,51.15,61.78,53.78,0.5115,6.178,18.67047
3688,15,10,History,56.16,69.33,52.72,0.5616,6.933,13.445728
3688,15,10,Geography,57.61,68.38,55.49,0.5761,6.837999999999999,13.403718000000001
3293,15,10,Mathematics,84.78,92.55,84.88,0.8478,9.254999999999999,1.1338900000000003
3293,15,10,Science,86.69,78.4,69.1,0.8669,7.840000000000001,2.8749599999999997
3293,15,10,English,86.2,80.07,77.89,0.862,8.007,2.7503400000000005
3293,15,10,History,84.64,93.98,82.85,0.8464,9.398,0.9246719999999994
3293,15,10,Geography,84.88,85.07,82.38,0.8488,8.507,2.257416000000002
5065,15,10,Mathematics,95.58,87.89,84.82,0.9558,8.789,0.5352620000000001
5065,15,10,Science,90.26,82.04,72.91,0.9026000000000001,8.204,1.7493039999999984
5065,15,10,English,93.49,99.03,88.84,0.9349,9.903,0.06314699999999998
5065,15,10,History,96.46,88.42,78.33,0.9645999999999999,8.842,0.40993200000000063
5065,15,10,Geography,91.43,96.81,86.94,0.9143000000000001,9.681000000000001,0.2733829999999996
1894,15,10,Mathematics,89.49,87.13,77.81,0.8948999999999999,8.713,1.3526370000000012
1894,15,10,Science,95.24,83.0,74.19,0.9523999999999999,8.3,0.8092000000000009
1894,15,10,English,92.66,86.34,79.82,0.9266,8.634,1.0026440000000003
1894,15,10,History,88.37,83.07,73.95,0.8837,8.306999999999999,1.9689590000000001
1894,15,10,Geography,92.1,90.15,83.08,0.9209999999999999,9.015,0.7781500000000001
6185,15,10,Mathematics,71.4,50.58,47.02,0.7140000000000001,5.058,14.134119999999998
6185,15,10,Science,75.65,50.14,52.44,0.7565000000000001,5.014,12.140909999999996
6185,15,10,English,80.53,67.03,60.41,0.8053,6.703,6.419258999999999
6185,15,10,History,77.91,60.66,55.9,0.7791,6.066,8.690206000000002
6185,15,10,Geography,76.39,62.97,56.7,0.7639,6.297,8.742783000000001
1273,15,10,Mathematics,74.61,84.88,73.85,0.7461,8.488,3.838968000000001
1273,15,10,Science,71.12,87.41,76.16,0.7112,8.741,3.6359920000000003
1273,15,10,English,74.58,83.0,75.87,0.7458,8.3,4.321400000000001
1273,15,10,History,71.79,92.3,76.96,0.7179000000000001,9.23,2.1721700000000004
1273,15,10,Geography,75.52,81.2,70.8,0.7552,8.120000000000001,4.60224
7939,15,10,Mathematics,96.79,70.42,71.6,0.9679000000000001,7.042,0.9495179999999981
7939,15,10,Science,89.66,62.98,66.73,0.8966,6.298,3.8278680000000014
7939,15,10,English,88.34,78.06,71.48,0.8834000000000001,7.806,2.558203999999999
7939,15,10,History,94.72,69.21,74.64,0.9472,6.920999999999999,1.6257120000000007
7939,15,10,Geography,90.99,74.02,72.98,0.9098999999999999,7.401999999999999,2.3407980000000017
3545,15,10,Mathematics,75.78,77.7,74.7,0.7578,7.7700000000000005,5.401059999999998
3545,15,10,Science,77.04,80.92,80.39,0.7704000000000001,8.092,4.380767999999998
3545,15,10,English,75.37,85.83,77.74,0.7537,8.583,3.490071
3545,15,10,History,69.59,94.01,79.29,0.6959000000000001,9.401,1.8215589999999984
3545,15,10,Geography,78.66,89.6,85.24,0.7866,8.959999999999999,2.2193600000000013
5005,15,10,Mathematics,26.64,84.3,61.2,0.2664,8.43,11.517520000000001
5005,15,10,Science,30.1,83.33,58.75,0.301,8.333,11.652330000000001
5005,15,10,English,24.84,72.84,62.68,0.2484,7.284000000000001,20.413455999999996
5005,15,10,History,30.43,69.11,52.57,0.3043,6.911,21.490173
5005,15,10,Geography,33.77,83.62,61.43,0.33770000000000006,8.362,10.848473999999994
2956,15,10,Mathematics,83.17,71.71,75.41,0.8317,7.170999999999999,4.761207000000001
2956,15,10,Science,82.15,66.62,66.72,0.8215,6.662000000000001,5.9583299999999975
2956,15,10,English,78.25,56.05,49.08,0.7825,5.6049999999999995,9.559125
2956,15,10,History,78.59,73.05,65.75,0.7859,7.305,5.769995
2956,15,10,Geography,76.97,66.45,59.89,0.7696999999999999,6.6450000000000005,7.726564999999999
3735,15,10,Mathematics,70.82,90.35,75.47,0.7081999999999999,9.035,2.815870000000002
3735,15,10,Science,71.09,78.35,70.57,0.7109000000000001,7.834999999999999,6.259015000000001
3735,15,10,English,70.82,82.27,66.09,0.7081999999999999,8.227,5.173614000000002
3735,15,10,History,73.99,83.63,62.24,0.7399,8.363,4.257837000000002
3735,15,10,Geography,70.59,82.93,76.45,0.7059000000000001,8.293000000000001,5.020286999999997
2262,15,10,Mathematics,97.3,79.2,73.31,0.973,7.92,0.5616000000000005
2262,15,10,Science,90.05,97.44,86.63,0.9005,9.744,0.2547200000000003
2262,15,10,English,94.39,83.42,72.84,0.9439,8.342,0.9301379999999998
2262,15,10,History,95.55,92.88,85.71,0.9555,9.288,0.3168400000000004
2262,15,10,Geography,95.77,81.08,74.57,0.9577,8.108,0.8003160000000008
2685,15,10,Mathematics,91.75,0.0,19.97,0.9175,0.0,8.25
2685,15,10,Science,85.9,7.49,16.84,0.8590000000000001,0.749,13.043909999999997
2685,15,10,English,89.17,9.98,25.15,0.8917,0.998,9.749165999999997
2685,15,10,History,89.25,2.35,20.78,0.8925,0.23500000000000001,10.497375
2685,15,10,Geography,92.45,8.14,24.4,0.9245,0.8140000000000001,6.9354299999999975
3458,15,10,Mathematics,69.88,69.72,61.67,0.6988,6.9719999999999995,9.120336000000002
3458,15,10,Science,76.01,53.06,55.7,0.7601,5.306,11.260905999999999
3458,15,10,English,75.89,55.54,52.88,0.7589,5.554,10.719306
3458,15,10,History,71.67,52.39,51.21,0.7167,5.239,13.487912999999999
3458,15,10,Geography,77.0,67.05,68.36,0.77,6.705,7.5785
5444,15,10,Mathematics,88.26,88.63,76.41,0.8826,8.863,1.334838
5444,15,10,Science,89.58,88.96,84.16,0.8957999999999999,8.895999999999999,1.150368000000001
5444,15,10,English,86.96,78.39,72.2,0.8695999999999999,7.839,2.817944000000001
5444,15,10,History,88.29,80.79,76.08,0.8829,8.079,2.249490999999998
5444,15,10,Geography,89.13,94.14,80.2,0.8913,9.414,0.6369820000000002
7568,15,10,Mathematics,56.48,85.79,78.79,0.5648,8.579,6.184191999999999
7568,15,10,Science,51.44,89.78,73.14,0.5144,8.978,4.962832
7568,15,10,English,52.4,82.62,61.27,0.524,8.262,8.272879999999997
7568,15,10,History,54.3,86.94,67.24,0.5429999999999999,8.693999999999999,5.968420000000001
7568,15,10,Geography,55.11,80.33,60.67,0.5511,8.033,8.829863000000001
5777,15,10,Mathematics,85.83,85.74,85.58,0.8583,8.574,2.020642000000001
5777,15,10,Science,88.93,75.05,72.28,0.8893000000000001,7.505,2.7619649999999982
5777,15,10,English,82.64,86.25,77.03,0.8264,8.625,2.387
5777,15,10,History,82.08,86.13,75.72,0.8208,8.613,2.485504000000001
5777,15,10,Geography,90.06,72.15,65.56,0.9006000000000001,7.215000000000001,2.768289999999999
10011,15,10,Mathematics,90.55,62.82,62.26,0.9055,6.282,3.513510000000001
10011,15,10,Science,91.23,57.65,59.4,0.9123,5.765,3.7140949999999986
10011,15,10,English,93.13,69.0,68.19,0.9312999999999999,6.9,2.1297000000000015
10011,15,10,History,89.23,51.22,55.92,0.8923000000000001,5.122,5.253605999999999
10011,15,10,Geography,94.46,59.99,65.51,0.9445999999999999,5.9990000000000006,2.2165540000000026
6488,15,10,Mathematics,79.04,84.13,84.09,0.7904000000000001,8.413,3.326352
6488,15,10,Science,80.0,79.36,78.22,0.8,7.936,4.128
6488,15,10,English,72.27,90.26,74.65,0.7227,9.026,2.7009019999999992
6488,15,10,History,79.22,83.54,69.52,0.7922,8.354000000000001,3.4203879999999987
6488,15,10,Geography,77.91,88.86,77.13,0.7791,8.886,2.4608260000000004
5584,15,10,Mathematics,81.89,60.44,61.32,0.8189,6.044,7.164316
5584,15,10,Science,83.33,60.14,64.95,0.8332999999999999,6.014,6.644662
5584,15,10,English,81.05,75.54,71.31,0.8105,7.554,4.63517
5584,15,10,History,83.41,68.5,65.61,0.8341,6.85,5.225850000000001
5584,15,10,Geography,77.95,72.5,68.08,0.7795000000000001,7.25,6.063749999999999
2565,15,10,Mathematics,57.12,80.97,69.89,0.5711999999999999,8.097,8.160064
2565,15,10,Science,62.28,84.57,68.07,0.6228,8.456999999999999,5.820196000000002
2565,15,10,English,57.42,94.36,76.78,0.5742,9.436,2.4015120000000003
2565,15,10,History,58.73,81.94,76.85,0.5872999999999999,8.193999999999999,7.453362000000002
2565,15,10,Geography,59.13,82.86,68.49,0.5913,8.286,7.0051179999999995
5778,15,10,Mathematics,76.25,93.8,69.46,0.7625,9.379999999999999,1.4725000000000006
5778,15,10,Science,69.15,91.06,75.21,0.6915,9.106,2.7579899999999986
5778,15,10,English,76.69,84.23,72.32,0.7669,8.423,3.6759869999999997
5778,15,10,History,76.25,92.62,82.66,0.7625,9.262,1.752749999999999
5778,15,10,Geography,75.81,89.7,81.96,0.7581,8.97,2.491569999999999
10012,15,10,Mathematics,61.49,83.13,66.73,0.6149,8.312999999999999,6.4966370000000015
10012,15,10,Science,64.77,81.76,66.37,0.6476999999999999,8.176,6.425951999999999
10012,15,10,English,64.07,68.62,57.73,0.6406999999999999,6.862,11.274834
10012,15,10,History,60.73,84.25,73.89,0.6073,8.425,6.185025
10012,15,10,Geography,68.56,80.5,71.14,0.6856,8.05,6.130799999999999
8404,15,10,Mathematics,78.77,90.59,86.11,0.7877,9.059000000000001,1.9977429999999996
8404,15,10,Science,78.14,94.86,82.21,0.7814,9.486,1.123604
8404,15,10,English,77.2,76.21,63.52,0.772,7.6209999999999996,5.42412
8404,15,10,History,75.84,92.92,79.32,0.7584000000000001,9.292,1.7105279999999994
8404,15,10,Geography,78.59,75.25,66.12,0.7859,7.525,5.2989749999999995
4522,15,10,Mathematics,75.15,94.56,81.93,0.7515000000000001,9.456,1.351839999999999
4522,15,10,Science,74.52,89.25,73.07,0.7452,8.925,2.7391
4522,15,10,English,73.18,94.17,84.96,0.7318000000000001,9.417,1.5636059999999992
4522,15,10,History,77.12,80.94,76.63,0.7712,8.094,4.3609279999999995
4522,15,10,Geography,80.2,96.85,91.49,0.802,9.684999999999999,0.623700000000001
3848,15,10,Mathematics,84.7,75.48,73.03,0.847,7.548,3.751559999999999
3848,15,10,Science,87.79,69.48,58.93,0.8779,6.948,3.7264919999999977
3848,15,10,English,78.94,65.96,64.64,0.7894,6.595999999999999,7.168824000000002
3848,15,10,History,87.97,64.94,61.8,0.8797,6.494,4.2177180000000005
3848,15,10,Geography,85.77,65.98,66.77,0.8576999999999999,6.598000000000001,4.841046
2989,15,10,Mathematics,66.31,58.84,54.42,0.6631,5.884,13.866803999999997
2989,15,10,Science,67.31,58.61,53.56,0.6731,5.861,13.530391
2989,15,10,English,70.18,74.99,70.71,0.7018000000000001,7.499,7.4579819999999994
2989,15,10,History,74.84,60.3,60.75,0.7484000000000001,6.029999999999999,9.98852
2989,15,10,Geography,65.43,62.07,59.76,0.6543000000000001,6.207,13.112400999999998
5240,15,10,Mathematics,70.03,84.17,81.17,0.7003,8.417,4.744250999999999
5240,15,10,Science,77.67,98.82,91.31,0.7767000000000001,9.882,0.2634940000000015
5240,15,10,English,74.41,92.21,83.87,0.7441,9.221,1.9934610000000017
5240,15,10,History,75.32,89.88,85.32,0.7532,8.988,2.497616000000002
5240,15,10,Geography,78.39,96.41,85.55,0.7839,9.641,0.7757990000000007
1699,15,10,Mathematics,63.28,94.58,71.63,0.6328,9.458,1.9902240000000007
1699,15,10,Science,65.29,82.43,69.43,0.6529,8.243,6.098546999999996
1699,15,10,English,60.38,91.15,73.11,0.6038,9.115,3.5063699999999978
1699,15,10,History,67.93,95.59,82.08,0.6793,9.559000000000001,1.4142869999999985
1699,15,10,Geography,68.63,76.85,62.01,0.6862999999999999,7.685,7.262155000000003
3831,15,10,Mathematics,100.0,80.13,73.16,1.0,8.013,0.0
3831,15,10,Science,93.73,91.39,86.05,0.9373,9.139,0.5398469999999996
3831,15,10,English,93.83,89.13,85.43,0.9383,8.913,0.6706790000000005
3831,15,10,History,95.27,81.51,74.07,0.9527,8.151,0.8745770000000005
3831,15,10,Geography,97.33,84.38,77.57,0.9732999999999999,8.437999999999999,0.4170540000000004
5835,15,10,Mathematics,55.15,79.29,63.06,0.5515,7.929,9.288434999999998
5835,15,10,Science,54.36,83.59,65.98,0.5436,8.359,7.489523999999999
5835,15,10,English,53.41,74.86,66.3,0.5341,7.486,11.712726
5835,15,10,History,59.25,72.68,61.1,0.5925,7.268000000000001,11.132899999999998
5835,15,10,Geography,61.81,74.74,59.9,0.6181,7.473999999999999,9.646794000000002
9614,15,10,Mathematics,29.64,66.74,44.57,0.2964,6.6739999999999995,23.401736000000007
9614,15,10,Science,23.19,51.91,36.54,0.23190000000000002,5.191,36.937929000000004
9614,15,10,English,23.35,60.21,50.9,0.2335,6.021,30.499035000000003
9614,15,10,History,25.79,59.51,47.15,0.2579,5.951,30.047629000000008
9614,15,10,Geography,29.25,66.7,49.57,0.2925,6.67,23.559749999999998
7363,15,10,Mathematics,82.73,94.27,84.43,0.8273,9.427,0.9895710000000004
7363,15,10,Science,75.5,93.49,81.88,0.755,9.349,1.5949500000000012
7363,15,10,English,74.18,94.64,79.09,0.7418,9.464,1.3839519999999996
7363,15,10,History,73.75,78.92,67.13,0.7375,7.892,5.533499999999999
7363,15,10,Geography,76.04,85.17,71.15,0.7604000000000001,8.517,3.5532679999999988
1959,15,10,Mathematics,68.59,77.53,71.31,0.6859000000000001,7.753,7.057826999999999
1959,15,10,Science,64.91,95.58,74.02,0.6491,9.558,1.5509780000000006
1959,15,10,English,73.95,89.61,78.82,0.7395,8.961,2.7065949999999996
1959,15,10,History,73.81,92.67,71.32,0.7381,9.267,1.9197269999999995
1959,15,10,Geography,70.16,94.58,76.65,0.7016,9.458,1.6173280000000008
9743,15,10,Mathematics,76.16,52.13,52.69,0.7615999999999999,5.213,11.412208
9743,15,10,Science,73.35,52.04,54.64,0.7334999999999999,5.204,12.781340000000002
9743,15,10,English,70.6,57.32,46.62,0.706,5.732,12.547920000000001
9743,15,10,History,75.68,59.0,55.08,0.7568,5.9,9.971199999999996
9743,15,10,Geography,75.52,62.65,60.07,0.7552,6.265,9.143280000000003
1462,15,10,Mathematics,89.59,64.49,59.99,0.8959,6.449,3.6965909999999993
1462,15,10,Science,92.55,57.91,51.79,0.9255,5.7909999999999995,3.1357050000000015
1462,15,10,English,95.19,58.08,64.35,0.9519,5.808,2.0163520000000013
1462,15,10,History,94.81,55.67,56.07,0.9481,5.567,2.300726999999999
1462,15,10,Geography,90.21,62.16,71.18,0.9020999999999999,6.215999999999999,3.7045360000000027
1621,15,10,Mathematics,24.4,88.61,69.9,0.244,8.861,8.61084
1621,15,10,Science,30.37,85.93,68.65,0.3037,8.593,9.796940999999995
1621,15,10,English,25.42,86.74,62.72,0.25420000000000004,8.674,9.889308000000003
1621,15,10,History,30.07,83.55,62.76,0.3007,8.355,11.503485000000003
1621,15,10,Geography,23.56,88.59,68.03,0.23559999999999998,8.859,8.721803999999997
3137,15,10,Mathematics,95.53,71.44,72.25,0.9553,7.144,1.2766319999999998
3137,15,10,Science,90.71,71.11,68.85,0.9070999999999999,7.111,2.6838810000000017
3137,15,10,English,94.59,80.12,77.95,0.9459000000000001,8.012,1.075507999999999
3137,15,10,History,92.4,86.92,80.35,0.924,8.692,0.9940799999999992
3137,15,10,Geography,89.89,84.2,77.52,0.8989,8.42,1.5973799999999998
9622,15,10,Mathematics,35.42,57.76,47.61,0.3542,5.776,27.278592
9622,15,10,Science,36.85,67.28,57.87,0.3685,6.728,20.66268
9622,15,10,English,34.2,64.71,52.73,0.342,6.470999999999999,23.220820000000003
9622,15,10,History,29.66,67.88,57.38,0.2966,6.787999999999999,22.593208000000004
9622,15,10,Geography,35.47,62.45,44.12,0.3547,6.245,24.231015
8157,15,10,Mathematics,92.13,77.91,69.62,0.9213,7.7909999999999995,1.7384830000000013
8157,15,10,Science,96.88,60.08,58.32,0.9688,6.008,1.2455040000000017
8157,15,10,English,97.88,72.87,82.86,0.9788,7.287000000000001,0.5751560000000011
8157,15,10,History,93.97,79.07,74.48,0.9397,7.906999999999999,1.2620790000000006
8157,15,10,Geography,96.29,74.18,74.86,0.9629000000000001,7.418000000000001,0.957921999999998
6026,15,10,Mathematics,65.13,71.41,62.19,0.6513,7.141,9.969333000000002
6026,15,10,Science,66.08,80.28,77.51,0.6607999999999999,8.028,6.689024
6026,15,10,English,64.81,75.66,72.57,0.6481,7.566,8.565246
6026,15,10,History,57.96,86.15,72.57,0.5796,8.615,5.822539999999998
6026,15,10,Geography,65.49,76.56,61.77,0.6548999999999999,7.656000000000001,8.089144
4619,15,10,Mathematics,58.24,79.35,62.74,0.5824,7.935,8.623440000000002
4619,15,10,Science,60.77,86.04,70.3,0.6077,8.604000000000001,5.476507999999996
4619,15,10,English,56.24,83.29,68.42,0.5624,8.329,7.312295999999996
4619,15,10,History,61.02,87.43,76.65,0.6102000000000001,8.743,4.899785999999997
4619,15,10,Geography,62.34,93.1,73.6,0.6234000000000001,9.309999999999999,2.598540000000002
6500,15,10,Mathematics,65.68,96.98,82.41,0.6568,9.698,1.0364639999999985
6500,15,10,Science,71.23,96.06,70.92,0.7123,9.606,1.1335379999999993
6500,15,10,English,70.17,92.79,81.24,0.7017,9.279,2.150742999999998
6500,15,10,History,69.21,81.18,79.66,0.6920999999999999,8.118,5.794677999999999
6500,15,10,Geography,67.0,87.05,66.24,0.67,8.705,4.273500000000001
1020,15,10,Mathematics,70.65,69.75,61.29,0.7065,6.975,8.878374999999998
1020,15,10,Science,68.89,67.71,64.8,0.6889,6.770999999999999,10.045419000000003
1020,15,10,English,70.4,50.39,47.95,0.7040000000000001,5.039,14.684559999999998
1020,15,10,History,76.97,50.01,46.43,0.7696999999999999,5.0009999999999994,11.512697000000001
1020,15,10,Geography,73.02,65.53,61.02,0.7302,6.553,9.300006000000002
2661,15,10,Mathematics,56.01,73.36,61.96,0.5600999999999999,7.336,11.718936000000001
2661,15,10,Science,55.53,67.7,60.53,0.5553,6.7700000000000005,14.363809999999999
2661,15,10,English,52.0,73.58,60.32,0.52,7.358,12.681600000000001
2661,15,10,History,58.5,56.87,46.9,0.585,5.686999999999999,17.898950000000003
2661,15,10,Geography,52.16,56.79,48.95,0.5216,5.679,20.671664
2715,15,10,Mathematics,66.58,67.32,57.72,0.6658,6.731999999999999,10.921656000000002
2715,15,10,Science,69.96,65.47,59.45,0.6995999999999999,6.547,10.372812000000003
2715,15,10,English,66.88,56.98,53.95,0.6688,5.6979999999999995,14.248224000000002
2715,15,10,History,67.84,52.42,52.19,0.6784,5.242,15.301727999999999
2715,15,10,Geography,66.52,56.45,50.77,0.6652,5.6450000000000005,14.580540000000001
8909,15,10,Mathematics,63.86,76.17,59.09,0.6386,7.617,8.612162
8909,15,10,Science,62.22,80.41,64.2,0.6222,8.041,7.401102000000002
8909,15,10,English,54.5,77.46,69.4,0.545,7.7459999999999996,10.255700000000004
8909,15,10,History,60.94,88.55,73.88,0.6093999999999999,8.855,4.4723700000000015
8909,15,10,Geography,55.97,84.39,68.89,0.5597,8.439,6.873083
7705,15,10,Mathematics,84.29,92.48,88.58,0.8429000000000001,9.248000000000001,1.1813919999999989
7705,15,10,Science,90.52,87.36,78.75,0.9052,8.736,1.1982720000000007
7705,15,10,English,92.28,89.96,80.33,0.9228000000000001,8.995999999999999,0.7750880000000003
7705,15,10,History,86.06,87.11,76.57,0.8606,8.711,1.7968659999999996
7705,15,10,Geography,85.3,97.01,85.64,0.853,9.701,0.4395299999999993
1893,15,10,Mathematics,74.72,79.13,69.85,0.7472,7.912999999999999,5.2759360000000015
1893,15,10,Science,67.78,87.82,74.02,0.6778,8.782,3.924396000000002
1893,15,10,English,74.23,90.84,77.19,0.7423000000000001,9.084,2.3605319999999987
1893,15,10,History,70.03,80.61,68.72,0.7003,8.061,5.811183
1893,15,10,Geography,73.66,76.35,72.74,0.7365999999999999,7.635,6.229410000000002
4390,15,10,Mathematics,83.8,70.05,68.62,0.838,7.005,4.851900000000001
4390,15,10,Science,86.02,75.72,76.67,0.8602,7.572,3.394344000000001
4390,15,10,English,84.79,82.34,83.55,0.8479000000000001,8.234,2.6860859999999986
4390,15,10,History,91.4,83.02,75.94,0.914,8.302,1.4602799999999994
4390,15,10,Geography,89.16,67.85,67.5,0.8916,6.784999999999999,3.485060000000002
2493,15,10,Mathematics,53.68,68.57,52.72,0.5367999999999999,6.856999999999999,14.558376000000003
2493,15,10,Science,48.63,62.77,49.27,0.4863,6.277,19.125051
2493,15,10,English,54.37,56.06,39.94,0.5437,5.606,20.049822
2493,15,10,History,54.43,66.86,56.64,0.5443,6.686,15.101898
2493,15,10,Geography,47.87,60.61,50.08,0.47869999999999996,6.061,20.534007000000003
5315,15,10,Mathematics,52.2,76.44,59.21,0.522,7.644,11.261680000000002
5315,15,10,Science,45.58,71.61,63.63,0.4558,7.161,15.449838
5315,15,10,English,51.56,82.86,67.29,0.5156000000000001,8.286,8.302616
5315,15,10,History,52.58,79.8,65.73,0.5257999999999999,7.9799999999999995,9.578840000000001
5315,15,10,Geography,53.09,77.22,64.36,0.5309,7.7219999999999995,10.686098
4727,15,10,Mathematics,71.35,52.55,48.22,0.7134999999999999,5.255,13.594425000000003
4727,15,10,Science,72.86,52.89,52.93,0.7286,5.289,12.785654
4727,15,10,English,74.66,60.73,69.44,0.7465999999999999,6.0729999999999995,9.951018000000003
4727,15,10,History,72.57,52.51,53.58,0.7256999999999999,5.2509999999999994,13.026507000000004
4727,15,10,Geography,72.77,61.98,52.73,0.7277,6.1979999999999995,10.352846000000001
5896,15,10,Mathematics,29.85,70.26,52.59,0.2985,7.026000000000001,20.86261
5896,15,10,Science,30.22,79.97,70.28,0.30219999999999997,7.997,13.976934000000002
5896,15,10,English,22.88,65.73,50.26,0.2288,6.573,26.429024
5896,15,10,History,25.17,69.82,53.54,0.25170000000000003,6.981999999999999,22.583694000000005
5896,15,10,Geography,24.97,78.77,64.25,0.24969999999999998,7.877,15.928869000000004
2970,15,10,Mathematics,56.74,95.56,69.79,0.5674,9.556000000000001,1.920743999999999
2970,15,10,Science,56.54,96.49,67.48,0.5654,9.649,1.5254460000000023
2970,15,10,English,57.32,85.9,74.24,0.5732,8.59,6.017879999999998
2970,15,10,History,49.76,87.58,75.39,0.4976,8.758,6.239808000000002
2970,15,10,Geography,50.33,97.18,79.52,0.5033,9.718,1.4006939999999966
4308,15,10,Mathematics,81.98,89.79,76.8,0.8198000000000001,8.979000000000001,1.8398419999999984
4308,15,10,Science,83.62,97.05,86.57,0.8362,9.705,0.48321000000000036
4308,15,10,English,86.05,81.74,77.97,0.8604999999999999,8.174,2.547270000000001
4308,15,10,History,90.57,80.67,80.82,0.9057,8.067,1.8228190000000013
4308,15,10,Geography,85.4,94.4,78.38,0.8540000000000001,9.440000000000001,0.8175999999999989
5525,15,10,Mathematics,89.0,90.03,89.54,0.89,9.003,1.0966999999999998
5525,15,10,Science,88.69,95.5,91.49,0.8869,9.55,0.5089500000000001
5525,15,10,English,88.19,77.01,72.67,0.8819,7.7010000000000005,2.7151189999999996
5525,15,10,History,91.23,76.54,76.84,0.9123,7.654000000000001,2.0574419999999987
5525,15,10,Geography,84.49,90.58,73.53,0.8449,9.058,1.4610420000000008
2730,15,10,Mathematics,78.23,81.69,76.58,0.7823,8.169,3.986087
2730,15,10,Science,78.55,94.48,88.77,0.7855,9.448,1.1840399999999993
2730,15,10,English,79.08,86.95,79.71,0.7908,8.695,2.73006
2730,15,10,History,79.55,79.51,73.88,0.7955,7.9510000000000005,4.190205
2730,15,10,Geography,79.97,92.45,88.81,0.7997,9.245000000000001,1.5122649999999995
1613,15,10,Mathematics,60.54,55.21,46.16,0.6053999999999999,5.521,17.674134
1613,15,10,Science,58.09,65.53,60.55,0.5809000000000001,6.553,14.446376999999998
1613,15,10,English,60.85,59.17,49.22,0.6085,5.917,15.984944999999998
1613,15,10,History,57.15,70.37,65.88,0.5715,7.037000000000001,12.696454999999998
1613,15,10,Geography,58.07,62.35,47.11,0.5807,6.235,15.786644999999998
1807,15,10,Mathematics,98.23,86.1,82.03,0.9823000000000001,8.61,0.24602999999999955
1807,15,10,Science,99.28,72.12,72.39,0.9928,7.212000000000001,0.20073599999999964
1807,15,10,English,94.91,84.9,71.68,0.9490999999999999,8.49,0.7685900000000002
1807,15,10,History,95.97,73.04,65.05,0.9597,7.304,1.0864880000000001
1807,15,10,Geography,99.55,79.33,76.74,0.9954999999999999,7.933,0.0930150000000006
4734,15,10,Mathematics,70.4,85.99,74.2,0.7040000000000001,8.599,4.146960000000001
4734,15,10,Science,69.65,93.96,85.55,0.6965,9.395999999999999,1.8331400000000015
4734,15,10,English,69.02,89.4,81.88,0.6901999999999999,8.940000000000001,3.2838799999999986
4734,15,10,History,77.41,97.08,90.55,0.7741,9.708,0.6596280000000004
4734,15,10,Geography,72.69,86.11,75.3,0.7269,8.611,3.7933590000000006
8237,15,10,Mathematics,57.08,60.0,47.41,0.5708,6.0,17.168000000000003
8237,15,10,Science,53.56,78.78,63.37,0.5356000000000001,7.878,9.854567999999999
8237,15,10,English,51.71,72.4,67.2,0.5171,7.24,13.328039999999996
8237,15,10,History,50.33,68.79,59.75,0.5033,6.8790000000000004,15.502006999999997
8237,15,10,Geography,57.54,74.13,58.34,0.5754,7.412999999999999,10.984402000000003
9303,15,10,Mathematics,75.01,79.78,63.26,0.7501000000000001,7.978,5.052977999999999
9303,15,10,Science,71.17,93.17,79.29,0.7117,9.317,1.9690889999999994
9303,15,10,English,77.76,76.07,69.52,0.7776000000000001,7.606999999999999,5.322032
9303,15,10,History,78.36,80.76,80.3,0.7836,8.076,4.163535999999999
9303,15,10,Geography,76.15,90.9,83.39,0.7615000000000001,9.09,2.1703499999999982
5087,15,10,Mathematics,90.37,95.9,91.53,0.9037000000000001,9.59,0.39482999999999924
5087,15,10,Science,87.6,82.25,67.28,0.8759999999999999,8.225,2.201000000000001
5087,15,10,English,87.73,95.29,89.14,0.8773000000000001,9.529,0.577916999999999
5087,15,10,History,92.21,91.52,83.02,0.9220999999999999,9.152,0.6605920000000008
5087,15,10,Geography,92.45,97.86,92.94,0.9245,9.786,0.16156999999999996
10013,15,10,Mathematics,82.17,73.33,69.01,0.8217,7.333,4.755261
10013,15,10,Science,86.8,74.6,70.74,0.868,7.459999999999999,3.3528000000000016
10013,15,10,English,91.08,74.38,70.56,0.9107999999999999,7.438,2.285304000000001
10013,15,10,History,87.33,69.69,68.24,0.8733,6.968999999999999,3.840277000000001
10013,15,10,Geography,85.48,83.65,76.29,0.8548,8.365,2.3740199999999985
6640,15,10,Mathematics,24.98,90.63,64.78,0.2498,9.062999999999999,7.0293740000000025
6640,15,10,Science,23.29,75.47,55.29,0.2329,7.547,18.816963
6640,15,10,English,19.2,75.29,55.95,0.192,7.529000000000001,19.965679999999995
6640,15,10,History,24.67,90.03,66.57,0.24670000000000003,9.003,7.510400999999999
6640,15,10,Geography,20.8,80.13,60.09,0.20800000000000002,8.013,15.737040000000004
4626,15,10,Mathematics,30.78,64.9,47.12,0.3078,6.49,24.296219999999995
4626,15,10,Science,29.25,51.69,34.3,0.2925,5.169,34.179325000000006
4626,15,10,English,32.14,69.78,54.68,0.3214,6.978,20.507291999999996
4626,15,10,History,27.54,65.48,50.18,0.2754,6.548,25.013192
4626,15,10,Geography,36.05,67.65,50.92,0.3605,6.765000000000001,20.687824999999997
1138,15,10,Mathematics,69.22,75.34,69.46,0.6922,7.534000000000001,7.590347999999999
1138,15,10,Science,63.84,85.53,67.96,0.6384000000000001,8.553,5.232352
1138,15,10,English,67.15,81.6,66.26,0.6715000000000001,8.16,6.0444
1138,15,10,History,66.76,84.71,76.46,0.6676000000000001,8.471,5.082396000000001
1138,15,10,Geography,70.41,81.56,70.59,0.7041,8.156,5.456396
4575,15,10,Mathematics,86.75,85.02,72.48,0.8675,8.501999999999999,1.9848500000000004
4575,15,10,Science,86.06,94.03,75.07,0.8606,9.403,0.8322179999999997
4575,15,10,English,89.96,83.66,75.92,0.8996,8.366,1.6405360000000013
4575,15,10,History,84.89,86.43,84.9,0.8489,8.643,2.0504269999999987
4575,15,10,Geography,87.14,88.2,75.87,0.8714,8.82,1.5174799999999997
5631,15,10,Mathematics,85.39,88.21,78.69,0.8539,8.821,1.722519000000001
5631,15,10,Science,83.42,76.68,66.41,0.8342,7.668000000000001,3.866455999999998
5631,15,10,English,87.79,79.16,77.84,0.8779,7.9159999999999995,2.5445639999999994
5631,15,10,History,83.69,82.84,75.28,0.8369,8.284,2.798796
5631,15,10,Geography,79.53,86.53,79.36,0.7953,8.653,2.757309
4086,15,10,Mathematics,98.61,79.14,83.87,0.9861,7.914,0.2899540000000001
4086,15,10,Science,98.44,86.77,81.65,0.9843999999999999,8.677,0.20638800000000035
4086,15,10,English,94.62,82.31,79.43,0.9462,8.231,0.9517219999999991
4086,15,10,History,90.5,86.25,70.38,0.905,8.625,1.30625
4086,15,10,Geography,94.23,71.62,70.71,0.9423,7.162000000000001,1.6375259999999985
9148,15,10,Mathematics,93.91,61.61,60.84,0.9390999999999999,6.161,2.3379510000000012
9148,15,10,Science,88.04,68.95,59.42,0.8804000000000001,6.8950000000000005,3.7135799999999977
9148,15,10,English,93.05,58.5,55.97,0.9305,5.85,2.884250000000001
9148,15,10,History,96.06,56.78,64.2,0.9606,5.678,1.702867999999999
9148,15,10,Geography,91.8,57.63,59.26,0.9179999999999999,5.763,3.4743400000000007
6622,15,10,Mathematics,41.95,91.18,71.78,0.41950000000000004,9.118,5.120009999999996
6622,15,10,Science,34.78,86.07,69.3,0.3478,8.607,9.085146000000003
6622,15,10,English,36.26,83.81,69.97,0.3626,8.381,10.319505999999999
6622,15,10,History,41.62,78.22,69.81,0.41619999999999996,7.822,12.715164000000001
6622,15,10,Geography,37.44,85.36,53.97,0.37439999999999996,8.536,9.158784
5813,15,10,Mathematics,80.1,80.01,77.3,0.8009999999999999,8.001000000000001,3.97801
5813,15,10,Science,87.0,83.92,82.17,0.87,8.392,2.0904
5813,15,10,English,82.43,76.29,73.56,0.8243,7.6290000000000004,4.165846999999997
5813,15,10,History,84.56,81.79,67.39,0.8456,8.179,2.811623999999999
5813,15,10,Geography,81.71,85.95,81.06,0.8170999999999999,8.595,2.569745
4659,15,10,Mathematics,79.9,0.0,16.47,0.799,0.0,20.099999999999994
4659,15,10,Science,87.81,0.0,16.38,0.8781,0.0,12.189999999999998
4659,15,10,English,84.31,0.0,23.39,0.8431000000000001,0.0,15.689999999999998
4659,15,10,History,80.5,0.87,25.68,0.805,0.087,19.33035
4659,15,10,Geography,79.39,5.81,24.36,0.7939,0.581,19.412558999999998
1879,15,10,Mathematics,81.84,60.88,66.65,0.8184,6.088,7.1041919999999985
1879,15,10,Science,77.57,60.93,57.22,0.7757,6.093,8.763401000000002
1879,15,10,English,81.2,69.81,63.1,0.812,6.981,5.675719999999999
1879,15,10,History,82.45,72.47,59.79,0.8245,7.247,4.831515
1879,15,10,Geography,83.65,66.59,69.71,0.8365,6.659000000000001,5.462534999999998
3470,15,10,Mathematics,70.13,60.45,56.29,0.7012999999999999,6.045,11.813585
3470,15,10,Science,73.26,67.55,61.47,0.7326,6.755,8.67713
3470,15,10,English,74.11,67.42,67.06,0.7411,6.742,8.434961999999999
3470,15,10,History,68.82,55.38,50.88,0.6881999999999999,5.538,13.912516000000004
3470,15,10,Geography,69.59,52.14,47.71,0.6959000000000001,5.214,14.554225999999998
2324,15,10,Mathematics,91.93,96.14,90.5,0.9193000000000001,9.614,0.3115019999999997
2324,15,10,Science,91.29,83.32,80.05,0.9129,8.331999999999999,1.4528279999999996
2324,15,10,English,94.15,94.18,84.61,0.9415,9.418000000000001,0.3404699999999993
2324,15,10,History,93.55,90.51,78.02,0.9355,9.051,0.612105
2324,15,10,Geography,84.95,88.91,72.36,0.8495,8.891,1.6690450000000001
3595,15,10,Mathematics,23.84,81.89,63.23,0.2384,8.189,13.792575999999999
3595,15,10,Science,31.17,92.52,64.41,0.31170000000000003,9.251999999999999,5.148484000000003
3595,15,10,English,27.19,93.18,75.06,0.27190000000000003,9.318000000000001,4.9656419999999954
3595,15,10,History,27.83,81.7,62.47,0.2783,8.17,13.207109999999998
3595,15,10,Geography,21.62,92.96,63.54,0.2162,9.296,5.517952000000005
1076,15,10,Mathematics,94.75,81.28,79.54,0.9475,8.128,0.9828
1076,15,10,Science,100.0,83.69,77.85,1.0,8.369,0.0
1076,15,10,English,100.0,85.03,78.2,1.0,8.503,0.0
1076,15,10,History,94.55,93.15,80.16,0.9455,9.315000000000001,0.3733249999999999
1076,15,10,Geography,100.0,90.67,75.64,1.0,9.067,0.0
10014,15,10,Mathematics,79.64,71.84,63.26,0.7964,7.184,5.733376
10014,15,10,Science,78.15,59.32,57.52,0.7815000000000001,5.932,8.888579999999997
10014,15,10,English,79.13,66.12,62.51,0.7913,6.612,7.070756
10014,15,10,History,78.65,65.65,63.08,0.7865000000000001,6.565,7.333724999999998
10014,15,10,Geography,74.96,71.65,60.08,0.7495999999999999,7.165000000000001,7.09884
1749,15,10,Mathematics,74.2,74.7,66.96,0.742,7.470000000000001,6.527399999999999
1749,15,10,Science,75.84,64.84,58.05,0.7584000000000001,6.484,8.494655999999997
1749,15,10,English,79.16,74.62,63.29,0.7916,7.462000000000001,5.289192000000001
1749,15,10,History,72.53,66.33,62.8,0.7253000000000001,6.633,9.249149
1749,15,10,Geography,71.35,69.63,58.95,0.7134999999999999,6.962999999999999,8.701005000000004
6615,15,10,Mathematics,74.31,66.38,59.12,0.7431,6.638,8.636978000000001
6615,15,10,Science,81.39,69.16,62.09,0.8139,6.9159999999999995,5.739324
6615,15,10,English,75.83,56.83,57.05,0.7583,5.683,10.434189000000002
6615,15,10,History,79.48,61.48,55.69,0.7948000000000001,6.148,7.904304
6615,15,10,Geography,78.93,55.67,49.1,0.7893000000000001,5.567,9.340330999999997
1359,15,10,Mathematics,96.27,76.76,77.49,0.9627,7.676,0.8668520000000008
1359,15,10,Science,92.92,85.34,82.46,0.9292,8.534,1.0379279999999995
1359,15,10,English,97.79,80.49,73.83,0.9779000000000001,8.049,0.43117099999999886
1359,15,10,History,98.11,82.9,76.09,0.9811,8.290000000000001,0.32319
1359,15,10,Geography,90.68,76.6,74.31,0.9068,7.659999999999999,2.180879999999999
1785,15,10,Mathematics,61.66,90.77,73.78,0.6165999999999999,9.077,3.5387820000000016
1785,15,10,Science,59.84,78.42,62.93,0.5984,7.8420000000000005,8.666527999999998
1785,15,10,English,65.58,87.33,71.92,0.6557999999999999,8.733,4.361014000000001
1785,15,10,History,67.17,94.3,78.44,0.6717,9.43,1.871310000000001
1785,15,10,Geography,59.32,84.85,66.68,0.5932,8.485,6.163020000000002
3508,15,10,Mathematics,93.68,58.12,63.3,0.9368000000000001,5.811999999999999,2.646815999999997
3508,15,10,Science,92.3,65.77,65.02,0.9229999999999999,6.577,2.6357100000000013
3508,15,10,English,93.45,53.72,59.35,0.9345,5.372,3.031339999999999
3508,15,10,History,93.9,50.91,58.83,0.9390000000000001,5.090999999999999,2.994489999999997
3508,15,10,Geography,88.31,65.89,68.86,0.8831,6.589,3.987458999999999
7862,15,10,Mathematics,100.0,77.21,67.69,1.0,7.720999999999999,0.0
7862,15,10,Science,99.74,78.72,80.79,0.9974,7.872,0.05532800000000109
7862,15,10,English,94.56,86.64,76.44,0.9456,8.664,0.7267839999999997
7862,15,10,History,97.58,93.25,88.89,0.9758,9.325,0.1633500000000001
7862,15,10,Geography,100.0,93.84,88.41,1.0,9.384,0.0
10015,15,10,Mathematics,70.33,90.62,82.04,0.7033,9.062000000000001,2.783045999999999
10015,15,10,Science,70.4,76.15,68.62,0.7040000000000001,7.615,7.059599999999997
10015,15,10,English,72.46,84.73,68.72,0.7245999999999999,8.473,4.205358
10015,15,10,History,65.32,85.11,69.28,0.6531999999999999,8.511,5.163852000000002
10015,15,10,Geography,68.52,77.51,63.62,0.6851999999999999,7.751,7.079852
6416,15,10,Mathematics,78.98,83.26,76.82,0.7898000000000001,8.326,3.518747999999998
6416,15,10,Science,80.83,82.79,82.48,0.8083,8.279,3.2991569999999992
6416,15,10,English,80.12,80.87,77.87,0.8012,8.087,3.803043999999998
6416,15,10,History,85.83,88.48,76.06,0.8583,8.848,1.6323839999999996
6416,15,10,Geography,78.7,82.84,83.35,0.787,8.284,3.6550799999999986
2659,15,10,Mathematics,23.59,84.37,61.39,0.2359,8.437000000000001,11.942882999999997
2659,15,10,Science,19.25,75.89,60.11,0.1925,7.589,19.468825
2659,15,10,English,24.19,79.02,60.11,0.2419,7.901999999999999,15.904938000000005
2659,15,10,History,23.94,73.31,52.78,0.2394,7.331,20.300414
2659,15,10,Geography,20.69,88.02,64.9,0.2069,8.802,9.501338000000002
5760,15,10,Mathematics,62.96,76.04,68.34,0.6296,7.604000000000001,8.874783999999998
5760,15,10,Science,68.17,91.69,79.64,0.6817,9.169,2.6450730000000005
5760,15,10,English,63.37,75.03,66.48,0.6336999999999999,7.503,9.146511
5760,15,10,History,61.98,81.86,66.77,0.6198,8.186,6.896828
5760,15,10,Geography,62.18,81.29,66.33,0.6218,8.129000000000001,7.076121999999998
6384,15,10,Mathematics,72.75,85.79,74.14,0.7275,8.579,3.8722249999999985
6384,15,10,Science,77.8,78.78,72.75,0.778,7.878,4.710840000000001
6384,15,10,English,78.87,88.52,87.33,0.7887000000000001,8.852,2.4257240000000007
6384,15,10,History,78.91,90.81,76.57,0.7890999999999999,9.081,1.9381709999999999
6384,15,10,Geography,77.36,89.18,75.75,0.7736,8.918000000000001,2.4496479999999985
8479,15,10,Mathematics,76.3,55.43,61.1,0.763,5.543,10.563090000000003
8479,15,10,Science,71.21,55.23,58.09,0.7121,5.523,12.889283000000002
8479,15,10,English,71.86,60.52,52.7,0.7186,6.0520000000000005,11.109672
8479,15,10,History,74.17,58.99,53.41,0.7417,5.899,10.592882999999999
8479,15,10,Geography,69.17,54.76,51.38,0.6917,5.476,13.947492
2699,15,10,Mathematics,82.56,76.56,76.17,0.8256,7.656000000000001,4.087935999999999
2699,15,10,Science,87.58,83.47,79.71,0.8758,8.347,2.0530260000000005
2699,15,10,English,81.58,92.96,80.26,0.8158,9.296,1.2967680000000013
2699,15,10,History,90.26,93.09,84.44,0.9026000000000001,9.309000000000001,0.6730339999999992
2699,15,10,Geography,86.62,81.07,80.81,0.8662000000000001,8.107,2.532834
10016,15,10,Mathematics,64.47,54.84,48.76,0.6446999999999999,5.484,16.045348
10016,15,10,Science,65.67,54.85,59.79,0.6567000000000001,5.485,15.499994999999998
10016,15,10,English,61.25,62.93,54.37,0.6125,6.293,14.364625
10016,15,10,History,66.3,55.38,54.05,0.6629999999999999,5.538,15.03694
10016,15,10,Geography,62.59,56.43,53.94,0.6259,5.643,16.299536999999997
9598,15,10,Mathematics,41.86,67.25,48.74,0.41859999999999997,6.725,19.04085
9598,15,10,Science,40.51,60.01,49.24,0.40509999999999996,6.0009999999999994,23.790051000000002
9598,15,10,English,39.37,74.4,64.01,0.3937,7.44,15.521279999999997
9598,15,10,History,41.69,75.29,53.32,0.4169,7.529000000000001,14.408400999999996
9598,15,10,Geography,36.77,63.8,42.96,0.3677,6.38,22.88926
6664,15,10,Mathematics,54.84,86.89,68.92,0.5484,8.689,5.920475999999999
6664,15,10,Science,48.81,86.05,69.96,0.48810000000000003,8.605,7.141005000000002
6664,15,10,English,51.43,91.52,68.34,0.5143,9.152,4.118736000000002
6664,15,10,History,47.83,82.31,64.47,0.4783,8.231,9.228872999999998
6664,15,10,Geography,53.61,87.81,68.14,0.5361,8.781,5.654940999999999
3709,15,10,Mathematics,43.56,94.9,71.36,0.43560000000000004,9.49,2.8784399999999963
3709,15,10,Science,39.76,83.44,62.43,0.39759999999999995,8.344,9.975744000000002
3709,15,10,English,37.08,91.33,76.99,0.37079999999999996,9.133,5.455164000000001
3709,15,10,History,36.94,90.6,66.41,0.36939999999999995,9.059999999999999,5.927640000000004
3709,15,10,Geography,36.16,96.05,68.17,0.3616,9.605,2.521680000000002
7607,15,10,Mathematics,43.91,72.15,56.79,0.4391,7.215000000000001,15.621064999999998
7607,15,10,Science,42.74,69.5,48.06,0.4274,6.95,17.464299999999998
7607,15,10,English,43.37,67.89,56.36,0.4337,6.789,18.183893
7607,15,10,History,37.42,73.94,60.14,0.37420000000000003,7.394,16.308348000000002
7607,15,10,Geography,42.82,82.57,64.4,0.4282,8.257,9.966474000000003
2944,15,10,Mathematics,83.12,0.23,18.54,0.8312,0.023,16.841175999999997
2944,15,10,Science,81.0,8.4,21.85,0.81,0.8400000000000001,17.404
2944,15,10,English,76.91,0.0,19.18,0.7691,0.0,23.090000000000003
2944,15,10,History,83.42,0.56,17.25,0.8342,0.05600000000000001,16.487152
2944,15,10,Geography,75.53,7.36,21.1,0.7553,0.736,22.669007999999998
9328,15,10,Mathematics,77.79,92.37,84.9,0.7779,9.237,1.6946229999999987
9328,15,10,Science,74.94,86.15,71.48,0.7494,8.615,3.470809999999999
9328,15,10,English,76.32,80.14,70.06,0.7631999999999999,8.014,4.702848000000001
9328,15,10,History,75.13,95.51,81.31,0.7513,9.551,1.1166629999999989
9328,15,10,Geography,78.08,92.83,81.46,0.7807999999999999,9.283,1.5716640000000004
6952,15,10,Mathematics,76.72,90.45,76.95,0.7672,9.045,2.2232399999999997
6952,15,10,Science,69.37,93.36,76.09,0.6937000000000001,9.336,2.033832
6952,15,10,English,71.12,83.5,74.89,0.7112,8.35,4.765199999999999
6952,15,10,History,74.84,94.55,80.28,0.7484000000000001,9.455,1.3712200000000003
6952,15,10,Geography,73.52,88.39,69.39,0.7352,8.839,3.0743280000000004
2741,15,10,Mathematics,52.09,73.89,65.71,0.5209,7.389,12.509300999999999
2741,15,10,Science,57.55,70.89,66.69,0.5755,7.089,12.357195
2741,15,10,English,55.59,65.87,52.5,0.5559000000000001,6.587000000000001,15.157132999999996
2741,15,10,History,53.75,69.02,60.34,0.5375,6.901999999999999,14.328250000000002
2741,15,10,Geography,50.93,59.66,52.31,0.5093,5.965999999999999,19.794838000000002
7437,15,10,Mathematics,35.82,97.44,71.54,0.3582,9.744,1.6430080000000016
7437,15,10,Science,40.28,87.35,63.38,0.4028,8.735,7.554580000000003
7437,15,10,English,39.25,88.31,67.75,0.3925,8.831,7.101674999999999
7437,15,10,History,36.06,81.73,66.01,0.36060000000000003,8.173,11.681837999999997
7437,15,10,Geography,35.66,84.82,71.27,0.3566,8.482,9.766812000000005
8381,15,10,Mathematics,37.51,59.1,52.99,0.3751,5.91,25.55841
8381,15,10,Science,41.22,57.53,51.22,0.4122,5.753,24.963866
8381,15,10,English,36.73,64.81,50.28,0.36729999999999996,6.481,22.264713
8381,15,10,History,33.46,74.88,60.61,0.3346,7.4879999999999995,16.714848000000003
8381,15,10,Geography,41.01,58.89,53.77,0.41009999999999996,5.889,24.250789
8912,15,10,Mathematics,56.96,57.3,48.48,0.5696,5.7299999999999995,18.37808
8912,15,10,Science,63.57,69.93,64.17,0.6357,6.993,10.954500999999999
8912,15,10,English,56.41,74.21,64.95,0.5640999999999999,7.420999999999999,11.241861000000004
8912,15,10,History,59.47,59.64,57.65,0.5947,5.964,16.357908
8912,15,10,Geography,58.38,71.06,61.12,0.5838,7.106,12.044827999999997
7859,15,10,Mathematics,32.49,84.48,65.71,0.3249,8.448,10.477551999999996
7859,15,10,Science,31.73,85.73,62.4,0.3173,8.573,9.742128999999997
7859,15,10,English,37.1,95.54,73.13,0.371,9.554,2.8053399999999957
7859,15,10,History,32.0,88.21,65.23,0.32,8.821,8.017200000000004
7859,15,10,Geography,29.52,79.29,67.4,0.2952,7.929,14.596407999999997
9975,15,10,Mathematics,96.15,94.53,86.67,0.9615,9.453,0.21059499999999964
9975,15,10,Science,97.52,95.31,92.11,0.9752,9.531,0.11631200000000012
9975,15,10,English,100.0,82.35,79.27,1.0,8.235,0.0
9975,15,10,History,99.99,91.85,81.35,0.9998999999999999,9.184999999999999,0.0008150000000004175
9975,15,10,Geography,92.54,85.32,81.04,0.9254000000000001,8.532,1.0951279999999997
3913,15,10,Mathematics,60.74,66.37,53.14,0.6074,6.6370000000000005,13.203137999999997
3913,15,10,Science,52.31,78.64,64.71,0.5231,7.864,10.186584
3913,15,10,English,54.27,64.58,56.92,0.5427000000000001,6.458,16.197566
3913,15,10,History,60.24,63.63,59.89,0.6024,6.363,14.460712
3913,15,10,Geography,60.76,62.56,49.88,0.6076,6.256,14.691456
9747,15,10,Mathematics,90.94,71.66,66.67,0.9094,7.1659999999999995,2.567604000000001
9747,15,10,Science,86.99,72.34,68.02,0.8698999999999999,7.234,3.598566000000001
9747,15,10,English,87.52,67.57,66.65,0.8752,6.757,4.047264000000002
9747,15,10,History,91.84,71.99,73.11,0.9184,7.199,2.285615999999999
9747,15,10,Geography,88.45,70.04,57.28,0.8845000000000001,7.0040000000000004,3.4603799999999985
4275,15,10,Mathematics,73.75,75.48,64.68,0.7375,7.548,6.436499999999999
4275,15,10,Science,68.88,77.61,63.14,0.6888,7.761,6.967768000000001
4275,15,10,English,74.48,75.31,68.95,0.7448,7.531000000000001,6.300887999999999
4275,15,10,History,69.74,78.17,66.35,0.6973999999999999,7.817,6.605758000000001
4275,15,10,Geography,72.18,89.37,79.17,0.7218000000000001,8.937000000000001,2.957265999999998
6876,15,10,Mathematics,48.67,63.82,47.23,0.4867,6.382,18.571194
6876,15,10,Science,48.47,74.97,51.05,0.48469999999999996,7.497,12.897959
6876,15,10,English,52.82,61.92,49.56,0.5282,6.192,17.966144
6876,15,10,History,47.74,61.31,49.27,0.47740000000000005,6.131,20.219393999999998
6876,15,10,Geography,53.8,77.64,63.63,0.5379999999999999,7.764,10.330319999999999
1769,15,10,Mathematics,87.22,86.73,78.88,0.8722,8.673,1.6959059999999997
1769,15,10,Science,86.18,81.93,78.6,0.8618000000000001,8.193000000000001,2.4972739999999978
1769,15,10,English,86.8,90.78,82.38,0.868,9.078,1.2170400000000001
1769,15,10,History,90.34,85.92,77.43,0.9034,8.592,1.3601279999999993
1769,15,10,Geography,85.9,94.7,76.5,0.8590000000000001,9.47,0.7472999999999993
4695,15,10,Mathematics,72.73,83.52,78.22,0.7273000000000001,8.352,4.494096000000001
4695,15,10,Science,75.79,88.42,75.81,0.7579,8.842,2.803517999999999
4695,15,10,English,74.24,80.25,72.01,0.7424,8.025,5.087600000000001
4695,15,10,History,74.06,82.06,73.57,0.7406,8.206,4.653635999999999
4695,15,10,Geography,69.38,78.38,64.08,0.6938,7.837999999999999,6.620044000000003
4063,15,10,Mathematics,54.33,54.59,46.17,0.5433,5.4590000000000005,20.738747
4063,15,10,Science,53.34,50.22,40.36,0.5334,5.022,23.227347999999996
4063,15,10,English,53.43,62.55,58.29,0.5343,6.255,17.440465000000003
4063,15,10,History,55.72,53.53,46.8,0.5572,5.353,20.576916
4063,15,10,Geography,52.57,53.03,46.96,0.5257000000000001,5.303,22.277871
5178,15,10,Mathematics,85.0,73.09,68.06,0.85,7.309,4.0365
5178,15,10,Science,88.62,62.81,67.34,0.8862000000000001,6.281000000000001,4.232221999999998
5178,15,10,English,81.26,70.41,69.16,0.8126000000000001,7.0409999999999995,5.545165999999999
5178,15,10,History,81.76,61.04,57.43,0.8176000000000001,6.104,7.106303999999998
5178,15,10,Geography,83.54,66.91,60.99,0.8354,6.691,5.4466139999999985
9037,15,10,Mathematics,65.9,78.11,65.64,0.659,7.811,7.464489999999999
9037,15,10,Science,69.66,72.73,64.52,0.6966,7.273000000000001,8.273718
9037,15,10,English,69.3,68.74,67.52,0.693,6.874,9.596820000000003
9037,15,10,History,72.07,71.79,72.19,0.7206999999999999,7.179,7.879053
9037,15,10,Geography,68.86,73.14,59.87,0.6886,7.314,8.364203999999999
7814,15,10,Mathematics,63.26,84.69,73.23,0.6325999999999999,8.469,5.624894000000001
7814,15,10,Science,62.87,89.27,71.69,0.6286999999999999,8.927,3.9840490000000015
7814,15,10,English,60.28,86.83,72.98,0.6028,8.683,5.231124000000001
7814,15,10,History,63.97,85.53,71.49,0.6396999999999999,8.553,5.213541
7814,15,10,Geography,62.53,88.51,60.25,0.6253,8.851,4.305302999999998
9691,15,10,Mathematics,77.97,81.01,68.33,0.7797,8.101,4.183496999999999
9691,15,10,Science,77.09,82.89,77.6,0.7709,8.289,3.9199009999999994
9691,15,10,English,84.08,87.53,71.28,0.8408,8.753,1.985224
9691,15,10,History,80.7,86.59,80.42,0.807,8.659,2.5881299999999987
9691,15,10,Geography,77.64,79.11,72.28,0.7764,7.911,4.671004
1653,15,10,Mathematics,89.69,64.01,69.1,0.8969,6.401000000000001,3.7105690000000005
1653,15,10,Science,90.94,68.88,69.46,0.9094,6.888,2.819472000000001
1653,15,10,English,90.7,64.17,67.9,0.907,6.417,3.332189999999999
1653,15,10,History,92.16,57.36,62.82,0.9216,5.736,3.3429760000000015
1653,15,10,Geography,88.82,54.45,55.04,0.8881999999999999,5.445,5.092490000000002
9426,15,10,Mathematics,80.32,83.19,79.94,0.8031999999999999,8.318999999999999,3.3082080000000014
9426,15,10,Science,77.35,72.59,63.88,0.7735,7.259,6.2083650000000015
9426,15,10,English,80.8,81.53,74.07,0.8079999999999999,8.153,3.54624
9426,15,10,History,82.33,91.31,81.72,0.8233,9.131,1.5355229999999997
9426,15,10,Geography,85.21,83.54,79.43,0.8521,8.354000000000001,2.434434
9814,15,10,Mathematics,83.0,88.31,83.87,0.83,8.831,1.9872999999999996
9814,15,10,Science,81.53,86.01,81.48,0.8153,8.601,2.5839529999999993
9814,15,10,English,83.87,93.43,88.7,0.8387,9.343,1.0597409999999987
9814,15,10,History,79.48,86.6,75.12,0.7948000000000001,8.66,2.7496800000000006
9814,15,10,Geography,81.88,98.03,86.89,0.8188,9.803,0.3569639999999999
2181,15,10,Mathematics,29.56,84.39,58.49,0.2956,8.439,10.995683999999999
2181,15,10,Science,27.39,97.38,75.97,0.27390000000000003,9.738,1.9023820000000031
2181,15,10,English,29.44,85.39,69.66,0.2944,8.539,10.308816
2181,15,10,History,27.88,96.29,73.27,0.2788,9.629000000000001,2.6756519999999955
2181,15,10,Geography,25.41,82.28,57.01,0.2541,8.228,13.217348
2154,15,10,Mathematics,88.32,60.84,64.37,0.8832,6.0840000000000005,4.573888000000002
2154,15,10,Science,90.77,54.7,50.06,0.9077,5.470000000000001,4.181190000000002
2154,15,10,English,91.3,63.34,64.94,0.9129999999999999,6.3340000000000005,3.1894200000000006
2154,15,10,History,89.55,63.37,64.28,0.8955,6.337,3.827835000000001
2154,15,10,Geography,96.53,53.24,57.64,0.9653,5.324,1.6225719999999992
2938,15,10,Mathematics,90.5,82.67,80.8,0.905,8.267,1.64635
2938,15,10,Science,91.69,78.53,74.47,0.9168999999999999,7.853,1.7841570000000004
2938,15,10,English,92.21,83.76,79.31,0.9220999999999999,8.376000000000001,1.2650960000000007
2938,15,10,History,98.78,76.37,80.11,0.9878,7.6370000000000005,0.28828599999999965
2938,15,10,Geography,96.69,80.25,82.31,0.9669,8.025,0.6537250000000004
5748,15,10,Mathematics,77.05,88.29,78.0,0.7705,8.829,2.687444999999999
5748,15,10,Science,81.02,85.31,82.04,0.8101999999999999,8.531,2.7881620000000003
5748,15,10,English,77.16,76.11,64.5,0.7716,7.611,5.456476000000001
5748,15,10,History,75.43,89.92,86.17,0.7543000000000001,8.992,2.476655999999999
5748,15,10,Geography,76.76,75.88,75.85,0.7676000000000001,7.587999999999999,5.605488
3561,15,10,Mathematics,69.78,76.77,64.27,0.6978,7.677,7.020106000000001
3561,15,10,Science,71.47,66.02,59.28,0.7147,6.601999999999999,9.694494000000002
3561,15,10,English,71.94,61.3,58.41,0.7193999999999999,6.13,10.859220000000002
3561,15,10,History,74.29,65.14,62.69,0.7429000000000001,6.514,8.962505999999998
3561,15,10,Geography,68.6,66.49,60.24,0.6859999999999999,6.648999999999999,10.522140000000004
1182,15,10,Mathematics,94.68,70.15,67.56,0.9468000000000001,7.015000000000001,1.5880199999999975
1182,15,10,Science,89.78,69.05,66.43,0.8978,6.904999999999999,3.1630899999999995
1182,15,10,English,93.54,75.67,68.94,0.9354,7.567,1.5717179999999984
1182,15,10,History,91.62,68.33,68.48,0.9162,6.833,2.6539459999999986
1182,15,10,Geography,90.49,69.83,65.38,0.9048999999999999,6.983,2.869167000000002
4441,15,10,Mathematics,77.76,67.96,64.93,0.7776000000000001,6.795999999999999,7.125696
4441,15,10,Science,74.12,71.71,71.76,0.7412000000000001,7.170999999999999,7.321452000000001
4441,15,10,English,72.62,77.64,70.76,0.7262000000000001,7.764,6.122167999999999
4441,15,10,History,76.03,64.03,58.67,0.7603,6.4030000000000005,8.622008999999998
4441,15,10,Geography,69.96,61.2,60.32,0.6995999999999999,6.12,11.655520000000001
2877,15,10,Mathematics,34.89,78.98,56.43,0.3489,7.898000000000001,13.686121999999997
2877,15,10,Science,30.49,76.54,57.76,0.3049,7.654000000000001,16.307045999999996
2877,15,10,English,32.05,62.15,45.0,0.32049999999999995,6.215,25.719075000000004
2877,15,10,History,30.85,66.89,52.41,0.3085,6.689,22.895565
2877,15,10,Geography,28.09,75.61,52.67,0.2809,7.561,17.538849
5107,15,10,Mathematics,86.34,86.04,76.26,0.8634000000000001,8.604000000000001,1.9069359999999986
5107,15,10,Science,89.01,77.68,77.89,0.8901,7.768000000000001,2.452967999999998
5107,15,10,English,88.05,79.39,84.19,0.8805,7.939,2.4628950000000005
5107,15,10,History,88.16,69.96,68.13,0.8815999999999999,6.9959999999999996,3.556736000000002
5107,15,10,Geography,85.46,72.93,69.24,0.8545999999999999,7.293000000000001,3.9359780000000004
5671,15,10,Mathematics,85.67,84.28,80.18,0.8567,8.428,2.2526759999999997
5671,15,10,Science,85.84,85.02,77.28,0.8584,8.501999999999999,2.121168
5671,15,10,English,85.12,86.51,76.6,0.8512000000000001,8.651,2.0073119999999984
5671,15,10,History,87.88,76.73,67.25,0.8787999999999999,7.673,2.8203240000000007
5671,15,10,Geography,81.89,85.02,82.93,0.8189,8.501999999999999,2.712878000000001
6971,15,10,Mathematics,87.67,82.82,73.33,0.8767,8.282,2.1182940000000006
6971,15,10,Science,92.73,76.28,73.72,0.9273,7.628,1.724443999999999
6971,15,10,English,91.27,75.82,63.84,0.9127,7.581999999999999,2.1109140000000015
6971,15,10,History,88.51,79.87,73.31,0.8851,7.987,2.3129369999999985
6971,15,10,Geography,90.35,77.71,64.88,0.9035,7.770999999999999,2.150985000000002
5533,15,10,Mathematics,93.51,75.23,73.01,0.9351,7.523000000000001,1.6075729999999984
5533,15,10,Science,95.24,68.44,69.11,0.9523999999999999,6.843999999999999,1.5022560000000018
5533,15,10,English,90.14,69.18,71.7,0.9014,6.918000000000001,3.0388519999999994
5533,15,10,History,91.83,79.78,71.16,0.9183,7.978,1.651974
5533,15,10,Geography,99.05,75.13,66.85,0.9904999999999999,7.513,0.23626500000000075
3879,15,10,Mathematics,78.25,61.28,60.07,0.7825,6.128,8.4216
3879,15,10,Science,73.21,72.99,64.47,0.7321,7.2989999999999995,7.235979000000003
3879,15,10,English,74.33,65.7,53.66,0.7433,6.57,8.80481
3879,15,10,History,77.61,61.56,60.62,0.7761,6.156000000000001,8.606716
3879,15,10,Geography,71.87,65.35,62.08,0.7187,6.534999999999999,9.747045
7637,15,10,Mathematics,61.67,79.77,54.6,0.6167,7.976999999999999,7.7541590000000005
7637,15,10,Science,59.87,84.1,67.99,0.5987,8.41,6.380670000000002
7637,15,10,English,64.24,85.19,65.09,0.6424,8.519,5.296056000000002
7637,15,10,History,63.54,74.45,68.01,0.6354,7.445,9.315529999999999
7637,15,10,Geography,59.14,86.22,68.12,0.5914,8.622,5.630508000000001
7430,15,10,Mathematics,58.8,73.02,57.9,0.588,7.302,11.115760000000002
7430,15,10,Science,65.23,72.08,62.18,0.6523,7.208,9.707783999999998
7430,15,10,English,59.96,58.37,45.11,0.5996,5.837,16.668651999999998
7430,15,10,History,58.09,66.71,60.21,0.5809000000000001,6.670999999999999,13.951839000000001
7430,15,10,Geography,65.59,55.93,49.25,0.6559,5.593,15.164487
4913,15,10,Mathematics,43.49,79.3,66.86,0.4349,7.93,11.69757
4913,15,10,Science,40.87,83.09,64.42,0.40869999999999995,8.309000000000001,9.998883
4913,15,10,English,47.47,78.23,56.91,0.4747,7.823,11.435780999999997
4913,15,10,History,44.1,76.18,58.74,0.441,7.618,13.315379999999996
4913,15,10,Geography,47.1,71.97,56.99,0.47100000000000003,7.197,14.82787
10017,15,10,Mathematics,76.83,81.76,77.23,0.7683,8.176,4.226207999999999
10017,15,10,Science,70.23,86.98,70.14,0.7023,8.698,3.876053999999998
10017,15,10,English,72.3,82.58,72.09,0.723,8.258,4.825340000000001
10017,15,10,History,71.18,80.19,75.65,0.7118000000000001,8.019,5.709242
10017,15,10,Geography,67.78,69.35,58.21,0.6778,6.935,9.875430000000001
9485,15,10,Mathematics,91.36,71.32,67.32,0.9136,7.132,2.4779520000000006
9485,15,10,Science,92.42,84.35,78.2,0.9242,8.434999999999999,1.1862700000000002
9485,15,10,English,98.94,79.33,79.49,0.9894,7.933,0.2191020000000005
9485,15,10,History,97.85,78.88,79.09,0.9784999999999999,7.888,0.4540800000000013
9485,15,10,Geography,92.09,83.22,78.33,0.9209,8.322,1.3272979999999996
5314,15,10,Mathematics,43.54,82.68,65.88,0.4354,8.268,9.778871999999996
5314,15,10,Science,47.05,94.35,74.39,0.4705,9.434999999999999,2.991675000000003
5314,15,10,English,48.0,81.34,64.13,0.48,8.134,9.703199999999999
5314,15,10,History,39.75,81.78,54.97,0.3975,8.178,10.977549999999999
5314,15,10,Geography,41.01,96.22,77.9,0.41009999999999996,9.622,2.2298220000000004
9460,15,10,Mathematics,76.8,67.91,64.53,0.768,6.7909999999999995,7.444880000000001
9460,15,10,Science,76.38,86.54,82.47,0.7637999999999999,8.654,3.179251999999999
9460,15,10,English,73.57,81.8,71.8,0.7356999999999999,8.18,4.810260000000002
9460,15,10,History,70.29,84.33,66.33,0.7029000000000001,8.433,4.655556999999999
9460,15,10,Geography,76.55,78.77,68.47,0.7655,7.877,4.978435000000002
3713,15,10,Mathematics,70.09,85.32,72.87,0.7009000000000001,8.532,4.3907880000000015
3713,15,10,Science,70.13,84.37,71.08,0.7012999999999999,8.437000000000001,4.668680999999999
3713,15,10,English,70.79,73.24,63.8,0.7079000000000001,7.324,7.816596
3713,15,10,History,78.38,87.55,77.07,0.7837999999999999,8.754999999999999,2.691690000000001
3713,15,10,Geography,73.53,78.61,67.33,0.7353000000000001,7.861,5.661933
4773,15,10,Mathematics,20.55,76.31,58.8,0.20550000000000002,7.631,18.821704999999998
4773,15,10,Science,28.83,74.05,60.86,0.2883,7.404999999999999,18.468615000000003
4773,15,10,English,22.83,74.94,60.32,0.22829999999999998,7.494,19.338802
4773,15,10,History,20.83,82.09,59.45,0.20829999999999999,8.209,14.179346999999998
4773,15,10,Geography,24.84,74.03,53.04,0.2484,7.4030000000000005,19.519052
1367,15,10,Mathematics,84.08,95.53,87.99,0.8408,9.553,0.7116239999999999
1367,15,10,Science,81.08,90.0,79.95,0.8108,9.0,1.8920000000000001
1367,15,10,English,83.04,77.39,71.32,0.8304,7.739,3.834655999999998
1367,15,10,History,80.41,89.27,68.08,0.8040999999999999,8.927,2.1020070000000013
1367,15,10,Geography,80.09,82.15,75.86,0.8009000000000001,8.215,3.5539349999999983
1916,15,10,Mathematics,90.45,64.99,64.68,0.9045000000000001,6.499,3.3434549999999996
1916,15,10,Science,85.44,77.31,64.26,0.8543999999999999,7.731,3.303664
1916,15,10,English,91.05,61.35,65.21,0.9105,6.135,3.4591750000000006
1916,15,10,History,82.73,61.31,55.17,0.8273,6.131,6.681762999999998
1916,15,10,Geography,91.09,76.62,70.41,0.9109,7.662000000000001,2.0831579999999987
2404,15,10,Mathematics,71.92,84.21,75.81,0.7192000000000001,8.421,4.4338320000000015
2404,15,10,Science,78.04,78.87,65.6,0.7804000000000001,7.8870000000000005,4.640147999999997
2404,15,10,English,71.38,85.87,76.14,0.7138,8.587,4.0440059999999995
2404,15,10,History,70.83,74.67,67.33,0.7082999999999999,7.4670000000000005,7.388761
2404,15,10,Geography,69.76,78.68,68.3,0.6976,7.868,6.447167999999997
3979,15,10,Mathematics,36.3,81.59,64.81,0.363,8.159,11.72717
3979,15,10,Science,35.27,77.79,57.94,0.3527,7.779000000000001,14.376532999999993
3979,15,10,English,32.89,72.32,58.2,0.3289,7.231999999999999,18.576048000000004
3979,15,10,History,30.7,70.79,51.3,0.307,7.079000000000001,20.242529999999995
3979,15,10,Geography,30.16,85.39,71.23,0.3016,8.539,10.203624
2778,15,10,Mathematics,34.51,69.54,48.69,0.34509999999999996,6.954000000000001,19.948254
2778,15,10,Science,31.02,64.21,50.82,0.3102,6.420999999999999,24.687942000000007
2778,15,10,English,32.2,74.1,53.1,0.322,7.409999999999999,17.560200000000002
2778,15,10,History,29.27,62.98,43.97,0.2927,6.298,26.184246
2778,15,10,Geography,32.81,75.26,58.3,0.3281,7.526000000000001,16.622805999999997
9706,15,10,Mathematics,79.12,59.13,55.43,0.7912,5.913,8.533655999999997
9706,15,10,Science,76.57,65.56,68.23,0.7656999999999999,6.556,8.069292
9706,15,10,English,77.08,65.47,64.74,0.7707999999999999,6.547,7.914276000000001
9706,15,10,History,73.8,58.41,56.93,0.738,5.840999999999999,10.896580000000002
9706,15,10,Geography,74.25,72.46,68.03,0.7425,7.2459999999999996,7.091550000000002
9553,15,10,Mathematics,75.15,68.38,68.83,0.7515000000000001,6.837999999999999,7.857569999999999
9553,15,10,Science,73.42,72.74,68.89,0.7342,7.273999999999999,7.2457080000000005
9553,15,10,English,73.52,62.88,63.66,0.7352,6.288,9.829376000000002
9553,15,10,History,71.36,70.97,70.31,0.7136,7.0969999999999995,8.314192
9553,15,10,Geography,75.06,74.72,75.88,0.7506,7.4719999999999995,6.304832
2600,15,10,Mathematics,90.14,85.82,77.73,0.9014,8.581999999999999,1.3981480000000004
2600,15,10,Science,92.73,84.98,75.12,0.9273,8.498000000000001,1.091953999999999
2600,15,10,English,94.45,68.13,70.03,0.9445,6.813,1.7687849999999994
2600,15,10,History,91.8,80.82,78.47,0.9179999999999999,8.081999999999999,1.5727600000000013
2600,15,10,Geography,88.7,80.53,76.57,0.887,8.053,2.2001099999999996
5223,15,10,Mathematics,96.92,90.72,81.83,0.9692000000000001,9.072,0.2858239999999999
5223,15,10,Science,92.39,84.33,85.83,0.9239,8.433,1.192487
5223,15,10,English,98.17,77.15,73.54,0.9817,7.715000000000001,0.4181549999999995
5223,15,10,History,95.45,91.06,79.9,0.9545,9.106,0.40676999999999963
5223,15,10,Geography,92.67,79.64,70.43,0.9267,7.964,1.4923879999999996
6175,15,10,Mathematics,88.49,64.08,67.14,0.8848999999999999,6.4079999999999995,4.134392000000002
6175,15,10,Science,82.54,74.49,73.09,0.8254,7.449,4.454045999999999
6175,15,10,English,90.18,57.25,60.66,0.9018,5.725,4.198049999999998
6175,15,10,History,80.93,63.93,64.4,0.8093,6.393,6.878548999999998
6175,15,10,Geography,85.29,67.54,63.38,0.8529000000000001,6.7540000000000004,4.774865999999998
6990,15,10,Mathematics,93.38,69.61,67.68,0.9338,6.961,2.0118180000000017
6990,15,10,Science,89.91,68.1,70.12,0.8991,6.81,3.2187100000000015
6990,15,10,English,96.93,61.69,61.5,0.9693,6.169,1.1761169999999974
6990,15,10,History,94.88,67.29,70.4,0.9488,6.729000000000001,1.6747520000000011
6990,15,10,Geography,89.28,54.15,58.02,0.8928,5.415,4.915119999999999
5157,15,10,Mathematics,20.91,51.33,39.04,0.2091,5.133,38.493103
5157,15,10,Science,22.55,61.07,42.15,0.2255,6.107,30.151285
5157,15,10,English,22.8,52.37,43.41,0.228,5.237,36.770360000000004
5157,15,10,History,25.45,52.03,46.3,0.2545,5.203,35.761635
5157,15,10,Geography,18.06,69.85,53.17,0.18059999999999998,6.984999999999999,24.704910000000005
2642,15,10,Mathematics,67.63,81.47,65.71,0.6762999999999999,8.147,5.998161000000001
2642,15,10,Science,63.62,89.46,70.73,0.6362,8.946,3.8344520000000024
2642,15,10,English,67.67,91.81,76.92,0.6767,9.181000000000001,2.647826999999999
2642,15,10,History,68.89,85.41,64.92,0.6889,8.541,4.5389490000000015
2642,15,10,Geography,71.37,86.91,72.84,0.7137,8.690999999999999,3.7476670000000003
2492,15,10,Mathematics,86.76,50.37,51.33,0.8676,5.037,6.571011999999999
2492,15,10,Science,79.83,52.48,62.03,0.7983,5.247999999999999,9.584784000000003
2492,15,10,English,87.88,54.13,63.93,0.8787999999999999,5.413,5.559444000000002
2492,15,10,History,81.27,51.9,57.85,0.8127,5.1899999999999995,9.009130000000003
2492,15,10,Geography,82.7,58.28,62.05,0.8270000000000001,5.828,7.217559999999999
7296,15,10,Mathematics,77.95,86.5,69.67,0.7795000000000001,8.65,2.9767499999999996
7296,15,10,Science,75.16,82.82,73.5,0.7515999999999999,8.282,4.267512000000002
7296,15,10,English,84.17,79.32,69.32,0.8417,7.9319999999999995,3.2736440000000004
7296,15,10,History,80.14,77.36,71.47,0.8014,7.736,4.496304
7296,15,10,Geography,79.52,89.88,73.34,0.7951999999999999,8.988,2.0725760000000015
4304,15,10,Mathematics,61.19,81.44,64.32,0.6119,8.144,7.2031360000000015
4304,15,10,Science,57.17,87.17,71.26,0.5717,8.717,5.495088999999999
4304,15,10,English,60.77,83.83,67.37,0.6077,8.383,6.343491
4304,15,10,History,57.08,85.09,67.08,0.5708,8.509,6.399371999999999
4304,15,10,Geography,60.1,92.14,75.62,0.601,9.214,3.1361399999999997
6893,15,10,Mathematics,100.0,85.94,77.54,1.0,8.594,0.0
6893,15,10,Science,98.94,90.7,89.78,0.9894,9.07,0.09858000000000018
6893,15,10,English,92.89,76.64,71.73,0.9289000000000001,7.664,1.660896
6893,15,10,History,94.54,82.94,79.13,0.9454,8.294,0.9314759999999991
6893,15,10,Geography,92.96,76.62,74.17,0.9296,7.662000000000001,1.6459520000000012
9482,15,10,Mathematics,81.88,75.28,71.46,0.8188,7.5280000000000005,4.4792640000000015
9482,15,10,Science,81.85,65.55,59.67,0.8184999999999999,6.555,6.252675000000003
9482,15,10,English,78.94,72.2,65.82,0.7894,7.220000000000001,5.854679999999999
9482,15,10,History,76.87,79.12,72.14,0.7687,7.912000000000001,4.829543999999998
9482,15,10,Geography,83.28,71.4,66.89,0.8328,7.140000000000001,4.781919999999999
5530,15,10,Mathematics,73.15,75.43,69.03,0.7315,7.543000000000001,6.597044999999997
5530,15,10,Science,68.38,75.4,71.05,0.6838,7.540000000000001,7.778519999999999
5530,15,10,English,75.73,75.0,72.02,0.7573000000000001,7.5,6.067499999999999
5530,15,10,History,76.24,71.52,69.47,0.7624,7.151999999999999,6.766848000000002
5530,15,10,Geography,74.66,68.31,64.58,0.7465999999999999,6.831,8.030246
2185,15,10,Mathematics,84.1,61.45,64.53,0.841,6.1450000000000005,6.129450000000002
2185,15,10,Science,77.11,79.12,68.96,0.7711,7.912000000000001,4.779431999999999
2185,15,10,English,79.7,70.09,66.01,0.797,7.009,6.071729999999999
2185,15,10,History,82.91,67.88,62.87,0.8291,6.787999999999999,5.489308000000002
2185,15,10,Geography,81.46,76.03,67.49,0.8146,7.603,4.444038000000001
8923,15,10,Mathematics,35.51,78.89,69.63,0.35509999999999997,7.889,13.613839000000002
8923,15,10,Science,29.52,77.24,66.98,0.2952,7.723999999999999,16.041248000000007
8923,15,10,English,31.2,73.94,59.28,0.312,7.394,17.929280000000002
8923,15,10,History,30.49,83.25,67.5,0.3049,8.325,11.642925
8923,15,10,Geography,34.14,75.37,66.25,0.3414,7.537000000000001,16.221317999999997
4610,15,10,Mathematics,95.86,86.73,79.79,0.9586,8.673,0.5493779999999999
4610,15,10,Science,100.0,85.76,78.3,1.0,8.576,0.0
4610,15,10,English,100.0,83.15,81.2,1.0,8.315000000000001,0.0
4610,15,10,History,100.0,96.07,88.95,1.0,9.607,0.0
4610,15,10,Geography,97.75,80.79,79.46,0.9775,8.079,0.4322249999999998
5706,15,10,Mathematics,93.97,90.81,83.17,0.9397,9.081,0.5541569999999999
5706,15,10,Science,89.67,83.28,75.14,0.8967,8.328,1.7271759999999994
5706,15,10,English,88.68,93.05,84.41,0.8868,9.305,0.7867399999999998
5706,15,10,History,92.4,92.6,80.07,0.924,9.26,0.5624
5706,15,10,Geography,93.22,79.02,69.5,0.9322,7.901999999999999,1.4224440000000005
3994,15,10,Mathematics,73.39,94.94,78.39,0.7339,9.494,1.3464660000000006
3994,15,10,Science,74.9,81.89,62.63,0.7490000000000001,8.189,4.545609999999999
3994,15,10,English,76.53,91.69,82.72,0.7653,9.169,1.9503570000000006
3994,15,10,History,68.82,87.29,72.33,0.6881999999999999,8.729000000000001,3.962977999999999
3994,15,10,Geography,75.89,99.62,79.47,0.7589,9.962,0.0916179999999989
10018,15,10,Mathematics,96.71,82.35,80.52,0.9671,8.235,0.5806850000000012
10018,15,10,Science,95.27,80.56,83.21,0.9527,8.056000000000001,0.9195120000000007
10018,15,10,English,100.0,77.03,73.01,1.0,7.703,0.0
10018,15,10,History,100.0,72.85,71.83,1.0,7.284999999999999,0.0
10018,15,10,Geography,99.45,78.15,68.14,0.9945,7.815,0.12017499999999934
6167,15,10,Mathematics,79.22,73.21,69.97,0.7922,7.321,5.566962000000002
6167,15,10,Science,81.69,79.67,70.92,0.8169,7.9670000000000005,3.722423
6167,15,10,English,76.2,82.36,72.74,0.762,8.236,4.198319999999999
6167,15,10,History,84.16,77.68,75.82,0.8416,7.768000000000001,3.5354879999999995
6167,15,10,Geography,81.97,72.15,64.84,0.8197,7.215000000000001,5.021354999999999
1887,15,10,Mathematics,91.58,83.37,76.41,0.9158,8.337,1.4002459999999999
1887,15,10,Science,87.83,80.21,71.37,0.8783,8.020999999999999,2.408443000000001
1887,15,10,English,85.18,70.62,65.06,0.8518000000000001,7.062,4.354115999999998
1887,15,10,History,92.9,70.08,65.85,0.929,7.008,2.1243199999999987
1887,15,10,Geography,84.76,82.05,80.96,0.8476,8.205,2.7355799999999992
8490,15,10,Mathematics,73.83,91.86,83.76,0.7383,9.186,2.1302380000000003
8490,15,10,Science,75.26,92.69,79.56,0.7526,9.269,1.8084940000000003
8490,15,10,English,70.88,94.89,80.16,0.7088,9.489,1.488032
8490,15,10,History,74.87,97.4,83.41,0.7487,9.74,0.6533799999999985
8490,15,10,Geography,74.64,82.0,70.79,0.7464,8.2,4.5648
6924,15,10,Mathematics,77.78,0.65,11.21,0.7778,0.065,22.07557
6924,15,10,Science,73.15,0.73,16.38,0.7315,0.073,26.653994999999995
6924,15,10,English,78.01,0.0,20.11,0.7801,0.0,21.989999999999995
6924,15,10,History,81.4,0.0,15.13,0.8140000000000001,0.0,18.599999999999994
6924,15,10,Geography,79.35,0.0,7.63,0.7935,0.0,20.650000000000006
4013,15,10,Mathematics,80.69,55.34,56.84,0.8069,5.534000000000001,8.623846
4013,15,10,Science,82.71,54.97,57.23,0.8271,5.497,7.785687000000003
4013,15,10,English,79.5,59.9,54.79,0.795,5.99,8.220500000000001
4013,15,10,History,82.03,55.31,46.64,0.8203,5.531000000000001,8.030793
4013,15,10,Geography,84.41,61.94,54.12,0.8441,6.194,5.933554000000002
4744,15,10,Mathematics,93.57,78.23,77.2,0.9357,7.823,1.399811000000001
4744,15,10,Science,94.2,71.04,66.5,0.9420000000000001,7.104000000000001,1.6796799999999987
4744,15,10,English,94.62,79.01,75.21,0.9462,7.901000000000001,1.1292619999999989
4744,15,10,History,93.77,64.36,71.12,0.9377,6.436,2.2203720000000016
4744,15,10,Geography,96.0,70.58,65.09,0.96,7.058,1.1768
8749,15,10,Mathematics,66.3,86.73,79.84,0.6629999999999999,8.673,4.471989999999999
8749,15,10,Science,72.91,75.93,63.48,0.7291,7.593000000000001,6.520562999999998
8749,15,10,English,74.11,75.84,73.65,0.7411,7.5840000000000005,6.255024
8749,15,10,History,72.48,74.24,61.5,0.7248,7.4239999999999995,7.089152
8749,15,10,Geography,72.71,73.89,65.95,0.7271,7.389,7.125419000000002
5915,15,10,Mathematics,73.66,70.51,56.18,0.7365999999999999,7.051,7.767665999999999
5915,15,10,Science,73.16,78.44,66.87,0.7315999999999999,7.843999999999999,5.786704000000001
5915,15,10,English,73.67,72.81,56.82,0.7367,7.281000000000001,7.159126999999999
5915,15,10,History,78.67,76.09,64.09,0.7867000000000001,7.609,5.100002999999998
5915,15,10,Geography,72.12,71.2,61.4,0.7212000000000001,7.12,8.02944
2577,15,10,Mathematics,71.02,89.03,69.68,0.7101999999999999,8.903,3.179106
2577,15,10,Science,75.75,79.02,67.57,0.7575,7.901999999999999,5.087650000000001
2577,15,10,English,68.47,93.44,76.97,0.6847,9.344,2.068368000000001
2577,15,10,History,74.07,87.74,80.21,0.7406999999999999,8.774,3.179018000000002
2577,15,10,Geography,72.36,96.17,87.81,0.7236,9.617,1.0586119999999994
1324,15,10,Mathematics,100.0,76.11,69.84,1.0,7.611,0.0
1324,15,10,Science,100.0,87.86,71.25,1.0,8.786,0.0
1324,15,10,English,98.72,77.05,66.67,0.9872,7.705,0.2937600000000003
1324,15,10,History,100.0,93.12,87.06,1.0,9.312000000000001,0.0
1324,15,10,Geography,93.77,91.36,81.14,0.9377,9.136,0.5382720000000004
5663,15,10,Mathematics,45.68,69.89,56.28,0.4568,6.989,16.355752
5663,15,10,Science,45.46,84.76,67.33,0.4546,8.476,8.311895999999997
5663,15,10,English,41.76,85.51,58.84,0.41759999999999997,8.551,8.438975999999998
5663,15,10,History,45.67,68.31,58.91,0.4567,6.831,17.217177
5663,15,10,Geography,44.04,81.17,67.74,0.4404,8.117,10.537268
3745,15,10,Mathematics,78.21,77.55,64.31,0.7820999999999999,7.755,4.891855000000002
3745,15,10,Science,82.25,82.58,74.05,0.8225,8.258,3.0920500000000004
3745,15,10,English,76.83,83.74,78.53,0.7683,8.373999999999999,3.7674420000000013
3745,15,10,History,79.6,77.36,76.07,0.7959999999999999,7.736,4.618560000000001
3745,15,10,Geography,81.29,89.78,84.5,0.8129000000000001,8.978,1.912161999999999
6191,15,10,Mathematics,34.1,52.06,41.16,0.341,5.206,31.592460000000003
6191,15,10,Science,41.14,57.52,45.93,0.4114,5.752000000000001,25.003727999999995
6191,15,10,English,36.74,57.85,48.77,0.3674,5.785,26.664089999999998
6191,15,10,History,38.06,51.42,41.99,0.38060000000000005,5.142,30.090451999999996
6191,15,10,Geography,40.51,50.29,40.24,0.40509999999999996,5.029,29.572479
7782,15,10,Mathematics,75.78,72.72,68.41,0.7578,7.272,6.607215999999999
7782,15,10,Science,76.05,65.16,55.14,0.7605,6.516,8.344180000000001
7782,15,10,English,78.53,59.12,58.27,0.7853,5.912,8.776936000000001
7782,15,10,History,78.02,73.94,65.02,0.7802,7.394,5.727988000000002
7782,15,10,Geography,82.13,72.36,74.05,0.8212999999999999,7.236,4.939268000000001
4450,15,10,Mathematics,94.94,84.79,76.12,0.9494,8.479000000000001,0.7696260000000001
4450,15,10,Science,96.13,88.84,81.52,0.9612999999999999,8.884,0.43189200000000033
4450,15,10,English,93.22,92.01,79.47,0.9322,9.201,0.5417219999999997
4450,15,10,History,93.16,90.26,81.93,0.9316,9.026,0.666216
4450,15,10,Geography,99.31,89.76,78.53,0.9931,8.976,0.07065599999999973
9584,15,10,Mathematics,76.7,78.12,69.28,0.767,7.812,5.098039999999998
9584,15,10,Science,79.49,79.4,67.9,0.7948999999999999,7.94,4.22506
9584,15,10,English,78.2,94.23,87.45,0.782,9.423,1.257859999999999
9584,15,10,History,81.38,90.4,74.31,0.8138,9.040000000000001,1.7875199999999993
9584,15,10,Geography,76.09,83.11,74.08,0.7609,8.311,4.038398999999999
8260,15,10,Mathematics,62.45,71.86,58.75,0.6245,7.186,10.566569999999999
8260,15,10,Science,60.45,64.36,50.97,0.6045,6.436,14.095619999999998
8260,15,10,English,60.22,59.27,53.84,0.6022,5.9270000000000005,16.202393999999998
8260,15,10,History,66.95,60.59,57.35,0.6695,6.059,13.025004999999998
8260,15,10,Geography,58.66,74.51,62.86,0.5866,7.4510000000000005,10.537566
8654,15,10,Mathematics,90.86,64.08,63.09,0.9086,6.4079999999999995,3.2830880000000002
8654,15,10,Science,88.79,59.44,63.64,0.8879,5.944,4.546775999999998
8654,15,10,English,95.56,62.91,69.43,0.9556,6.2909999999999995,1.6467959999999993
8654,15,10,History,94.8,65.3,64.01,0.948,6.529999999999999,1.8044000000000011
8654,15,10,Geography,94.75,70.9,74.27,0.9475,7.090000000000001,1.5277499999999997
9576,15,10,Mathematics,98.24,61.53,62.77,0.9823999999999999,6.1530000000000005,0.677072000000002
9576,15,10,Science,95.03,67.88,67.28,0.9503,6.787999999999999,1.596364
9576,15,10,English,96.48,64.92,66.08,0.9648,6.492,1.2348159999999986
9576,15,10,History,96.46,66.66,63.7,0.9645999999999999,6.6659999999999995,1.180236000000002
9576,15,10,Geography,98.45,75.11,75.37,0.9845,7.511,0.38579499999999933
3551,15,10,Mathematics,45.77,73.14,58.77,0.45770000000000005,7.314,14.566178
3551,15,10,Science,49.65,76.85,64.74,0.4965,7.685,11.656025000000005
3551,15,10,English,48.39,70.19,55.95,0.4839,7.019,15.384941000000001
3551,15,10,History,41.98,69.83,47.19,0.41979999999999995,6.983,17.504634
3551,15,10,Geography,45.89,74.25,66.1,0.45890000000000003,7.425,13.933325
8816,15,10,Mathematics,73.36,89.4,78.82,0.7336,8.940000000000001,2.8238399999999984
8816,15,10,Science,77.01,84.18,70.73,0.7701,8.418000000000001,3.6370179999999976
8816,15,10,English,71.36,84.79,81.19,0.7136,8.479000000000001,4.356143999999998
8816,15,10,History,69.46,73.12,70.62,0.6945999999999999,7.312,8.209152
8816,15,10,Geography,72.49,76.74,64.16,0.7249,7.6739999999999995,6.398826000000002
8161,15,10,Mathematics,92.95,58.02,58.28,0.9295,5.8020000000000005,2.959589999999998
8161,15,10,Science,92.93,67.93,68.74,0.9293,6.793000000000001,2.267348999999997
8161,15,10,English,91.5,66.57,69.09,0.915,6.656999999999999,2.8415500000000007
8161,15,10,History,89.64,51.96,58.15,0.8964,5.196,4.976944
8161,15,10,Geography,90.27,68.72,64.84,0.9027,6.872,3.043544000000001
9464,15,10,Mathematics,48.48,85.13,69.52,0.48479999999999995,8.513,7.661024000000003
9464,15,10,Science,45.27,80.91,66.04,0.45270000000000005,8.091,10.447957
9464,15,10,English,50.22,80.73,62.13,0.5022,8.073,9.592605999999998
9464,15,10,History,47.28,77.41,63.99,0.4728,7.741,11.909448000000003
9464,15,10,Geography,45.94,87.55,63.56,0.4594,8.754999999999999,6.730470000000001
8460,15,10,Mathematics,73.58,77.21,65.41,0.7358,7.720999999999999,6.021118000000002
8460,15,10,Science,74.06,79.48,66.57,0.7406,7.948,5.322887999999998
8460,15,10,English,75.23,85.02,76.94,0.7523000000000001,8.501999999999999,3.7105460000000003
8460,15,10,History,70.33,68.0,56.74,0.7033,6.8,9.4944
8460,15,10,Geography,68.24,78.09,67.02,0.6823999999999999,7.809,6.958615999999999
4046,15,10,Mathematics,51.18,74.8,62.73,0.5118,7.4799999999999995,12.302640000000002
4046,15,10,Science,52.68,62.24,52.16,0.5268,6.224,17.868032
4046,15,10,English,49.22,55.21,42.51,0.49219999999999997,5.521,22.744362000000002
4046,15,10,History,51.62,58.97,45.98,0.5162,5.897,19.850314
4046,15,10,Geography,53.64,72.27,59.9,0.5364,7.226999999999999,12.855628000000001
9086,15,10,Mathematics,98.23,89.28,75.35,0.9823000000000001,8.928,0.18974399999999958
9086,15,10,Science,92.89,89.46,80.04,0.9289000000000001,8.946,0.7493940000000003
9086,15,10,English,92.96,79.01,74.76,0.9296,7.901000000000001,1.4776960000000008
9086,15,10,History,90.9,73.71,70.32,0.909,7.3709999999999996,2.3923899999999994
9086,15,10,Geography,92.89,80.82,69.74,0.9289000000000001,8.081999999999999,1.3636980000000003
2314,15,10,Mathematics,82.43,61.85,60.05,0.8243,6.1850000000000005,6.7029549999999976
2314,15,10,Science,90.99,57.9,61.61,0.9098999999999999,5.79,3.7932100000000024
2314,15,10,English,85.79,50.39,57.82,0.8579000000000001,5.039,7.049580999999997
2314,15,10,History,84.32,57.12,55.83,0.8432,5.712,6.723584000000003
2314,15,10,Geography,83.5,69.46,64.44,0.835,6.946,5.039100000000001
1206,15,10,Mathematics,61.5,70.54,58.77,0.615,7.054,11.342099999999999
1206,15,10,Science,54.66,84.97,69.98,0.5466,8.497,6.814602000000001
1206,15,10,English,57.87,76.1,68.18,0.5787,7.609999999999999,10.069070000000004
1206,15,10,History,57.33,76.25,59.84,0.5733,7.625,10.134125000000001
1206,15,10,Geography,59.55,74.09,54.99,0.5954999999999999,7.409000000000001,10.480595
9538,15,10,Mathematics,97.29,77.54,70.42,0.9729000000000001,7.7540000000000004,0.6086659999999984
9538,15,10,Science,94.84,84.53,83.81,0.9484,8.453,0.7982519999999994
9538,15,10,English,93.83,87.25,78.09,0.9383,8.725,0.7866750000000002
9538,15,10,History,89.75,74.78,71.48,0.8975,7.478,2.58505
9538,15,10,Geography,91.67,80.94,70.36,0.9167000000000001,8.094,1.5876979999999998
5150,15,10,Mathematics,69.99,92.47,75.15,0.6999,9.247,2.259753000000001
5150,15,10,Science,63.76,93.79,71.47,0.6376,9.379000000000001,2.250503999999998
5150,15,10,English,71.39,97.22,90.48,0.7139,9.722,0.7953580000000003
5150,15,10,History,69.81,85.45,76.46,0.6981,8.545,4.392644999999999
5150,15,10,Geography,66.83,94.47,77.17,0.6683,9.447,1.8343010000000004
6316,15,10,Mathematics,65.1,91.94,80.28,0.6509999999999999,9.193999999999999,2.8129400000000016
6316,15,10,Science,65.28,84.79,70.0,0.6528,8.479000000000001,5.280911999999997
6316,15,10,English,64.89,95.44,76.0,0.6489,9.544,1.6010160000000007
6316,15,10,History,70.4,81.08,74.85,0.7040000000000001,8.108,5.600319999999999
6316,15,10,Geography,61.87,94.31,72.7,0.6187,9.431000000000001,2.1695969999999996
3539,15,10,Mathematics,60.41,70.69,60.43,0.6041,7.069,11.603829000000003
3539,15,10,Science,66.18,63.46,60.46,0.6618,6.346,12.357827999999998
3539,15,10,English,66.53,69.0,62.54,0.6653,6.9,10.3757
3539,15,10,History,61.84,56.47,52.75,0.6184000000000001,5.647,16.611047999999997
3539,15,10,Geography,64.31,63.54,57.99,0.6431,6.354,13.012573999999999
1979,15,10,Mathematics,79.31,90.03,77.71,0.7931,9.003,2.0627929999999997
1979,15,10,Science,76.68,81.37,69.94,0.7668,8.137,4.344515999999998
1979,15,10,English,75.22,84.73,79.52,0.7522,8.473,3.783905999999999
1979,15,10,History,72.75,84.8,73.31,0.7275,8.48,4.142000000000001
1979,15,10,Geography,75.22,85.35,80.9,0.7522,8.535,3.6302700000000017
8187,15,10,Mathematics,74.99,93.39,81.38,0.7498999999999999,9.339,1.653161
8187,15,10,Science,77.0,82.05,77.17,0.77,8.205,4.128500000000001
8187,15,10,English,76.6,92.09,87.75,0.7659999999999999,9.209,1.8509399999999996
8187,15,10,History,77.96,96.04,80.78,0.7796,9.604000000000001,0.8727839999999989
8187,15,10,Geography,71.0,82.38,69.26,0.71,8.238,5.109800000000002
9892,15,10,Mathematics,27.1,61.09,46.71,0.271,6.109,28.365389999999998
9892,15,10,Science,23.27,70.87,47.33,0.2327,7.087000000000001,22.351449
9892,15,10,English,20.01,66.13,47.86,0.20010000000000003,6.6129999999999995,27.092613
9892,15,10,History,26.71,69.04,47.29,0.2671,6.904000000000001,22.690583999999994
9892,15,10,Geography,27.44,60.1,51.83,0.27440000000000003,6.01,28.951439999999998
2128,15,10,Mathematics,86.74,76.57,69.03,0.8674,7.656999999999999,3.1068180000000023
2128,15,10,Science,85.18,88.73,83.84,0.8518000000000001,8.873000000000001,1.6702139999999985
2128,15,10,English,86.17,78.47,69.23,0.8617,7.8469999999999995,2.9775989999999997
2128,15,10,History,86.61,80.01,71.92,0.8661,8.001000000000001,2.6766609999999993
2128,15,10,Geography,82.12,74.74,65.41,0.8212,7.473999999999999,4.516488
4039,15,10,Mathematics,77.5,79.33,79.3,0.775,7.933,4.65075
4039,15,10,Science,74.74,89.53,85.27,0.7474,8.953,2.6447220000000002
4039,15,10,English,72.08,77.23,71.24,0.7208,7.723000000000001,6.357384
4039,15,10,History,78.62,87.12,83.19,0.7862,8.712,2.753743999999999
4039,15,10,Geography,76.47,85.7,74.06,0.7646999999999999,8.57,3.3647899999999993
4110,15,10,Mathematics,24.46,88.34,69.83,0.2446,8.834,8.807963999999997
4110,15,10,Science,25.82,85.87,61.81,0.2582,8.587,10.481633999999996
4110,15,10,English,27.62,89.04,60.16,0.2762,8.904,7.932847999999995
4110,15,10,History,25.35,89.73,74.85,0.2535,8.973,7.666554999999997
4110,15,10,Geography,28.27,81.72,58.06,0.2827,8.172,13.112244
9572,15,10,Mathematics,34.2,60.99,52.47,0.342,6.099,25.66858
9572,15,10,Science,33.08,66.11,53.77,0.3308,6.611,22.679188
9572,15,10,English,32.32,59.58,44.3,0.3232,5.958,27.356256000000002
9572,15,10,History,29.58,61.07,51.38,0.2958,6.107,27.414506000000003
9572,15,10,Geography,28.07,59.11,42.41,0.2807,5.911,29.412177
7366,15,10,Mathematics,59.12,87.21,69.51,0.5912,8.721,5.228552000000003
7366,15,10,Science,54.9,85.71,78.96,0.5489999999999999,8.571,6.444790000000003
7366,15,10,English,53.26,90.75,75.07,0.5326,9.075,4.32345
7366,15,10,History,58.37,92.53,78.43,0.5837,9.253,3.1097609999999998
7366,15,10,Geography,58.18,91.14,75.98,0.5818,9.114,3.7052519999999998
1214,15,10,Mathematics,75.32,79.06,72.02,0.7532,7.906000000000001,5.167992000000001
1214,15,10,Science,74.18,84.16,72.47,0.7418,8.416,4.089887999999999
1214,15,10,English,78.27,83.03,82.63,0.7827,8.303,3.6875810000000007
1214,15,10,History,79.01,73.1,71.76,0.7901,7.31,5.64631
1214,15,10,Geography,82.41,72.15,64.65,0.8240999999999999,7.215000000000001,4.898815
1955,15,10,Mathematics,24.67,83.15,64.78,0.24670000000000003,8.315000000000001,12.693104999999996
1955,15,10,Science,29.35,89.71,65.56,0.29350000000000004,8.971,7.269885000000005
1955,15,10,English,31.29,94.57,66.13,0.3129,9.456999999999999,3.7309530000000053
1955,15,10,History,34.33,83.58,66.62,0.3433,8.358,10.783014000000001
1955,15,10,Geography,30.45,92.4,62.96,0.3045,9.24,5.285799999999996
4784,15,10,Mathematics,77.1,76.33,66.9,0.7709999999999999,7.633,5.420430000000001
4784,15,10,Science,72.11,74.91,71.07,0.7211,7.491,6.997601
4784,15,10,English,78.2,71.75,70.52,0.782,7.175,6.158499999999999
4784,15,10,History,77.23,60.46,62.92,0.7723,6.046,9.003257999999999
4784,15,10,Geography,70.65,65.44,62.56,0.7065,6.544,10.14336
2728,15,10,Mathematics,70.83,84.32,78.03,0.7082999999999999,8.431999999999999,4.573856000000003
2728,15,10,Science,68.03,79.31,72.33,0.6803,7.931,6.614592999999998
2728,15,10,English,71.61,92.02,76.04,0.7161,9.202,2.265522000000001
2728,15,10,History,68.7,92.91,74.05,0.687,9.291,2.219170000000001
2728,15,10,Geography,65.73,78.29,65.54,0.6573,7.829000000000001,7.4400169999999965
9747,15,10,Mathematics,85.23,73.33,70.76,0.8523000000000001,7.333,3.939158999999999
9747,15,10,Science,81.86,65.63,54.94,0.8186,6.563,6.234718000000002
9747,15,10,English,81.44,68.75,65.81,0.8144,6.875,5.800000000000001
9747,15,10,History,88.44,64.53,64.96,0.8844,6.453,4.100332000000001
9747,15,10,Geography,81.7,74.56,74.89,0.8170000000000001,7.456,4.655519999999999
4943,15,10,Mathematics,92.46,90.62,90.22,0.9246,9.062000000000001,0.7072520000000003
4943,15,10,Science,97.52,73.69,68.43,0.9752,7.369,0.6524880000000012
4943,15,10,English,96.05,90.01,82.82,0.9605,9.001000000000001,0.3946050000000001
4943,15,10,History,89.73,82.94,77.57,0.8973,8.294,1.7520619999999996
4943,15,10,Geography,90.9,80.83,73.62,0.909,8.083,1.744469999999999
5660,15,10,Mathematics,69.49,82.91,68.8,0.6949,8.291,5.214159000000002
5660,15,10,Science,71.45,81.27,77.98,0.7145,8.126999999999999,5.347415000000001
5660,15,10,English,74.6,79.17,74.32,0.746,7.917,5.290820000000001
5660,15,10,History,72.4,81.74,80.84,0.7240000000000001,8.174,5.03976
5660,15,10,Geography,75.07,87.05,84.59,0.7506999999999999,8.705,3.228435000000002
5521,15,10,Mathematics,33.36,70.09,53.65,0.3336,7.009,19.932024
5521,15,10,Science,30.4,78.87,64.05,0.304,7.8870000000000005,14.706479999999994
5521,15,10,English,32.42,81.85,67.6,0.32420000000000004,8.184999999999999,12.265770000000005
5521,15,10,History,34.89,78.59,58.93,0.3489,7.859,13.940050999999999
5521,15,10,Geography,29.32,80.37,66.01,0.2932,8.037,13.874483999999997
4817,15,10,Mathematics,89.42,85.87,81.51,0.8942,8.587,1.4949539999999992
4817,15,10,Science,89.43,78.63,71.76,0.8943000000000001,7.8629999999999995,2.258808999999999
4817,15,10,English,90.57,95.35,84.15,0.9057,9.535,0.43849500000000086
4817,15,10,History,81.91,78.11,79.06,0.8190999999999999,7.811,3.959901000000001
4817,15,10,Geography,84.91,94.73,82.17,0.8491,9.473,0.7952429999999996
8905,15,10,Mathematics,84.79,80.86,75.85,0.8479000000000001,8.086,2.9111939999999987
8905,15,10,Science,81.61,79.83,71.32,0.8161,7.983,3.7092630000000004
8905,15,10,English,82.03,88.55,81.61,0.8203,8.855,2.0575650000000003
8905,15,10,History,85.53,92.31,81.81,0.8553000000000001,9.231,1.1127429999999996
8905,15,10,Geography,87.33,93.96,91.33,0.8733,9.395999999999999,0.765268000000001
10019,15,10,Mathematics,53.91,56.33,48.03,0.5390999999999999,5.633,20.127503
10019,15,10,Science,51.09,56.27,52.41,0.5109,5.627000000000001,21.388342999999995
10019,15,10,English,50.02,66.75,45.88,0.5002,6.675,16.61835
10019,15,10,History,46.02,64.55,53.23,0.46020000000000005,6.455,19.135910000000003
10019,15,10,Geography,48.11,55.03,42.02,0.48109999999999997,5.503,23.334933
7266,15,10,Mathematics,55.39,77.34,64.79,0.5539000000000001,7.734,10.108625999999997
7266,15,10,Science,57.23,70.06,57.5,0.5722999999999999,7.006,12.805337999999999
7266,15,10,English,57.93,86.82,68.16,0.5793,8.681999999999999,5.544826000000003
7266,15,10,History,59.33,75.65,69.76,0.5932999999999999,7.565,9.903144999999999
7266,15,10,Geography,55.37,76.02,71.53,0.5537,7.601999999999999,10.702274000000003
3509,15,10,Mathematics,57.06,85.66,64.11,0.5706,8.565999999999999,6.157596000000001
3509,15,10,Science,53.77,91.58,71.76,0.5377000000000001,9.158,3.8925660000000004
3509,15,10,English,57.06,93.02,79.36,0.5706,9.302,2.997212000000002
3509,15,10,History,52.27,89.86,69.01,0.5227,8.986,4.839822
3509,15,10,Geography,52.14,82.12,72.91,0.5214,8.212,8.557367999999999
10020,15,10,Mathematics,96.44,67.86,63.49,0.9643999999999999,6.786,1.1441840000000008
10020,15,10,Science,95.66,71.53,67.77,0.9566,7.1530000000000005,1.2355980000000009
10020,15,10,English,94.77,72.84,76.05,0.9477,7.284000000000001,1.420468000000001
10020,15,10,History,92.49,70.32,71.19,0.9248999999999999,7.031999999999999,2.2289680000000023
10020,15,10,Geography,96.31,82.15,75.74,0.9631000000000001,8.215,0.6586649999999995
7529,15,10,Mathematics,65.26,69.62,68.58,0.6526000000000001,6.962000000000001,10.554011999999998
7529,15,10,Science,63.8,71.06,64.77,0.638,7.106,10.47628
7529,15,10,English,57.85,73.98,60.01,0.5785,7.398000000000001,10.967429999999997
7529,15,10,History,59.31,83.97,64.22,0.5931000000000001,8.397,6.522607000000001
7529,15,10,Geography,65.08,79.46,68.9,0.6507999999999999,7.946,7.172568000000002
9589,15,10,Mathematics,74.02,91.22,74.69,0.7402,9.122,2.2810440000000005
9589,15,10,Science,75.32,89.63,78.77,0.7532,8.963,2.5593160000000017
9589,15,10,English,75.37,78.9,72.86,0.7537,7.890000000000001,5.196929999999997
9589,15,10,History,79.11,87.55,76.81,0.7911,8.754999999999999,2.6008050000000007
9589,15,10,Geography,74.47,78.81,72.16,0.7447,7.881,5.409807
7939,15,10,Mathematics,22.08,78.41,60.43,0.2208,7.840999999999999,16.822928000000005
7939,15,10,Science,21.91,92.85,65.81,0.2191,9.285,5.583435000000005
7939,15,10,English,20.38,97.79,73.85,0.20379999999999998,9.779,1.759601999999995
7939,15,10,History,28.38,81.77,69.65,0.2838,8.177,13.056326000000004
7939,15,10,Geography,26.08,95.29,65.81,0.2608,9.529,3.481631999999996
8245,15,10,Mathematics,87.62,81.89,75.04,0.8762000000000001,8.189,2.242017999999999
8245,15,10,Science,88.53,80.7,74.5,0.8853,8.07,2.2137099999999994
8245,15,10,English,85.11,97.61,94.21,0.8511,9.761,0.35587100000000005
8245,15,10,History,86.19,88.8,78.77,0.8619,8.879999999999999,1.5467200000000005
8245,15,10,Geography,92.78,82.58,78.87,0.9278,8.258,1.2577239999999998
2841,15,10,Mathematics,91.35,72.4,67.9,0.9135,7.24,2.387400000000001
2841,15,10,Science,84.31,65.82,65.67,0.8431000000000001,6.581999999999999,5.3628420000000006
2841,15,10,English,91.09,71.76,69.42,0.9109,7.176,2.5161839999999986
2841,15,10,History,87.65,58.98,67.17,0.8765000000000001,5.898,5.065969999999998
2841,15,10,Geography,84.58,74.22,67.07,0.8458,7.422,3.9752760000000005
8373,15,10,Mathematics,28.11,93.81,67.32,0.2811,9.381,4.449990999999998
8373,15,10,Science,23.07,85.24,61.03,0.23070000000000002,8.524,11.354868000000005
8373,15,10,English,24.4,85.6,64.38,0.244,8.559999999999999,10.886400000000004
8373,15,10,History,23.51,81.24,65.59,0.2351,8.123999999999999,14.349524000000004
8373,15,10,Geography,20.05,97.43,61.22,0.2005,9.743,2.0547149999999945
9991,15,10,Mathematics,78.67,69.47,69.62,0.7867000000000001,6.947,6.512048999999999
9991,15,10,Science,81.65,69.71,65.13,0.8165,6.970999999999999,5.558214999999999
9991,15,10,English,85.95,76.62,68.53,0.8595,7.662000000000001,3.2848899999999985
9991,15,10,History,76.8,79.17,76.06,0.768,7.917,4.83256
9991,15,10,Geography,83.12,78.75,70.83,0.8312,7.875,3.5869999999999993
5653,15,10,Mathematics,90.04,83.13,79.0,0.9004000000000001,8.312999999999999,1.6802519999999992
5653,15,10,Science,93.02,85.81,79.98,0.9301999999999999,8.581,0.9904620000000004
5653,15,10,English,91.07,77.79,68.65,0.9107,7.779000000000001,1.983353000000001
5653,15,10,History,89.13,75.45,74.5,0.8913,7.545,2.668585000000001
5653,15,10,Geography,93.92,73.37,69.35,0.9392,7.337000000000001,1.6191039999999992
6901,15,10,Mathematics,52.9,55.4,48.52,0.529,5.54,21.006600000000002
6901,15,10,Science,50.47,53.21,46.29,0.5047,5.321,23.175086999999998
6901,15,10,English,52.87,61.2,63.0,0.5287,6.12,18.28644
6901,15,10,History,51.49,54.29,49.08,0.5149,5.429,22.173921
6901,15,10,Geography,49.49,68.87,50.85,0.4949,6.8870000000000005,15.723762999999996
8940,15,10,Mathematics,96.33,61.69,62.42,0.9632999999999999,6.169,1.4059770000000007
8940,15,10,Science,96.72,61.71,64.0,0.9672,6.171,1.2559120000000004
8940,15,10,English,96.53,62.79,66.81,0.9653,6.279,1.2911869999999996
8940,15,10,History,94.11,63.74,64.24,0.9411,6.3740000000000006,2.135714
8940,15,10,Geography,96.34,74.85,67.24,0.9634,7.484999999999999,0.9204899999999994
6465,15,10,Mathematics,49.77,69.81,60.28,0.49770000000000003,6.981,15.164436999999998
6465,15,10,Science,51.33,74.7,56.39,0.5133,7.470000000000001,12.313509999999999
6465,15,10,English,52.56,76.26,56.98,0.5256000000000001,7.626,11.262255999999997
6465,15,10,History,52.72,68.2,53.23,0.5272,6.82,15.035039999999999
6465,15,10,Geography,55.69,73.74,56.8,0.5569,7.374,11.635806000000002
9212,15,10,Mathematics,29.05,69.19,59.39,0.2905,6.919,21.859695000000002
9212,15,10,Science,24.07,56.69,44.83,0.2407,5.669,32.885283
9212,15,10,English,28.27,56.08,43.15,0.2827,5.608,31.503816
9212,15,10,History,30.04,52.35,41.46,0.3004,5.235,33.33594000000001
9212,15,10,Geography,26.16,56.48,49.65,0.2616,5.648,32.135168
3248,15,10,Mathematics,63.79,82.35,72.53,0.6379,8.235,6.391065000000002
3248,15,10,Science,59.23,83.09,68.98,0.5922999999999999,8.309000000000001,6.894206999999999
3248,15,10,English,60.21,89.42,75.66,0.6021,8.942,4.209781999999999
3248,15,10,History,58.63,84.08,66.95,0.5863,8.408,6.586104000000001
3248,15,10,Geography,63.48,94.54,74.54,0.6347999999999999,9.454,1.9939919999999978
6395,15,10,Mathematics,80.09,98.02,79.14,0.8009000000000001,9.802,0.39421800000000073
6395,15,10,Science,76.05,87.69,70.3,0.7605,8.769,2.9482450000000013
6395,15,10,English,79.43,89.16,70.57,0.7943000000000001,8.916,2.229788
6395,15,10,History,75.81,80.82,69.38,0.7581,8.081999999999999,4.639642000000001
6395,15,10,Geography,76.48,86.37,78.72,0.7648,8.637,3.2057759999999984
6062,15,10,Mathematics,93.13,88.12,83.98,0.9312999999999999,8.812000000000001,0.8161560000000003
6062,15,10,Science,90.96,88.89,85.94,0.9096,8.889,1.0043440000000006
6062,15,10,English,96.0,79.37,76.27,0.96,7.937,0.8251999999999998
6062,15,10,History,88.08,80.84,75.68,0.8808,8.084,2.2838719999999997
6062,15,10,Geography,94.34,86.2,82.18,0.9434,8.620000000000001,0.7810799999999993
4016,15,10,Mathematics,58.04,82.73,68.09,0.5804,8.273,7.246491999999998
4016,15,10,Science,58.31,90.09,71.5,0.5831000000000001,9.009,4.131478999999998
4016,15,10,English,55.54,90.35,76.67,0.5554,9.035,4.290390000000003
4016,15,10,History,51.61,90.64,69.82,0.5161,9.064,4.529304
4016,15,10,Geography,55.38,84.25,64.82,0.5538000000000001,8.425,7.0276499999999995
3489,15,10,Mathematics,86.69,59.13,61.23,0.8669,5.913,5.439797000000001
3489,15,10,Science,92.78,60.02,61.09,0.9278,6.002000000000001,2.8865559999999992
3489,15,10,English,88.04,62.53,69.12,0.8804000000000001,6.253,4.481411999999997
3489,15,10,History,92.0,56.03,59.13,0.92,5.603,3.5176
3489,15,10,Geography,91.38,61.27,63.75,0.9138,6.127000000000001,3.3385260000000017
4804,15,10,Mathematics,71.49,88.14,81.21,0.7149,8.814,3.3812860000000007
4804,15,10,Science,72.31,89.87,84.15,0.7231000000000001,8.987,2.8049969999999984
4804,15,10,English,71.62,75.03,64.47,0.7162000000000001,7.503,7.086485999999999
4804,15,10,History,72.84,84.9,70.36,0.7284,8.49,4.101159999999998
4804,15,10,Geography,66.09,82.49,66.97,0.6609,8.248999999999999,5.937641000000001
4014,15,10,Mathematics,77.91,63.57,61.45,0.7791,6.357,8.047387
4014,15,10,Science,85.56,64.4,60.69,0.8556,6.44,5.1406399999999985
4014,15,10,English,78.43,67.01,65.55,0.7843000000000001,6.7010000000000005,7.115942999999996
4014,15,10,History,86.59,65.01,66.93,0.8659,6.501,4.692158999999998
4014,15,10,Geography,80.99,56.35,54.69,0.8099,5.635,8.297865000000002
5421,15,10,Mathematics,83.92,81.68,72.76,0.8392000000000001,8.168000000000001,2.9458559999999987
5421,15,10,Science,79.76,80.26,67.29,0.7976000000000001,8.026,3.9953759999999976
5421,15,10,English,76.91,97.35,92.81,0.7691,9.735,0.6118850000000013
5421,15,10,History,75.33,82.6,76.58,0.7533,8.26,4.292580000000002
5421,15,10,Geography,84.6,90.31,78.83,0.846,9.031,1.4922600000000004
8496,15,10,Mathematics,55.33,73.83,57.19,0.5533,7.383,11.690139000000002
8496,15,10,Science,48.05,81.17,69.34,0.4805,8.117,9.782185
8496,15,10,English,48.72,70.6,58.27,0.48719999999999997,7.06,15.076320000000003
8496,15,10,History,47.31,69.78,56.26,0.4731,6.978,15.922918
8496,15,10,Geography,50.57,68.92,54.23,0.5057,6.892,15.362844
9530,15,10,Mathematics,68.71,72.26,60.5,0.6870999999999999,7.226000000000001,8.679846
9530,15,10,Science,75.08,74.66,65.68,0.7508,7.465999999999999,6.3147280000000015
9530,15,10,English,72.85,71.91,69.5,0.7284999999999999,7.191,7.6264350000000025
9530,15,10,History,71.05,86.91,75.82,0.7105,8.690999999999999,3.7895550000000013
9530,15,10,Geography,72.35,72.78,62.89,0.7234999999999999,7.2780000000000005,7.5263300000000015
7347,15,10,Mathematics,56.16,84.48,65.72,0.5616,8.448,6.8039679999999985
7347,15,10,Science,54.52,71.97,66.05,0.5452,7.197,12.748044
7347,15,10,English,50.51,72.09,60.68,0.5051,7.2090000000000005,13.812658999999998
7347,15,10,History,57.2,83.33,66.57,0.5720000000000001,8.333,7.13476
7347,15,10,Geography,56.87,84.74,72.13,0.5687,8.474,6.5816380000000025
1893,15,10,Mathematics,89.15,86.76,77.43,0.8915000000000001,8.676,1.4365399999999988
1893,15,10,Science,93.09,83.86,81.32,0.9309000000000001,8.386,1.1152739999999994
1893,15,10,English,88.92,93.3,78.83,0.8892,9.33,0.7423600000000001
1893,15,10,History,94.59,94.16,84.37,0.9459000000000001,9.416,0.315944
1893,15,10,Geography,96.54,92.07,86.49,0.9654,9.206999999999999,0.27437799999999973
7440,15,10,Mathematics,88.07,83.48,75.94,0.8806999999999999,8.348,1.9708360000000007
7440,15,10,Science,89.7,69.59,67.28,0.897,6.9590000000000005,3.132229999999999
7440,15,10,English,86.76,85.68,71.82,0.8676,8.568000000000001,1.8959679999999983
7440,15,10,History,91.82,80.58,77.65,0.9181999999999999,8.058,1.5885560000000014
7440,15,10,Geography,87.12,76.82,74.6,0.8712000000000001,7.6819999999999995,2.9855840000000002
2477,15,10,Mathematics,61.57,93.58,72.04,0.6157,9.358,2.467206000000001
2477,15,10,Science,64.92,77.73,67.34,0.6492,7.773000000000001,7.812315999999998
2477,15,10,English,61.03,94.14,76.57,0.6103000000000001,9.414,2.283642
2477,15,10,History,63.86,84.29,74.93,0.6386,8.429,5.677593999999998
2477,15,10,Geography,60.53,91.84,71.03,0.6053000000000001,9.184000000000001,3.2207519999999987
9383,15,10,Mathematics,87.52,54.08,50.38,0.8752,5.4079999999999995,5.730816000000002
9383,15,10,Science,94.32,53.1,59.0,0.9431999999999999,5.3100000000000005,2.663920000000003
9383,15,10,English,86.72,52.5,51.68,0.8672,5.25,6.308000000000001
9383,15,10,History,92.23,53.98,62.11,0.9223,5.398,3.575753999999998
9383,15,10,Geography,93.34,63.37,61.06,0.9334,6.337,2.439557999999999
3656,15,10,Mathematics,23.45,51.39,37.5,0.2345,5.139,37.210955
3656,15,10,Science,27.5,66.85,47.22,0.275,6.685,24.033750000000005
3656,15,10,English,25.29,64.31,48.23,0.2529,6.431,26.663999
3656,15,10,History,30.47,56.09,44.95,0.30469999999999997,5.609,30.530622999999995
3656,15,10,Geography,25.95,56.34,52.38,0.2595,5.634,32.33023
3155,15,10,Mathematics,97.18,78.37,72.83,0.9718000000000001,7.837000000000001,0.6099659999999983
3155,15,10,Science,92.64,82.16,84.47,0.9264,8.216,1.313024
3155,15,10,English,93.09,83.84,81.45,0.9309000000000001,8.384,1.1166559999999992
3155,15,10,History,96.18,89.24,86.93,0.9618000000000001,8.924,0.41103199999999945
3155,15,10,Geography,95.93,91.68,89.88,0.9593,9.168000000000001,0.33862399999999915
9084,15,10,Mathematics,93.88,72.58,71.03,0.9388,7.258,1.6781040000000014
9084,15,10,Science,90.41,78.68,72.24,0.9041,7.868,2.044588
9084,15,10,English,85.28,69.92,74.85,0.8528,6.992,4.427776
9084,15,10,History,87.51,80.48,75.99,0.8751000000000001,8.048,2.4380479999999984
9084,15,10,Geography,84.23,71.67,70.24,0.8423,7.167,4.467640999999999
5009,15,10,Mathematics,51.1,81.9,66.58,0.511,8.190000000000001,8.850899999999998
5009,15,10,Science,47.21,95.87,80.71,0.4721,9.587,2.1802269999999977
5009,15,10,English,52.87,91.17,73.36,0.5287,9.117,4.161579
5009,15,10,History,52.65,99.76,82.19,0.5265,9.976,0.11363999999999758
5009,15,10,Geography,45.23,86.05,67.64,0.4523,8.605,7.640415000000002
3381,15,10,Mathematics,76.68,73.25,61.28,0.7668,7.325,6.238099999999998
3381,15,10,Science,78.46,76.74,73.05,0.7846,7.6739999999999995,5.0102040000000025
3381,15,10,English,82.68,87.67,82.94,0.8268000000000001,8.767,2.135555999999999
3381,15,10,History,77.76,86.87,73.52,0.7776000000000001,8.687000000000001,2.920111999999998
3381,15,10,Geography,81.36,76.99,69.52,0.8136,7.699,4.2890640000000015
5659,15,10,Mathematics,26.18,88.59,62.82,0.2618,8.859,8.422861999999997
5659,15,10,Science,28.02,83.89,62.75,0.2802,8.389,11.595978
5659,15,10,English,26.68,96.96,77.95,0.2668,9.696,2.2289280000000047
5659,15,10,History,26.84,87.63,64.68,0.26839999999999997,8.763,9.049892000000003
5659,15,10,Geography,28.17,78.54,55.5,0.2817,7.854000000000001,15.414717999999995
8001,15,10,Mathematics,57.81,0.81,4.38,0.5781000000000001,0.081,41.848260999999994
8001,15,10,Science,57.6,6.65,14.29,0.5760000000000001,0.665,39.5804
8001,15,10,English,50.66,0.0,3.75,0.5065999999999999,0.0,49.34
8001,15,10,History,52.8,0.0,8.69,0.528,0.0,47.2
8001,15,10,Geography,60.19,0.0,17.36,0.6019,0.0,39.81
4425,15,10,Mathematics,34.3,63.58,50.71,0.34299999999999997,6.358,23.927940000000003
4425,15,10,Science,29.97,68.15,52.69,0.29969999999999997,6.815,22.304554999999997
4425,15,10,English,30.44,77.65,59.41,0.3044,7.765000000000001,15.546659999999997
4425,15,10,History,30.61,67.49,46.13,0.3061,6.749,22.558689000000005
4425,15,10,Geography,38.03,68.24,58.08,0.3803,6.824,19.681672000000002
7996,15,10,Mathematics,49.64,79.96,66.88,0.4964,7.9959999999999996,10.092144000000003
7996,15,10,Science,55.13,94.74,74.78,0.5513,9.474,2.360162000000002
7996,15,10,English,53.4,86.53,65.89,0.534,8.653,6.27702
7996,15,10,History,49.65,81.75,65.19,0.4965,8.175,9.188875000000001
7996,15,10,Geography,53.22,92.09,70.77,0.5322,9.209,3.7002979999999983
9069,15,10,Mathematics,70.2,78.21,69.57,0.7020000000000001,7.821,6.493420000000001
9069,15,10,Science,60.78,73.56,58.75,0.6078,7.356,10.369767999999999
9069,15,10,English,67.54,76.9,65.15,0.6754000000000001,7.69,7.498259999999997
9069,15,10,History,61.81,76.07,66.28,0.6181,7.606999999999999,9.138867000000003
9069,15,10,Geography,68.38,83.36,78.15,0.6838,8.336,5.2615680000000005
4396,15,10,Mathematics,100.0,87.33,77.74,1.0,8.733,0.0
4396,15,10,Science,100.0,89.12,86.65,1.0,8.912,0.0
4396,15,10,English,95.54,78.96,78.02,0.9554,7.895999999999999,0.9383839999999989
4396,15,10,History,98.84,80.52,76.72,0.9884000000000001,8.052,0.2259679999999994
4396,15,10,Geography,94.79,91.72,82.81,0.9479000000000001,9.172,0.43138799999999955
5168,15,10,Mathematics,53.39,65.62,62.14,0.5339,6.562,16.024517999999997
5168,15,10,Science,50.86,78.95,57.71,0.5085999999999999,7.8950000000000005,10.343969999999999
5168,15,10,English,51.23,76.93,63.18,0.5123,7.6930000000000005,11.251238999999998
5168,15,10,History,50.95,74.51,57.39,0.5095000000000001,7.4510000000000005,12.502844999999997
5168,15,10,Geography,46.86,68.46,51.99,0.4686,6.845999999999999,16.760356000000005
7488,15,10,Mathematics,87.3,92.52,87.4,0.873,9.251999999999999,0.9499600000000007
7488,15,10,Science,81.29,97.81,92.31,0.8129000000000001,9.781,0.4097489999999994
7488,15,10,English,84.92,97.04,80.8,0.8492000000000001,9.704,0.446367999999999
7488,15,10,History,86.45,83.13,79.79,0.8645,8.312999999999999,2.285885
7488,15,10,Geography,80.33,84.79,76.46,0.8033,8.479000000000001,2.9918069999999988
8888,15,10,Mathematics,92.26,90.22,82.6,0.9226000000000001,9.022,0.7569719999999995
8888,15,10,Science,92.56,90.14,87.4,0.9256,9.014,0.7335839999999998
8888,15,10,English,97.21,79.08,70.52,0.9721,7.9079999999999995,0.5836680000000013
8888,15,10,History,99.06,89.14,82.01,0.9906,8.914,0.10208399999999974
8888,15,10,Geography,97.51,78.4,79.86,0.9751000000000001,7.840000000000001,0.5378399999999988
9779,15,10,Mathematics,59.29,6.57,17.85,0.5929,0.657,38.03535300000001
9779,15,10,Science,67.11,5.76,20.79,0.6711,0.576,30.995535999999998
9779,15,10,English,62.95,6.72,14.58,0.6295000000000001,0.6719999999999999,34.56024
9779,15,10,History,66.7,9.46,16.63,0.667,0.9460000000000001,30.149819999999995
9779,15,10,Geography,63.14,0.63,8.56,0.6314,0.063,36.627782
7147,15,10,Mathematics,33.25,54.35,45.37,0.3325,5.4350000000000005,30.471375
7147,15,10,Science,35.31,56.07,38.66,0.3531,5.607,28.418317
7147,15,10,English,33.99,68.0,45.22,0.33990000000000004,6.8,21.123199999999997
7147,15,10,History,35.22,54.82,45.18,0.3522,5.482,29.267604000000002
7147,15,10,Geography,29.35,52.8,44.53,0.29350000000000004,5.279999999999999,33.3468
6152,15,10,Mathematics,92.52,84.47,80.64,0.9251999999999999,8.447,1.1616440000000008
6152,15,10,Science,85.58,76.53,73.76,0.8558,7.6530000000000005,3.384374
6152,15,10,English,85.67,80.24,69.39,0.8567,8.024,2.8316080000000006
6152,15,10,History,88.87,75.99,75.81,0.8887,7.598999999999999,2.672313
6152,15,10,Geography,87.17,83.39,80.35,0.8717,8.339,2.1310629999999997
10021,15,10,Mathematics,54.06,96.43,87.77,0.5406,9.643,1.640057999999997
10021,15,10,Science,57.37,97.05,82.57,0.5737,9.705,1.2575850000000013
10021,15,10,English,58.38,96.48,72.59,0.5838,9.648,1.4650239999999983
10021,15,10,History,53.09,87.02,74.87,0.5309,8.702,6.088918000000001
10021,15,10,Geography,60.37,97.75,68.55,0.6037,9.775,0.891675
9192,15,10,Mathematics,90.55,69.64,64.71,0.9055,6.964,2.869020000000001
9192,15,10,Science,87.4,67.88,68.49,0.8740000000000001,6.787999999999999,4.047119999999999
9192,15,10,English,89.1,80.53,75.77,0.8909999999999999,8.053,2.122230000000001
9192,15,10,History,86.55,71.64,62.57,0.8654999999999999,7.164,3.8144200000000006
9192,15,10,Geography,89.58,77.68,71.32,0.8957999999999999,7.768000000000001,2.325744
4361,15,10,Mathematics,63.02,63.33,60.3,0.6302,6.333,13.560566
4361,15,10,Science,64.36,79.15,68.89,0.6436,7.915000000000001,7.430939999999998
4361,15,10,English,60.37,73.97,63.42,0.6037,7.397,10.315689000000003
4361,15,10,History,64.64,63.52,60.67,0.6464,6.352,12.899327999999999
4361,15,10,Geography,63.4,61.15,53.05,0.634,6.115,14.219100000000001
6460,15,10,Mathematics,91.58,62.97,66.81,0.9158,6.297,3.1179260000000006
6460,15,10,Science,85.71,69.87,60.82,0.8571,6.987,4.305577000000001
6460,15,10,English,83.62,73.33,61.08,0.8362,7.333,4.3685459999999985
6460,15,10,History,88.39,63.62,62.95,0.8839,6.362,4.223718
6460,15,10,Geography,86.75,65.58,64.98,0.8675,6.558,4.56065
6257,15,10,Mathematics,83.47,81.61,78.55,0.8347,8.161,3.0398670000000005
6257,15,10,Science,85.21,79.73,75.97,0.8521,7.973000000000001,2.9979330000000006
6257,15,10,English,85.55,86.69,78.12,0.8554999999999999,8.669,1.9232950000000009
6257,15,10,History,77.49,86.0,73.42,0.7748999999999999,8.6,3.151400000000001
6257,15,10,Geography,80.19,73.87,70.83,0.8019,7.3870000000000005,5.176352999999999
3580,15,10,Mathematics,86.49,95.4,83.57,0.8649,9.540000000000001,0.6214599999999995
3580,15,10,Science,86.05,89.65,79.83,0.8604999999999999,8.965,1.4438249999999995
3580,15,10,English,92.3,86.65,80.74,0.9229999999999999,8.665000000000001,1.02795
3580,15,10,History,92.04,84.75,78.85,0.9204000000000001,8.475,1.213899999999999
3580,15,10,Geography,86.53,91.62,84.16,0.8653,9.162,1.1287859999999994
5440,15,10,Mathematics,93.9,83.98,64.29,0.9390000000000001,8.398,0.9772199999999988
5440,15,10,Science,100.0,99.62,96.06,1.0,9.962,0.0
5440,15,10,English,93.8,86.25,76.98,0.938,8.625,0.8525000000000005
5440,15,10,History,97.37,87.72,78.93,0.9737,8.772,0.3229639999999995
5440,15,10,Geography,94.82,83.46,76.44,0.9481999999999999,8.346,0.8567720000000014
1831,15,10,Mathematics,71.17,86.63,71.5,0.7117,8.663,3.854571000000001
1831,15,10,Science,77.33,76.05,71.35,0.7733,7.6049999999999995,5.429465000000001
1831,15,10,English,70.1,68.06,58.9,0.701,6.806,9.55006
1831,15,10,History,77.37,70.6,59.29,0.7737,7.06,6.65322
1831,15,10,Geography,77.64,84.19,75.76,0.7764,8.419,3.5351160000000004
8304,15,10,Mathematics,55.24,82.56,69.72,0.5524,8.256,7.806143999999998
8304,15,10,Science,50.74,86.93,71.31,0.5074000000000001,8.693000000000001,6.438281999999996
8304,15,10,English,57.2,80.59,65.71,0.5720000000000001,8.059000000000001,8.307479999999998
8304,15,10,History,50.31,99.18,79.11,0.5031,9.918000000000001,0.4074579999999966
8304,15,10,Geography,50.14,90.58,71.09,0.5014,9.058,4.696812000000001
2593,15,10,Mathematics,80.61,82.18,78.64,0.8061,8.218,3.4552979999999986
2593,15,10,Science,78.82,71.78,64.13,0.7881999999999999,7.178,5.9769960000000015
2593,15,10,English,82.31,79.56,73.59,0.8231,7.956,3.6158359999999994
2593,15,10,History,80.11,72.96,71.42,0.8011,7.295999999999999,5.378256000000001
2593,15,10,Geography,78.03,72.58,72.93,0.7803,7.258,6.024174
6954,15,10,Mathematics,74.73,84.3,66.92,0.7473000000000001,8.43,3.9673900000000004
6954,15,10,Science,72.27,88.97,83.51,0.7227,8.897,3.0586190000000006
6954,15,10,English,77.77,88.67,80.54,0.7777,8.867,2.518659
6954,15,10,History,70.89,90.29,74.1,0.7089,9.029,2.8265809999999982
6954,15,10,Geography,68.94,91.25,82.49,0.6894,9.125,2.7177500000000006
8842,15,10,Mathematics,71.4,82.19,76.18,0.7140000000000001,8.219,5.09366
8842,15,10,Science,74.01,87.28,71.53,0.7401000000000001,8.728,3.305927999999999
8842,15,10,English,71.37,87.8,78.29,0.7137,8.78,3.49286
8842,15,10,History,70.14,83.79,68.22,0.7014,8.379000000000001,4.840305999999998
8842,15,10,Geography,69.06,78.01,74.47,0.6906,7.801,6.803705999999997
6339,15,10,Mathematics,59.35,70.38,64.91,0.5935,7.037999999999999,12.04053
6339,15,10,Science,55.03,69.97,60.3,0.5503,6.997,13.504491
6339,15,10,English,55.42,73.42,64.54,0.5542,7.3420000000000005,11.849363999999998
6339,15,10,History,52.51,71.98,56.5,0.5251,7.198,13.306697999999999
6339,15,10,Geography,50.27,85.83,66.49,0.5027,8.583,7.046741000000001
8903,15,10,Mathematics,87.03,89.4,82.2,0.8703,8.940000000000001,1.374819999999999
8903,15,10,Science,89.7,97.05,93.8,0.897,9.705,0.3038500000000002
8903,15,10,English,83.83,96.87,84.44,0.8382999999999999,9.687000000000001,0.5061209999999994
8903,15,10,History,83.51,99.01,85.57,0.8351000000000001,9.901,0.1632509999999991
8903,15,10,Geography,87.33,80.33,71.17,0.8733,8.033,2.4921890000000007
3835,15,10,Mathematics,67.54,78.4,68.12,0.6754000000000001,7.840000000000001,7.011359999999996
3835,15,10,Science,74.65,85.24,73.01,0.7465,8.524,3.7416600000000004
3835,15,10,English,71.69,78.76,65.93,0.7169,7.876,6.013043999999999
3835,15,10,History,74.28,79.67,70.08,0.7428,7.9670000000000005,5.228875999999999
3835,15,10,Geography,70.2,85.62,77.23,0.7020000000000001,8.562000000000001,4.285239999999998
3886,15,10,Mathematics,92.89,84.8,77.62,0.9289000000000001,8.48,1.0807200000000001
3886,15,10,Science,92.86,77.01,72.69,0.9286,7.7010000000000005,1.6414859999999998
3886,15,10,English,85.91,91.19,86.57,0.8591,9.119,1.2413290000000006
3886,15,10,History,92.3,77.87,71.74,0.9229999999999999,7.787000000000001,1.7040100000000005
3886,15,10,Geography,86.74,90.69,89.92,0.8674,9.068999999999999,1.2345060000000008
9098,15,10,Mathematics,100.0,61.3,64.93,1.0,6.13,0.0
9098,15,10,Science,92.68,74.51,74.58,0.9268000000000001,7.4510000000000005,1.8658679999999979
9098,15,10,English,92.55,68.71,68.57,0.9255,6.8709999999999996,2.3311050000000013
9098,15,10,History,99.41,73.93,71.89,0.9941,7.393000000000001,0.15381300000000084
9098,15,10,Geography,96.69,73.61,71.45,0.9669,7.361,0.8735090000000006
8421,15,10,Mathematics,90.09,91.33,86.0,0.9009,9.133,0.8591969999999999
8421,15,10,Science,89.47,87.93,80.71,0.8946999999999999,8.793000000000001,1.2709709999999994
8421,15,10,English,97.29,94.53,89.25,0.9729000000000001,9.453,0.14823699999999962
8421,15,10,History,99.01,81.08,74.13,0.9901000000000001,8.108,0.18730799999999906
8421,15,10,Geography,98.76,84.84,83.13,0.9876,8.484,0.18798399999999918
5989,15,10,Mathematics,99.11,89.08,83.56,0.9911,8.908,0.09718800000000007
5989,15,10,Science,92.97,77.74,71.41,0.9297,7.773999999999999,1.5648780000000004
5989,15,10,English,94.69,91.0,77.22,0.9469,9.1,0.4779000000000002
5989,15,10,History,99.81,92.58,87.39,0.9981,9.258,0.014097999999999835
5989,15,10,Geography,94.67,88.48,78.53,0.9467,8.848,0.6140159999999996
2022,15,10,Mathematics,83.18,81.42,72.98,0.8318000000000001,8.142,3.1251559999999983
2022,15,10,Science,82.2,86.69,75.88,0.8220000000000001,8.669,2.36918
2022,15,10,English,78.1,86.8,73.91,0.7809999999999999,8.68,2.8908000000000014
2022,15,10,History,80.76,73.36,63.04,0.8076000000000001,7.336,5.1255359999999985
2022,15,10,Geography,81.65,79.81,78.07,0.8165,7.981,3.7048649999999985
8073,15,10,Mathematics,56.82,68.39,60.63,0.5682,6.839,13.649197999999998
8073,15,10,Science,65.35,69.82,60.13,0.6535,6.981999999999999,10.457370000000003
8073,15,10,English,64.09,59.11,52.37,0.6409,5.911,14.683599
8073,15,10,History,61.05,55.91,43.21,0.6104999999999999,5.590999999999999,17.173055
8073,15,10,Geography,59.39,52.54,44.38,0.5939,5.254,19.273506
3278,15,10,Mathematics,65.98,89.87,78.82,0.6598,8.987,3.446225999999998
3278,15,10,Science,64.45,84.63,74.55,0.6445000000000001,8.463,5.464035000000001
3278,15,10,English,66.32,97.62,82.53,0.6631999999999999,9.762,0.8015839999999986
3278,15,10,History,73.36,85.38,75.47,0.7336,8.538,3.8947680000000013
3278,15,10,Geography,68.14,91.47,72.05,0.6814,9.147,2.717658
3200,15,10,Mathematics,76.59,59.48,61.17,0.7659,5.9479999999999995,9.485731999999999
3200,15,10,Science,67.86,67.84,54.78,0.6786,6.784000000000001,10.336224
3200,15,10,English,67.78,71.17,71.99,0.6778,7.117,9.289026
3200,15,10,History,71.33,69.67,64.59,0.7132999999999999,6.9670000000000005,8.695611
3200,15,10,Geography,75.69,72.34,62.79,0.7569,7.234,6.724145999999999
3248,15,10,Mathematics,57.19,57.53,51.83,0.5719,5.753,18.181407
3248,15,10,Science,55.73,52.91,50.33,0.5573,5.2909999999999995,20.846743
3248,15,10,English,60.45,63.0,57.77,0.6045,6.3,14.6335
3248,15,10,History,56.08,51.89,47.8,0.5608,5.189,21.129912
3248,15,10,Geography,65.17,66.57,62.41,0.6517000000000001,6.656999999999999,11.643669000000003
7303,15,10,Mathematics,67.85,51.25,54.46,0.6785,5.125,15.673125000000002
7303,15,10,Science,64.74,57.8,58.9,0.6474,5.779999999999999,14.879720000000002
7303,15,10,English,70.25,58.32,53.18,0.7025,5.832,12.3998
7303,15,10,History,69.66,52.17,53.37,0.6966,5.2170000000000005,14.511622000000003
7303,15,10,Geography,63.89,59.72,56.03,0.6389,5.9719999999999995,14.545108
9220,15,10,Mathematics,61.79,81.04,62.93,0.6179,8.104000000000001,7.244615999999997
9220,15,10,Science,58.87,81.95,73.67,0.5887,8.195,7.423964999999999
9220,15,10,English,58.63,77.01,63.14,0.5863,7.7010000000000005,9.510962999999997
9220,15,10,History,58.76,87.87,68.43,0.5876,8.787,5.002411999999998
9220,15,10,Geography,59.27,86.76,69.35,0.5927,8.676,5.392651999999997
2854,15,10,Mathematics,96.51,0.0,20.73,0.9651000000000001,0.0,3.489999999999995
2854,15,10,Science,100.0,7.47,32.19,1.0,0.747,0.0
2854,15,10,English,97.73,0.0,12.69,0.9773000000000001,0.0,2.269999999999996
2854,15,10,History,96.29,0.0,18.18,0.9629000000000001,0.0,3.7099999999999937
2854,15,10,Geography,100.0,0.0,12.4,1.0,0.0,0.0
5017,15,10,Mathematics,94.42,85.72,76.62,0.9442,8.572,0.7968239999999999
5017,15,10,Science,98.26,77.22,73.53,0.9826,7.7219999999999995,0.39637199999999884
5017,15,10,English,92.31,92.15,84.3,0.9231,9.215,0.6036649999999993
5017,15,10,History,93.61,90.38,86.17,0.9361,9.038,0.6147180000000003
5017,15,10,Geography,98.71,87.83,84.72,0.9871,8.783,0.1569930000000008
8681,15,10,Mathematics,97.41,82.51,82.08,0.9741,8.251000000000001,0.4529910000000005
8681,15,10,Science,94.13,89.88,82.72,0.9412999999999999,8.988,0.5940440000000007
8681,15,10,English,98.79,77.69,73.37,0.9879000000000001,7.769,0.2699509999999986
8681,15,10,History,92.7,93.74,89.09,0.927,9.373999999999999,0.4569800000000002
8681,15,10,Geography,95.17,82.03,83.44,0.9517,8.203,0.8679509999999996
3744,15,10,Mathematics,84.94,80.12,74.6,0.8493999999999999,8.012,2.9939279999999995
3744,15,10,Science,85.47,90.79,81.2,0.8547,9.079,1.3382129999999992
3744,15,10,English,87.45,87.32,81.45,0.8745,8.732,1.5913400000000004
3744,15,10,History,83.65,85.08,79.97,0.8365,8.508,2.4394199999999997
3744,15,10,Geography,84.85,79.98,75.24,0.8484999999999999,7.998,3.0330300000000006
5780,15,10,Mathematics,100.0,86.57,83.11,1.0,8.657,0.0
5780,15,10,Science,98.32,82.83,73.96,0.9832,8.283,0.28845600000000116
5780,15,10,English,100.0,89.75,82.28,1.0,8.975,0.0
5780,15,10,History,97.79,82.81,71.06,0.9779000000000001,8.281,0.3798989999999989
5780,15,10,Geography,95.36,77.45,74.99,0.9536,7.745,1.0463200000000001
10022,15,10,Mathematics,65.4,75.02,68.06,0.654,7.502,8.64308
10022,15,10,Science,66.19,87.43,79.34,0.6618999999999999,8.743,4.249916999999998
10022,15,10,English,67.68,77.64,71.99,0.6768000000000001,7.764,7.226751999999998
10022,15,10,History,65.98,75.38,59.4,0.6598,7.537999999999999,8.375724
10022,15,10,Geography,66.86,77.61,69.0,0.6686,7.761,7.420046
8317,15,10,Mathematics,88.36,97.7,93.0,0.8835999999999999,9.77,0.2677199999999997
8317,15,10,Science,89.75,85.34,79.21,0.8975,8.534,1.5026499999999996
8317,15,10,English,85.31,81.12,75.87,0.8531,8.112,2.7734719999999986
8317,15,10,History,82.28,84.72,77.02,0.8228,8.472,2.707616
8317,15,10,Geography,82.02,80.46,75.38,0.8201999999999999,8.046,3.5132920000000016
10023,15,10,Mathematics,68.02,52.99,48.03,0.6801999999999999,5.299,15.033798
10023,15,10,Science,66.79,58.45,56.51,0.6679,5.845000000000001,13.798754999999996
10023,15,10,English,65.32,66.22,56.98,0.6531999999999999,6.622,11.714904000000004
10023,15,10,History,66.18,69.29,64.02,0.6618,6.929,10.386121999999995
10023,15,10,Geography,67.91,64.8,59.31,0.6790999999999999,6.4799999999999995,11.295680000000003
6653,15,10,Mathematics,58.82,87.11,76.02,0.5882000000000001,8.711,5.308102
6653,15,10,Science,53.96,77.47,61.68,0.5396,7.747,10.372812000000001
6653,15,10,English,58.58,78.45,64.43,0.5858,7.845000000000001,8.926009999999998
6653,15,10,History,54.5,69.83,55.54,0.545,6.983,13.727350000000001
6653,15,10,Geography,56.14,69.23,63.94,0.5614,6.923,13.495721999999999
7222,15,10,Mathematics,63.15,61.03,60.25,0.6315,6.103,14.360445
7222,15,10,Science,69.9,62.72,65.05,0.6990000000000001,6.272,11.22128
7222,15,10,English,65.54,58.51,52.52,0.6554000000000001,5.851,14.297453999999998
7222,15,10,History,64.23,68.79,58.92,0.6423000000000001,6.8790000000000004,11.163816999999996
7222,15,10,Geography,66.44,64.97,60.61,0.6644,6.497,11.756068
6172,15,10,Mathematics,74.71,92.62,80.49,0.7471,9.262,1.8664019999999995
6172,15,10,Science,76.07,89.38,75.62,0.7606999999999999,8.937999999999999,2.541366000000002
6172,15,10,English,79.09,84.7,69.73,0.7909,8.47,3.1992299999999987
6172,15,10,History,74.34,96.66,82.98,0.7434000000000001,9.666,0.8570440000000008
6172,15,10,Geography,80.59,97.55,83.37,0.8059000000000001,9.754999999999999,0.4755450000000005
5183,15,10,Mathematics,90.46,90.7,78.87,0.9046,9.07,0.8872200000000003
5183,15,10,Science,86.04,83.52,76.88,0.8604,8.352,2.3006079999999995
5183,15,10,English,91.85,85.25,78.96,0.9185,8.525,1.202125000000001
5183,15,10,History,83.31,85.03,80.23,0.8331000000000001,8.503,2.4984929999999994
5183,15,10,Geography,89.03,88.14,82.01,0.8903,8.814,1.3010419999999998
9972,15,10,Mathematics,50.62,68.15,55.34,0.5062,6.815,15.727529999999996
9972,15,10,Science,56.55,80.16,62.83,0.5655,8.016,8.620480000000002
9972,15,10,English,51.25,70.45,58.46,0.5125,7.045,14.405624999999997
9972,15,10,History,58.47,68.34,65.14,0.5847,6.8340000000000005,13.148398
9972,15,10,Geography,49.39,84.12,55.73,0.4939,8.412,8.036867999999997
4594,15,10,Mathematics,24.85,73.08,57.64,0.24850000000000003,7.308,20.230380000000004
4594,15,10,Science,24.1,82.61,64.66,0.24100000000000002,8.261,13.199010000000001
4594,15,10,English,21.03,77.54,59.53,0.21030000000000001,7.7540000000000004,17.736661999999995
4594,15,10,History,18.66,75.94,60.41,0.1866,7.593999999999999,19.570404000000003
4594,15,10,Geography,22.02,84.91,61.88,0.2202,8.491,11.767182000000002
2995,15,10,Mathematics,70.64,64.28,56.49,0.7064,6.428,10.487392
2995,15,10,Science,75.79,61.05,53.01,0.7579,6.1049999999999995,9.429794999999999
2995,15,10,English,75.94,65.79,72.03,0.7594,6.579000000000001,8.230926
2995,15,10,History,72.78,74.37,69.5,0.7278,7.437,6.976485999999999
2995,15,10,Geography,73.78,65.34,56.26,0.7378,6.534000000000001,9.087852
4018,15,10,Mathematics,73.59,86.64,75.02,0.7359,8.664,3.5283759999999997
4018,15,10,Science,65.64,84.8,73.24,0.6564,8.48,5.222720000000001
4018,15,10,English,70.31,90.17,75.35,0.7031000000000001,9.017,2.918526999999999
4018,15,10,History,68.81,75.72,63.77,0.6881,7.572,7.572932
4018,15,10,Geography,69.89,82.35,72.5,0.6989,8.235,5.314415000000001
5216,15,10,Mathematics,61.46,74.96,61.42,0.6146,7.4959999999999996,9.650416000000002
5216,15,10,Science,56.64,74.82,61.97,0.5664,7.481999999999999,10.918048000000004
5216,15,10,English,59.69,79.84,73.94,0.5969,7.984,8.126496
5216,15,10,History,59.4,72.04,59.15,0.594,7.204000000000001,11.351759999999997
5216,15,10,Geography,60.04,71.35,61.68,0.6004,7.135,11.448540000000003
3915,15,10,Mathematics,92.03,88.57,73.14,0.9203,8.857,0.9109710000000004
3915,15,10,Science,95.82,82.84,82.14,0.9581999999999999,8.284,0.717288000000001
3915,15,10,English,92.16,96.37,84.16,0.9216,9.637,0.2845919999999998
3915,15,10,History,91.15,86.38,81.33,0.9115000000000001,8.638,1.2053699999999996
3915,15,10,Geography,96.01,85.44,76.65,0.9601000000000001,8.544,0.5809439999999993
9857,15,10,Mathematics,55.87,78.35,61.58,0.5587,7.834999999999999,9.554145000000004
9857,15,10,Science,56.73,83.45,71.14,0.5672999999999999,8.345,7.161185
9857,15,10,English,57.83,76.0,61.08,0.5783,7.6,10.120800000000001
9857,15,10,History,50.77,92.01,81.49,0.5077,9.201,3.9334769999999977
9857,15,10,Geography,59.33,90.75,72.35,0.5932999999999999,9.075,3.761975
5105,15,10,Mathematics,55.08,55.34,56.69,0.5508,5.534000000000001,20.061272
5105,15,10,Science,46.14,63.22,48.71,0.46140000000000003,6.322,19.809708
5105,15,10,English,46.34,61.31,51.6,0.46340000000000003,6.131,20.761053999999998
5105,15,10,History,54.19,70.09,60.08,0.5418999999999999,7.009,13.701770999999999
5105,15,10,Geography,52.87,66.66,57.81,0.5287,6.6659999999999995,15.713142000000003
7411,15,10,Mathematics,75.11,67.19,65.06,0.7511,6.718999999999999,8.166409000000002
7411,15,10,Science,71.47,84.98,79.08,0.7147,8.498000000000001,4.285205999999999
7411,15,10,English,69.39,73.79,62.31,0.6939,7.3790000000000004,8.022880999999998
7411,15,10,History,74.38,74.3,72.01,0.7437999999999999,7.43,6.584340000000002
7411,15,10,Geography,74.32,67.32,64.76,0.7432,6.731999999999999,8.392224000000004
8898,15,10,Mathematics,84.01,89.54,80.45,0.8401000000000001,8.954,1.6725539999999983
8898,15,10,Science,83.78,91.4,81.98,0.8378,9.14,1.394919999999999
8898,15,10,English,85.26,91.26,79.84,0.8526,9.126000000000001,1.2882759999999989
8898,15,10,History,81.78,93.55,83.55,0.8178,9.355,1.1751900000000004
8898,15,10,Geography,78.77,83.61,76.07,0.7877,8.361,3.4795970000000005
6985,15,10,Mathematics,65.83,0.0,14.35,0.6583,0.0,34.17
6985,15,10,Science,66.12,0.0,7.99,0.6612,0.0,33.879999999999995
6985,15,10,English,63.09,0.0,8.57,0.6309,0.0,36.91
6985,15,10,History,66.33,5.84,23.28,0.6633,0.584,31.703672
6985,15,10,Geography,62.07,0.0,13.07,0.6207,0.0,37.93
5896,15,10,Mathematics,82.84,84.45,82.34,0.8284,8.445,2.668379999999999
5896,15,10,Science,89.0,79.71,75.7,0.89,7.970999999999999,2.2319000000000004
5896,15,10,English,86.3,82.62,78.02,0.863,8.262,2.3810599999999997
5896,15,10,History,89.84,79.34,80.35,0.8984000000000001,7.934,2.099055999999999
5896,15,10,Geography,86.46,69.88,66.36,0.8645999999999999,6.9879999999999995,4.078248000000003
4163,15,10,Mathematics,66.56,84.75,76.66,0.6656,8.475,5.0996
4163,15,10,Science,72.41,73.62,66.98,0.7241,7.362,7.2782420000000005
4163,15,10,English,66.72,68.03,67.5,0.6672,6.803,10.639616
4163,15,10,History,68.38,76.12,68.36,0.6838,7.612,7.550856
4163,15,10,Geography,68.97,84.5,69.04,0.6897,8.45,4.80965
1268,15,10,Mathematics,85.39,78.78,65.66,0.8539,7.878,3.1002419999999997
1268,15,10,Science,78.3,94.77,84.43,0.7829999999999999,9.477,1.134910000000001
1268,15,10,English,81.0,88.85,78.52,0.81,8.885,2.118500000000001
1268,15,10,History,83.86,78.62,69.54,0.8386,7.862,3.4507319999999995
1268,15,10,Geography,79.28,85.69,84.41,0.7928000000000001,8.568999999999999,2.9650320000000003
9791,15,10,Mathematics,100.0,79.34,77.97,1.0,7.934,0.0
9791,15,10,Science,100.0,80.59,83.91,1.0,8.059000000000001,0.0
9791,15,10,English,100.0,92.66,84.37,1.0,9.266,0.0
9791,15,10,History,98.84,94.11,87.38,0.9884000000000001,9.411,0.0683239999999998
9791,15,10,Geography,100.0,85.95,86.63,1.0,8.595,0.0
1750,15,10,Mathematics,89.58,63.73,58.9,0.8957999999999999,6.372999999999999,3.7793340000000013
1750,15,10,Science,90.19,61.84,59.99,0.9018999999999999,6.184,3.743496000000001
1750,15,10,English,90.12,60.76,59.79,0.9012,6.076,3.8769119999999986
1750,15,10,History,92.53,71.47,64.4,0.9253,7.147,2.131191
1750,15,10,Geography,93.83,68.18,60.84,0.9383,6.8180000000000005,1.9632940000000003
2742,15,10,Mathematics,88.96,76.05,69.15,0.8896,7.6049999999999995,2.644080000000002
2742,15,10,Science,87.89,81.58,85.95,0.8789,8.158,2.230662
2742,15,10,English,89.32,81.66,71.87,0.8931999999999999,8.166,1.9587120000000016
2742,15,10,History,87.69,81.0,74.87,0.8769,8.1,2.3389000000000006
2742,15,10,Geography,91.9,95.86,91.02,0.919,9.586,0.33533999999999975
6312,15,10,Mathematics,77.64,70.84,65.65,0.7764,7.0840000000000005,6.520175999999999
6312,15,10,Science,81.71,70.23,62.09,0.8170999999999999,7.023000000000001,5.444933000000001
6312,15,10,English,77.86,72.18,61.95,0.7786,7.218000000000001,6.159347999999999
6312,15,10,History,78.67,62.54,53.04,0.7867000000000001,6.254,7.990218
6312,15,10,Geography,81.1,60.71,63.29,0.8109999999999999,6.071,7.425810000000002
10024,15,10,Mathematics,58.18,73.85,57.52,0.5818,7.385,10.935930000000003
10024,15,10,Science,62.56,64.72,49.73,0.6256,6.4719999999999995,13.208832
10024,15,10,English,62.74,62.28,55.82,0.6274000000000001,6.228,14.054471999999999
10024,15,10,History,64.98,72.09,61.66,0.6498,7.2090000000000005,9.774081999999998
10024,15,10,Geography,65.35,72.78,58.14,0.6535,7.2780000000000005,9.431730000000002
3185,15,10,Mathematics,92.68,60.23,60.39,0.9268000000000001,6.023,2.9111639999999976
3185,15,10,Science,88.26,66.36,74.42,0.8826,6.636,3.9493359999999984
3185,15,10,English,86.09,69.42,67.1,0.8609,6.942,4.253677999999999
3185,15,10,History,91.12,67.55,76.78,0.9112,6.755,2.881559999999999
3185,15,10,Geography,87.81,66.64,60.87,0.8781,6.664,4.066583999999999
5648,15,10,Mathematics,100.0,96.18,88.82,1.0,9.618,0.0
5648,15,10,Science,100.0,84.95,77.44,1.0,8.495000000000001,0.0
5648,15,10,English,93.83,80.3,71.5,0.9383,8.03,1.2154900000000004
5648,15,10,History,94.21,92.04,75.71,0.9420999999999999,9.204,0.4608840000000001
5648,15,10,Geography,100.0,85.9,79.21,1.0,8.59,0.0
3859,15,10,Mathematics,83.74,68.39,69.13,0.8373999999999999,6.839,5.139786000000002
3859,15,10,Science,82.64,70.54,76.54,0.8264,7.054,5.114255999999998
3859,15,10,English,82.01,74.29,66.95,0.8201,7.429,4.625228999999997
3859,15,10,History,83.64,73.12,65.35,0.8364,7.312,4.397567999999999
3859,15,10,Geography,81.87,70.81,66.03,0.8187000000000001,7.081,5.292146999999999
4144,15,10,Mathematics,74.87,84.26,76.24,0.7487,8.426,3.9554619999999976
4144,15,10,Science,76.3,93.1,75.53,0.763,9.309999999999999,1.6353000000000015
4144,15,10,English,68.62,88.04,72.1,0.6862,8.804,3.753047999999998
4144,15,10,History,69.22,92.08,80.51,0.6922,9.208,2.437776000000001
4144,15,10,Geography,75.96,94.98,76.76,0.7595999999999999,9.498000000000001,1.2068079999999994
5528,15,10,Mathematics,99.0,73.37,72.82,0.99,7.337000000000001,0.2663
5528,15,10,Science,95.62,58.27,64.21,0.9562,5.827,1.827773999999998
5528,15,10,English,93.58,71.17,71.2,0.9358,7.117,1.8508860000000005
5528,15,10,History,91.27,66.3,66.38,0.9127,6.63,2.9420100000000016
5528,15,10,Geography,97.28,62.25,67.61,0.9728,6.225,1.0267999999999995
6966,15,10,Mathematics,90.06,76.09,69.17,0.9006000000000001,7.609,2.3766539999999994
6966,15,10,Science,88.06,75.1,68.54,0.8806,7.51,2.97306
6966,15,10,English,88.89,80.82,72.15,0.8889,8.081999999999999,2.1308980000000006
6966,15,10,History,91.47,79.87,71.02,0.9147,7.987,1.7170889999999996
6966,15,10,Geography,91.4,89.12,85.64,0.914,8.912,0.935679999999999
9804,15,10,Mathematics,70.8,72.83,56.49,0.708,7.2829999999999995,7.933640000000001
9804,15,10,Science,73.44,78.21,65.97,0.7343999999999999,7.821,5.787424000000002
9804,15,10,English,67.0,69.33,61.81,0.67,6.933,10.1211
9804,15,10,History,75.05,76.32,65.04,0.7505,7.632,5.908160000000002
9804,15,10,Geography,72.71,81.39,70.78,0.7271,8.139,5.078669000000001
6340,15,10,Mathematics,88.2,91.71,85.29,0.882,9.171,0.9782200000000004
6340,15,10,Science,82.91,84.95,78.34,0.8291,8.495000000000001,2.572045
6340,15,10,English,83.21,88.03,83.43,0.8321,8.803,2.009763000000001
6340,15,10,History,89.87,81.2,76.97,0.8987,8.120000000000001,1.9044399999999988
6340,15,10,Geography,84.92,89.04,85.37,0.8492000000000001,8.904,1.652767999999999
4276,15,10,Mathematics,97.64,74.3,69.26,0.9764,7.43,0.60652
4276,15,10,Science,89.42,72.76,68.59,0.8942,7.276000000000001,2.881991999999999
4276,15,10,English,90.78,68.39,61.1,0.9078,6.839,2.9144419999999998
4276,15,10,History,93.38,71.8,66.53,0.9338,7.18,1.8668400000000014
4276,15,10,Geography,90.48,84.06,76.07,0.9048,8.406,1.517487999999999
8454,15,10,Mathematics,79.4,63.13,64.28,0.794,6.313000000000001,7.595219999999997
8454,15,10,Science,79.63,67.06,62.44,0.7963,6.706,6.709878000000001
8454,15,10,English,75.66,65.05,65.5,0.7565999999999999,6.505,8.506830000000003
8454,15,10,History,75.19,56.02,54.39,0.7519,5.602,10.911438
8454,15,10,Geography,77.67,72.77,71.59,0.7767000000000001,7.276999999999999,6.080459000000001
6503,15,10,Mathematics,72.92,73.93,74.0,0.7292000000000001,7.393000000000001,7.0597559999999975
6503,15,10,Science,74.94,86.81,80.94,0.7494,8.681000000000001,3.3054139999999994
6503,15,10,English,70.57,78.16,58.76,0.7056999999999999,7.816,6.427512000000003
6503,15,10,History,77.61,71.3,72.46,0.7761,7.13,6.425930000000001
6503,15,10,Geography,79.94,79.56,78.57,0.7994,7.956,4.100264
3804,15,10,Mathematics,88.19,77.42,65.85,0.8819,7.742,2.6666980000000002
3804,15,10,Science,86.7,78.16,73.83,0.867,7.816,2.9047199999999997
3804,15,10,English,84.95,86.15,78.08,0.8495,8.615,2.0844249999999986
3804,15,10,History,82.74,77.75,69.24,0.8273999999999999,7.775,3.8403500000000013
3804,15,10,Geography,89.09,95.95,80.59,0.8909,9.595,0.44185499999999955
2416,15,10,Mathematics,85.02,82.85,77.19,0.8502,8.285,2.5690700000000017
2416,15,10,Science,93.07,98.18,84.76,0.9307,9.818000000000001,0.12612599999999966
2416,15,10,English,90.41,96.43,88.06,0.9041,9.643,0.34236299999999953
2416,15,10,History,87.65,95.32,85.05,0.8765000000000001,9.532,0.5779800000000006
2416,15,10,Geography,87.69,96.67,89.62,0.8769,9.667,0.40992299999999987
5041,15,10,Mathematics,71.3,82.42,66.72,0.713,8.242,5.04546
5041,15,10,Science,74.88,85.49,81.26,0.7487999999999999,8.549,3.6449120000000024
5041,15,10,English,72.6,81.26,67.29,0.726,8.126000000000001,5.13476
5041,15,10,History,77.3,94.22,88.51,0.773,9.422,1.3120600000000004
5041,15,10,Geography,79.59,82.13,80.71,0.7959,8.213,3.6472670000000007
1724,15,10,Mathematics,54.92,82.83,63.42,0.5492,8.283,7.740236000000001
1724,15,10,Science,50.61,83.19,70.38,0.5061,8.318999999999999,8.302459
1724,15,10,English,50.02,86.51,64.74,0.5002,8.651,6.742301999999998
1724,15,10,History,52.78,70.99,58.54,0.5278,7.098999999999999,13.698522000000002
1724,15,10,Geography,47.67,69.75,56.16,0.4767,6.975,15.829824999999998
8412,15,10,Mathematics,92.63,74.63,74.61,0.9262999999999999,7.462999999999999,1.8697690000000013
8412,15,10,Science,92.84,70.27,61.03,0.9284,7.026999999999999,2.1286679999999993
8412,15,10,English,87.56,78.98,72.08,0.8756,7.898000000000001,2.614887999999999
8412,15,10,History,87.92,73.47,64.39,0.8792,7.3469999999999995,3.204824
8412,15,10,Geography,93.66,69.06,64.49,0.9366,6.906000000000001,1.961596000000001
5846,15,10,Mathematics,94.48,6.51,21.45,0.9448000000000001,0.651,5.160647999999997
5846,15,10,Science,95.67,9.44,28.18,0.9567,0.944,3.921247999999999
5846,15,10,English,93.95,3.6,22.01,0.9395,0.36,5.832199999999998
5846,15,10,History,96.48,0.0,15.65,0.9648,0.0,3.519999999999996
5846,15,10,Geography,96.65,0.0,17.82,0.9665,0.0,3.3499999999999943
8452,15,10,Mathematics,27.08,58.72,46.62,0.2708,5.872,30.101376000000002
8452,15,10,Science,25.96,64.33,46.84,0.2596,6.433,26.410067999999995
8452,15,10,English,35.13,73.79,65.1,0.3513,7.3790000000000004,17.002426999999997
8452,15,10,History,29.71,66.94,53.56,0.29710000000000003,6.694,23.237873999999998
8452,15,10,Geography,29.39,72.49,51.71,0.2939,7.249,19.424811000000005
7305,15,10,Mathematics,92.62,79.17,73.9,0.9262,7.917,1.537253999999999
7305,15,10,Science,89.24,81.89,81.69,0.8924,8.189,1.9486360000000007
7305,15,10,English,87.63,77.07,75.84,0.8763,7.706999999999999,2.836441000000002
7305,15,10,History,88.57,76.09,69.76,0.8856999999999999,7.609,2.7329130000000017
7305,15,10,Geography,94.38,86.13,74.74,0.9438,8.613,0.7794940000000008
2326,15,10,Mathematics,69.16,96.71,72.42,0.6916,9.671,1.014636000000002
2326,15,10,Science,68.49,79.28,71.01,0.6849,7.928,6.528872000000002
2326,15,10,English,69.15,92.43,82.68,0.6915,9.243,2.3353449999999976
2326,15,10,History,70.59,94.08,76.7,0.7059000000000001,9.408,1.7410720000000004
2326,15,10,Geography,75.2,83.69,79.26,0.752,8.369,4.04488
6989,15,10,Mathematics,62.02,86.05,74.65,0.6202000000000001,8.605,5.29821
6989,15,10,Science,56.97,84.25,62.47,0.5697,8.425,6.777225
6989,15,10,English,56.29,77.21,67.86,0.5629,7.720999999999999,9.961509000000003
6989,15,10,History,58.28,77.4,68.67,0.5828,7.74,9.428719999999997
6989,15,10,Geography,58.94,84.44,60.84,0.5893999999999999,8.443999999999999,6.388936000000001
9841,15,10,Mathematics,87.61,91.78,84.98,0.8761,9.178,1.0184579999999999
9841,15,10,Science,86.13,92.58,83.48,0.8613,9.258,1.0291540000000006
9841,15,10,English,78.64,92.98,80.69,0.7864,9.298,1.4994719999999992
9841,15,10,History,78.79,92.92,85.65,0.7879,9.292,1.5016679999999991
9841,15,10,Geography,78.36,86.45,81.8,0.7836,8.645,2.932219999999999
5540,15,10,Mathematics,83.3,84.79,74.22,0.833,8.479000000000001,2.5400699999999996
5540,15,10,Science,90.83,79.63,77.63,0.9083,7.962999999999999,1.8679290000000008
5540,15,10,English,83.23,97.24,94.8,0.8323,9.724,0.46285200000000076
5540,15,10,History,84.47,82.17,68.23,0.8447,8.217,2.768999
5540,15,10,Geography,83.2,81.68,71.83,0.8320000000000001,8.168000000000001,3.0777599999999983
9714,15,10,Mathematics,90.43,80.56,83.45,0.9043000000000001,8.056000000000001,1.8604079999999985
9714,15,10,Science,91.51,79.64,68.8,0.9151,7.964,1.7285639999999989
9714,15,10,English,87.99,89.04,80.54,0.8798999999999999,8.904,1.316296
9714,15,10,History,85.85,79.4,72.98,0.8584999999999999,7.94,2.9149000000000003
9714,15,10,Geography,88.76,96.66,84.62,0.8876000000000001,9.666,0.37541600000000025
5724,15,10,Mathematics,41.79,74.68,61.99,0.4179,7.468000000000001,14.738771999999997
5724,15,10,Science,44.77,84.28,60.81,0.44770000000000004,8.428,8.682155999999999
5724,15,10,English,41.62,85.84,62.41,0.41619999999999996,8.584,8.266607999999998
5724,15,10,History,47.06,87.7,63.69,0.4706,8.77,6.511619999999998
5724,15,10,Geography,47.01,77.21,67.75,0.47009999999999996,7.720999999999999,12.076421000000005
5803,15,10,Mathematics,72.55,82.66,74.64,0.7254999999999999,8.266,4.759830000000001
5803,15,10,Science,66.96,73.41,61.92,0.6696,7.340999999999999,8.785336000000003
5803,15,10,English,66.38,74.14,66.79,0.6638,7.414,8.694132000000002
5803,15,10,History,73.48,71.55,61.37,0.7348,7.154999999999999,7.5449399999999995
5803,15,10,Geography,65.51,77.83,70.66,0.6551,7.7829999999999995,7.646432999999999
4097,15,10,Mathematics,56.2,74.05,58.75,0.562,7.404999999999999,11.366100000000001
4097,15,10,Science,59.18,66.7,62.32,0.5918,6.67,13.593059999999998
4097,15,10,English,57.44,76.68,56.66,0.5744,7.668000000000001,9.924991999999998
4097,15,10,History,50.69,76.72,63.14,0.5069,7.672,11.479368000000001
4097,15,10,Geography,50.49,77.19,60.58,0.5049,7.718999999999999,11.293231
8965,15,10,Mathematics,75.61,0.0,22.09,0.7561,0.0,24.39
8965,15,10,Science,76.9,0.0,17.29,0.769,0.0,23.099999999999994
8965,15,10,English,74.04,1.62,18.62,0.7404000000000001,0.162,25.539447999999993
8965,15,10,History,74.31,0.0,13.25,0.7431,0.0,25.69
8965,15,10,Geography,71.4,0.0,10.7,0.7140000000000001,0.0,28.599999999999994
7093,15,10,Mathematics,74.29,83.67,76.3,0.7429000000000001,8.367,4.198442999999998
7093,15,10,Science,73.79,78.56,72.37,0.7379000000000001,7.856,5.619423999999998
7093,15,10,English,72.6,84.0,80.53,0.726,8.4,4.384000000000001
7093,15,10,History,72.9,96.06,86.81,0.7290000000000001,9.606,1.0677399999999992
7093,15,10,Geography,71.43,86.01,74.76,0.7143,8.601,3.9969429999999977
3986,15,10,Mathematics,52.06,97.53,81.13,0.5206000000000001,9.753,1.1841179999999993
3986,15,10,Science,50.03,84.67,70.53,0.5003,8.467,7.660400999999999
3986,15,10,English,51.73,84.77,64.91,0.5173,8.477,7.351521000000003
3986,15,10,History,52.88,86.14,71.95,0.5288,8.614,6.530831999999999
3986,15,10,Geography,51.64,95.27,75.71,0.5164,9.527,2.287428000000002
7056,15,10,Mathematics,75.36,0.0,19.63,0.7536,0.0,24.64
7056,15,10,Science,72.4,8.12,22.04,0.7240000000000001,0.8119999999999999,25.358879999999996
7056,15,10,English,80.28,0.0,23.52,0.8028,0.0,19.72
7056,15,10,History,72.4,0.0,18.31,0.7240000000000001,0.0,27.599999999999994
7056,15,10,Geography,78.58,6.17,18.92,0.7857999999999999,0.617,20.098386
9743,15,10,Mathematics,93.27,68.2,68.39,0.9327,6.82,2.140140000000001
9743,15,10,Science,99.1,58.0,63.84,0.991,5.8,0.3780000000000024
9743,15,10,English,93.9,66.01,65.36,0.9390000000000001,6.601000000000001,2.0733899999999976
9743,15,10,History,98.1,50.39,54.7,0.981,5.039,0.9425900000000028
9743,15,10,Geography,94.84,67.1,70.32,0.9484,6.709999999999999,1.6976399999999991
9948,15,10,Mathematics,91.25,76.6,72.94,0.9125,7.659999999999999,2.0475000000000008
9948,15,10,Science,89.62,83.27,79.09,0.8962,8.327,1.7365739999999996
9948,15,10,English,84.43,84.94,74.27,0.8443,8.494,2.3448419999999994
9948,15,10,History,87.84,84.26,72.96,0.8784000000000001,8.426,1.913983999999999
9948,15,10,Geography,91.97,74.25,67.99,0.9197,7.425,2.0677250000000003
6549,15,10,Mathematics,51.08,0.0,3.75,0.5108,0.0,48.92
6549,15,10,Science,50.66,0.0,10.59,0.5065999999999999,0.0,49.34
6549,15,10,English,49.58,4.1,9.8,0.49579999999999996,0.41,48.35278
6549,15,10,History,56.66,3.23,8.51,0.5666,0.323,41.940118000000005
6549,15,10,Geography,56.98,0.0,5.29,0.5698,0.0,43.02
8306,15,10,Mathematics,92.86,85.56,72.75,0.9286,8.556000000000001,1.031016
8306,15,10,Science,91.95,68.36,72.91,0.9195,6.836,2.547019999999999
8306,15,10,English,93.21,68.84,70.15,0.9320999999999999,6.884,2.1157640000000018
8306,15,10,History,87.98,69.85,67.13,0.8798,6.984999999999999,3.6240299999999994
8306,15,10,Geography,87.81,85.89,77.55,0.8781,8.589,1.7200089999999997
4206,15,10,Mathematics,67.01,80.31,69.35,0.6701,8.031,6.495730999999998
4206,15,10,Science,72.83,75.0,66.74,0.7283,7.5,6.7925
4206,15,10,English,66.49,76.41,66.19,0.6648999999999999,7.641,7.905009000000002
4206,15,10,History,72.64,84.37,68.99,0.7264,8.437000000000001,4.276367999999999
4206,15,10,Geography,74.96,83.21,66.95,0.7495999999999999,8.321,4.204216000000002
6915,15,10,Mathematics,56.35,89.05,73.57,0.5635,8.905,4.779675000000001
6915,15,10,Science,55.52,82.77,66.63,0.5552,8.277,7.663904000000001
6915,15,10,English,58.77,82.4,63.85,0.5877,8.24,7.256479999999997
6915,15,10,History,53.06,87.43,64.43,0.5306000000000001,8.743,5.900357999999996
6915,15,10,Geography,56.02,79.26,66.92,0.5602,7.926,9.121451999999998
8300,15,10,Mathematics,75.69,53.14,47.66,0.7569,5.314,11.391666
8300,15,10,Science,79.29,52.15,59.89,0.7929,5.215,9.909734999999998
8300,15,10,English,75.64,58.75,56.61,0.7564,5.875,10.0485
8300,15,10,History,80.42,57.06,54.15,0.8042,5.706,8.407651999999999
8300,15,10,Geography,81.48,56.1,56.34,0.8148000000000001,5.61,8.130279999999997
10025,15,10,Mathematics,87.95,84.19,77.69,0.8795000000000001,8.419,1.9051049999999998
10025,15,10,Science,91.98,76.9,72.8,0.9198000000000001,7.69,1.8526199999999986
10025,15,10,English,92.8,85.13,78.65,0.9279999999999999,8.513,1.0706400000000007
10025,15,10,History,86.27,80.97,81.19,0.8626999999999999,8.097,2.6128190000000004
10025,15,10,Geography,86.89,77.02,78.25,0.8689,7.702,3.012678
2449,15,10,Mathematics,99.6,61.64,65.11,0.996,6.164,0.15344000000000219
2449,15,10,Science,97.04,61.58,58.52,0.9704,6.1579999999999995,1.1372319999999976
2449,15,10,English,96.19,66.93,62.66,0.9619,6.6930000000000005,1.2599670000000005
2449,15,10,History,96.28,55.68,58.76,0.9628,5.568,1.6487039999999995
2449,15,10,Geography,97.94,62.12,61.85,0.9793999999999999,6.212,0.7803280000000009
4264,15,10,Mathematics,88.72,70.22,61.64,0.8872,7.022,3.3591840000000004
4264,15,10,Science,92.58,69.87,63.58,0.9258,6.987,2.235646
4264,15,10,English,84.0,68.19,70.44,0.84,6.819,5.089600000000001
4264,15,10,History,90.06,63.59,64.07,0.9006000000000001,6.359,3.6191539999999986
4264,15,10,Geography,90.58,69.12,67.84,0.9057999999999999,6.912000000000001,2.9088960000000004
8593,15,10,Mathematics,69.89,63.8,57.92,0.6989,6.38,10.89982
8593,15,10,Science,75.93,57.54,53.52,0.7593000000000001,5.754,10.220121999999998
8593,15,10,English,74.93,69.1,65.3,0.7493000000000001,6.909999999999999,7.746629999999999
8593,15,10,History,70.69,57.77,55.26,0.7069,5.777,12.377612999999998
8593,15,10,Geography,76.04,73.52,65.97,0.7604000000000001,7.351999999999999,6.344607999999999
7834,15,10,Mathematics,74.2,79.51,75.95,0.742,7.9510000000000005,5.286419999999998
7834,15,10,Science,76.67,86.71,76.13,0.7667,8.671,3.100557000000001
7834,15,10,English,75.87,73.18,63.84,0.7587,7.3180000000000005,6.471665999999996
7834,15,10,History,73.63,86.16,78.19,0.7363,8.616,3.649608000000002
7834,15,10,Geography,76.99,86.36,74.46,0.7698999999999999,8.636,3.1385640000000006
8872,15,10,Mathematics,96.0,86.09,76.84,0.96,8.609,0.5563999999999999
8872,15,10,Science,89.41,84.71,76.61,0.8941,8.471,1.619211000000001
8872,15,10,English,95.82,91.42,77.11,0.9581999999999999,9.142,0.3586440000000005
8872,15,10,History,89.87,83.06,68.92,0.8987,8.306000000000001,1.716021999999999
8872,15,10,Geography,89.86,89.26,83.13,0.8986,8.926,1.0890359999999994
1958,15,10,Mathematics,86.09,62.32,68.07,0.8609,6.232,5.241287999999998
1958,15,10,Science,89.03,67.66,66.81,0.8903,6.766,3.5476979999999996
1958,15,10,English,91.79,67.7,60.0,0.9179,6.7700000000000005,2.6518299999999977
1958,15,10,History,82.81,67.21,73.96,0.8281000000000001,6.720999999999999,5.636601000000001
1958,15,10,Geography,86.81,66.13,57.89,0.8681,6.6129999999999995,4.467453
1798,15,10,Mathematics,88.79,82.4,69.61,0.8879,8.24,1.9729599999999983
1798,15,10,Science,88.19,80.91,69.25,0.8819,8.091,2.2545290000000007
1798,15,10,English,89.12,77.08,71.15,0.8912,7.708,2.493695999999999
1798,15,10,History,83.21,85.05,80.02,0.8321,8.504999999999999,2.5101050000000016
1798,15,10,Geography,85.38,78.78,76.4,0.8538,7.878,3.1023640000000006
9908,15,10,Mathematics,87.92,77.58,73.49,0.8792,7.758,2.708336
9908,15,10,Science,88.04,81.43,73.25,0.8804000000000001,8.143,2.220971999999998
9908,15,10,English,86.66,81.61,72.12,0.8665999999999999,8.161,2.453226000000001
9908,15,10,History,85.08,91.32,82.27,0.8508,9.132,1.2950560000000013
9908,15,10,Geography,88.44,80.2,80.82,0.8844,8.02,2.2888800000000002
3243,15,10,Mathematics,82.8,65.83,61.5,0.828,6.583,5.877240000000001
3243,15,10,Science,89.11,58.05,60.21,0.8911,5.805,4.568355
3243,15,10,English,87.13,61.03,59.05,0.8713,6.103,5.0154390000000015
3243,15,10,History,91.33,63.7,62.87,0.9133,6.37,3.1472100000000007
3243,15,10,Geography,82.16,54.81,57.95,0.8216,5.481,8.061896
10026,15,10,Mathematics,80.33,79.14,77.65,0.8033,7.914,4.103162
10026,15,10,Science,88.24,83.33,77.63,0.8824,8.333,1.960392000000001
10026,15,10,English,86.22,93.49,85.49,0.8622,9.349,0.8970780000000008
10026,15,10,History,87.55,93.21,82.58,0.8755,9.321,0.845355000000001
10026,15,10,Geography,80.12,84.73,72.62,0.8012,8.473,3.0356759999999987
3277,15,10,Mathematics,30.25,87.15,71.32,0.3025,8.715,8.962874999999995
3277,15,10,Science,28.29,84.31,68.1,0.2829,8.431000000000001,11.251299
3277,15,10,English,25.38,88.86,64.59,0.25379999999999997,8.886,8.312668
3277,15,10,History,23.2,94.38,67.73,0.23199999999999998,9.437999999999999,4.3161600000000035
3277,15,10,Geography,23.21,88.66,70.79,0.2321,8.866,8.707986000000002
3108,15,10,Mathematics,26.16,70.9,54.74,0.2616,7.090000000000001,21.487439999999996
3108,15,10,Science,29.0,56.63,39.24,0.29,5.663,30.7927
3108,15,10,English,29.67,63.63,50.95,0.2967,6.363,25.579020999999997
3108,15,10,History,27.04,60.95,49.23,0.2704,6.095000000000001,28.49088
3108,15,10,Geography,33.1,62.86,48.62,0.331,6.286,24.84666
2273,15,10,Mathematics,66.05,83.76,80.45,0.6605,8.376000000000001,5.513479999999999
2273,15,10,Science,57.86,70.34,58.1,0.5786,7.034000000000001,12.498724
2273,15,10,English,65.74,70.0,60.59,0.6574,7.0,10.278000000000002
2273,15,10,History,64.4,85.66,69.88,0.644,8.565999999999999,5.10504
2273,15,10,Geography,59.43,79.94,62.29,0.5943,7.994,8.138342000000002
8685,15,10,Mathematics,36.2,7.24,9.11,0.36200000000000004,0.724,59.180879999999995
8685,15,10,Science,40.21,7.76,16.18,0.4021,0.776,55.150296
8685,15,10,English,35.3,0.0,8.24,0.353,0.0,64.7
8685,15,10,History,40.57,3.25,6.71,0.4057,0.325,57.498525
8685,15,10,Geography,34.46,3.64,3.33,0.3446,0.364,63.154343999999995
4365,15,10,Mathematics,84.13,69.57,68.77,0.8412999999999999,6.956999999999999,4.829241000000002
4365,15,10,Science,81.41,76.7,75.51,0.8140999999999999,7.67,4.33147
4365,15,10,English,85.28,78.46,75.59,0.8528,7.845999999999999,3.1706880000000006
4365,15,10,History,86.09,72.74,70.3,0.8609,7.273999999999999,3.791866
4365,15,10,Geography,86.01,84.87,77.57,0.8601000000000001,8.487,2.1166869999999984
3630,15,10,Mathematics,89.27,85.66,74.08,0.8926999999999999,8.565999999999999,1.5386820000000008
3630,15,10,Science,89.47,80.98,74.75,0.8946999999999999,8.098,2.002806
3630,15,10,English,85.26,79.75,78.61,0.8526,7.975,2.984849999999999
3630,15,10,History,85.68,80.32,70.17,0.8568000000000001,8.032,2.818176
3630,15,10,Geography,93.15,93.19,80.79,0.9315000000000001,9.318999999999999,0.46648499999999976
5617,15,10,Mathematics,41.13,92.48,65.97,0.4113,9.248000000000001,4.427023999999998
5617,15,10,Science,38.49,79.84,63.59,0.3849,7.984,12.400415999999998
5617,15,10,English,37.54,75.62,59.68,0.3754,7.562,15.227747999999997
5617,15,10,History,38.16,84.33,68.83,0.38159999999999994,8.433,9.690328000000001
5617,15,10,Geography,37.36,82.08,54.53,0.3736,8.208,11.225088000000001
8203,15,10,Mathematics,52.91,67.91,47.06,0.5291,6.7909999999999995,15.111181000000004
8203,15,10,Science,54.18,61.49,57.57,0.5418,6.149,17.645281999999998
8203,15,10,English,58.16,62.11,55.93,0.5816,6.211,15.853176000000001
8203,15,10,History,56.91,62.04,52.26,0.5690999999999999,6.204,16.356964
8203,15,10,Geography,53.81,64.99,54.7,0.5381,6.499,16.171119
3025,15,10,Mathematics,88.31,63.36,61.91,0.8831,6.336,4.2832159999999995
3025,15,10,Science,88.5,62.32,61.96,0.885,6.232,4.3332
3025,15,10,English,84.94,65.64,65.23,0.8493999999999999,6.564,5.174616000000001
3025,15,10,History,86.17,63.67,67.86,0.8617,6.367,5.024438999999999
3025,15,10,Geography,91.7,68.87,66.75,0.917,6.8870000000000005,2.5837899999999987
6375,15,10,Mathematics,24.87,88.72,71.28,0.2487,8.872,8.474664
6375,15,10,Science,24.3,79.53,59.4,0.243,7.953,15.49579
6375,15,10,English,17.75,77.76,54.73,0.1775,7.776000000000001,18.292399999999997
6375,15,10,History,18.27,84.04,60.3,0.1827,8.404,13.044107999999996
6375,15,10,Geography,24.76,85.35,66.8,0.24760000000000001,8.535,11.022660000000004
7672,15,10,Mathematics,70.51,75.99,72.68,0.7051000000000001,7.598999999999999,7.0805489999999995
7672,15,10,Science,64.32,77.7,68.04,0.6431999999999999,7.7700000000000005,7.956640000000001
7672,15,10,English,64.91,86.15,70.9,0.6491,8.615,4.859964999999999
7672,15,10,History,66.64,79.57,65.76,0.6664,7.956999999999999,6.815448000000003
7672,15,10,Geography,68.9,90.5,80.96,0.6890000000000001,9.05,2.9544999999999995
2723,15,10,Mathematics,73.46,82.5,70.07,0.7345999999999999,8.25,4.644500000000001
2723,15,10,Science,74.34,82.87,77.9,0.7434000000000001,8.287,4.395557999999998
2723,15,10,English,73.34,90.94,80.28,0.7334,9.094,2.4153960000000003
2723,15,10,History,70.36,82.48,73.59,0.7036,8.248000000000001,5.192927999999999
2723,15,10,Geography,78.15,94.21,81.17,0.7815000000000001,9.421,1.2651150000000009
3764,15,10,Mathematics,89.36,91.27,82.86,0.8936,9.126999999999999,0.9288720000000005
3764,15,10,Science,85.22,82.56,68.17,0.8522,8.256,2.577632
3764,15,10,English,82.99,84.58,74.95,0.8299,8.458,2.622942000000001
3764,15,10,History,84.38,94.36,86.41,0.8438,9.436,0.8809680000000003
3764,15,10,Geography,84.2,92.44,78.67,0.8420000000000001,9.244,1.19448
5563,15,10,Mathematics,73.82,82.49,72.52,0.7382,8.248999999999999,4.584118000000003
5563,15,10,Science,70.72,77.05,67.83,0.7071999999999999,7.705,6.719760000000001
5563,15,10,English,71.98,77.04,74.18,0.7198,7.704000000000001,6.433391999999998
5563,15,10,History,73.34,69.95,61.25,0.7334,6.995,8.011329999999997
5563,15,10,Geography,65.6,78.14,68.35,0.6559999999999999,7.814,7.519840000000001
2770,15,10,Mathematics,89.51,72.27,69.69,0.8951,7.226999999999999,2.9088769999999986
2770,15,10,Science,85.86,68.2,71.71,0.8586,6.82,4.49652
2770,15,10,English,92.84,67.02,66.85,0.9284,6.702,2.3613679999999992
2770,15,10,History,87.22,74.17,72.23,0.8722,7.417,3.301074
2770,15,10,Geography,87.81,81.55,74.29,0.8781,8.155,2.249055
2117,15,10,Mathematics,84.35,59.0,63.86,0.8434999999999999,5.9,6.416500000000002
2117,15,10,Science,87.2,55.13,53.46,0.872,5.513,5.743359999999998
2117,15,10,English,87.54,52.45,54.33,0.8754000000000001,5.245,5.924729999999996
2117,15,10,History,82.62,53.35,57.51,0.8262,5.335,8.107769999999999
2117,15,10,Geography,87.18,62.21,67.8,0.8718,6.221,4.844677999999997
2253,15,10,Mathematics,72.52,84.47,70.85,0.7252,8.447,4.267644000000001
2253,15,10,Science,71.53,88.38,74.99,0.7153,8.838,3.308214000000001
2253,15,10,English,75.56,85.84,76.3,0.7556,8.584,3.460703999999999
2253,15,10,History,75.49,74.68,69.74,0.7548999999999999,7.468000000000001,6.205931999999999
2253,15,10,Geography,72.41,82.29,76.85,0.7241,8.229000000000001,4.886188999999999
1517,15,10,Mathematics,81.88,84.86,74.94,0.8188,8.486,2.743368000000001
1517,15,10,Science,81.51,85.9,73.9,0.8151,8.59,2.607089999999998
1517,15,10,English,76.35,71.83,70.43,0.7635,7.183,6.662205000000003
1517,15,10,History,80.1,75.23,85.2,0.8009999999999999,7.523000000000001,4.9292300000000004
1517,15,10,Geography,80.5,74.55,75.8,0.805,7.455,4.962750000000001
5965,15,10,Mathematics,83.64,67.63,63.99,0.8364,6.763,5.295732
5965,15,10,Science,86.49,56.95,59.82,0.8649,5.695,5.816055000000002
5965,15,10,English,84.83,58.14,60.8,0.8482999999999999,5.814,6.350162
5965,15,10,History,85.3,56.71,60.49,0.853,5.671,6.363630000000001
5965,15,10,Geography,79.32,67.89,65.43,0.7931999999999999,6.789,6.640348000000002
9837,15,10,Mathematics,26.43,56.57,38.34,0.2643,5.657,31.951451
9837,15,10,Science,33.13,74.05,59.6,0.33130000000000004,7.404999999999999,17.352765000000005
9837,15,10,English,28.52,65.31,57.63,0.2852,6.531000000000001,24.796412
9837,15,10,History,32.49,60.76,45.91,0.3249,6.076,26.490924
9837,15,10,Geography,32.13,72.93,55.32,0.32130000000000003,7.293000000000001,18.372408999999994
6779,15,10,Mathematics,76.62,82.58,71.62,0.7662,8.258,4.072795999999999
6779,15,10,Science,84.13,83.12,82.57,0.8412999999999999,8.312000000000001,2.678856
6779,15,10,English,77.96,82.12,81.89,0.7796,8.212,3.940752
6779,15,10,History,83.59,78.37,71.51,0.8359000000000001,7.837000000000001,3.5494829999999986
6779,15,10,Geography,78.04,85.93,78.53,0.7804000000000001,8.593,3.0897719999999977
6591,15,10,Mathematics,84.53,94.42,82.59,0.8453,9.442,0.8632259999999996
6591,15,10,Science,83.48,84.37,77.75,0.8348,8.437000000000001,2.5820759999999985
6591,15,10,English,79.58,87.17,79.88,0.7958,8.717,2.6198859999999997
6591,15,10,History,82.06,83.6,75.34,0.8206,8.36,2.9421600000000008
6591,15,10,Geography,81.12,78.18,76.68,0.8112,7.8180000000000005,4.119615999999997
4844,15,10,Mathematics,87.34,85.32,81.86,0.8734000000000001,8.532,1.8584880000000004
4844,15,10,Science,85.71,82.21,73.94,0.8571,8.221,2.542191000000002
4844,15,10,English,82.67,79.06,64.95,0.8267,7.906000000000001,3.628901999999999
4844,15,10,History,85.36,83.03,77.66,0.8536,8.303,2.484408
4844,15,10,Geography,82.94,89.59,88.27,0.8294,8.959,1.7759459999999996
1612,15,10,Mathematics,80.08,79.46,72.83,0.8008,7.946,4.091568000000001
1612,15,10,Science,79.42,77.69,78.55,0.7942,7.769,4.591398000000001
1612,15,10,English,78.9,74.24,74.21,0.789,7.4239999999999995,5.435359999999999
1612,15,10,History,72.4,77.28,70.97,0.7240000000000001,7.728,6.270719999999999
1612,15,10,Geography,72.78,60.25,57.63,0.7278,6.025,10.819949999999999
6185,15,10,Mathematics,95.09,88.57,78.31,0.9509000000000001,8.857,0.561213
6185,15,10,Science,87.82,95.96,90.25,0.8782,9.596,0.49207200000000106
6185,15,10,English,94.87,95.41,81.14,0.9487000000000001,9.541,0.23546699999999998
6185,15,10,History,96.24,79.75,80.61,0.9623999999999999,7.975,0.761400000000001
6185,15,10,Geography,93.01,88.32,78.46,0.9301,8.831999999999999,0.8164319999999999
6504,15,10,Mathematics,66.95,74.14,74.01,0.6695,7.414,8.546729999999998
6504,15,10,Science,69.12,69.08,59.7,0.6912,6.9079999999999995,9.548096
6504,15,10,English,70.3,69.83,60.34,0.703,6.983,8.96049
6504,15,10,History,70.83,72.59,61.4,0.7082999999999999,7.259,7.995496999999999
6504,15,10,Geography,73.08,62.38,56.49,0.7308,6.238,10.127304
2234,15,10,Mathematics,78.73,68.05,72.79,0.7873,6.805,6.795764999999999
2234,15,10,Science,79.71,78.8,59.57,0.7970999999999999,7.88,4.3014800000000015
2234,15,10,English,84.28,69.24,68.92,0.8428,6.9239999999999995,4.835472
2234,15,10,History,79.07,69.82,60.8,0.7907,6.981999999999999,6.3166740000000035
2234,15,10,Geography,78.63,68.32,73.16,0.7863,6.831999999999999,6.770016000000003
2552,15,10,Mathematics,26.05,95.76,72.36,0.2605,9.576,3.1354799999999967
2552,15,10,Science,23.95,85.18,63.12,0.2395,8.518,11.270609999999994
2552,15,10,English,20.51,79.14,55.18,0.2051,7.914,16.581614
2552,15,10,History,19.78,86.62,62.28,0.1978,8.662,10.733435999999998
2552,15,10,Geography,24.64,83.43,56.24,0.2464,8.343,12.487151999999995
5945,15,10,Mathematics,92.19,78.26,65.3,0.9218999999999999,7.8260000000000005,1.697894
5945,15,10,Science,82.97,97.4,79.76,0.8297,9.74,0.44277999999999906
5945,15,10,English,86.41,93.15,86.05,0.8641,9.315000000000001,0.9309149999999994
5945,15,10,History,89.28,86.86,83.99,0.8928,8.686,1.4086079999999999
5945,15,10,Geography,87.91,87.61,79.46,0.8791,8.761,1.4979510000000005
9971,15,10,Mathematics,80.19,61.5,64.59,0.8019,6.15,7.626850000000001
9971,15,10,Science,74.94,71.39,64.39,0.7494,7.139,7.169666000000001
9971,15,10,English,76.49,74.55,60.95,0.7648999999999999,7.455,5.983295000000002
9971,15,10,History,83.02,64.34,61.71,0.8301999999999999,6.434,6.055068000000001
9971,15,10,Geography,77.67,63.41,66.66,0.7767000000000001,6.340999999999999,8.170547000000001
10027,15,10,Mathematics,89.78,76.08,69.07,0.8978,7.608,2.444624
10027,15,10,Science,90.3,69.42,67.53,0.903,6.942,2.966260000000001
10027,15,10,English,88.8,65.48,64.83,0.888,6.548,3.866240000000001
10027,15,10,History,87.13,75.92,69.19,0.8713,7.5920000000000005,3.0990960000000007
10027,15,10,Geography,91.57,71.93,70.59,0.9157,7.1930000000000005,2.3663010000000013
8133,15,10,Mathematics,85.66,97.47,88.24,0.8565999999999999,9.747,0.36280200000000024
8133,15,10,Science,90.88,82.64,86.97,0.9087999999999999,8.264,1.5832320000000006
8133,15,10,English,94.51,98.49,83.74,0.9451,9.849,0.08289900000000021
8133,15,10,History,86.58,96.08,89.39,0.8658,9.608,0.5260640000000003
8133,15,10,Geography,89.8,89.34,75.25,0.898,8.934000000000001,1.08732
7649,15,10,Mathematics,89.14,96.86,85.2,0.8914,9.686,0.3410040000000001
7649,15,10,Science,81.68,82.8,75.07,0.8168000000000001,8.28,3.151039999999999
7649,15,10,English,90.84,91.35,80.67,0.9084,9.135,0.7923400000000003
7649,15,10,History,88.95,86.42,85.04,0.8895000000000001,8.642,1.5005899999999994
7649,15,10,Geography,82.5,91.6,85.08,0.825,9.16,1.470000000000001
7914,15,10,Mathematics,78.09,75.78,68.63,0.7809,7.578,5.306601999999999
7914,15,10,Science,73.65,81.34,74.28,0.7365,8.134,4.916909999999998
7914,15,10,English,77.44,81.11,79.58,0.7744,8.111,4.261584
7914,15,10,History,77.89,89.21,76.53,0.7789,8.921,2.3856690000000014
7914,15,10,Geography,81.33,91.6,83.07,0.8133,9.16,1.5682800000000012
1691,15,10,Mathematics,87.48,79.64,74.22,0.8748,7.964,2.549071999999999
1691,15,10,Science,94.83,76.45,74.99,0.9483,7.6450000000000005,1.2175350000000003
1691,15,10,English,89.68,79.01,77.69,0.8968,7.901000000000001,2.166167999999998
1691,15,10,History,96.36,80.45,77.3,0.9636,8.045,0.71162
1691,15,10,Geography,91.21,78.32,67.7,0.9120999999999999,7.831999999999999,1.9056720000000018
2479,15,10,Mathematics,68.24,84.11,78.8,0.6823999999999999,8.411,5.046664000000002
2479,15,10,Science,73.9,93.99,83.41,0.7390000000000001,9.399,1.568610000000001
2479,15,10,English,70.7,82.26,72.31,0.7070000000000001,8.226,5.197819999999998
2479,15,10,History,69.8,78.39,71.02,0.698,7.839,6.52622
2479,15,10,Geography,66.47,83.28,69.58,0.6647,8.328,5.606216
9133,15,10,Mathematics,54.78,83.61,64.9,0.5478000000000001,8.361,7.411558
9133,15,10,Science,63.44,89.12,71.19,0.6344,8.912,3.9777279999999986
9133,15,10,English,56.61,80.61,62.81,0.5661,8.061,8.413321000000002
9133,15,10,History,58.27,85.55,70.99,0.5827,8.555,6.029985
9133,15,10,Geography,61.29,89.92,66.21,0.6129,8.992,3.901967999999999
7928,15,10,Mathematics,66.61,62.03,52.49,0.6661,6.203,12.678182999999999
7928,15,10,Science,67.84,69.48,57.89,0.6784,6.948,9.815231999999998
7928,15,10,English,70.77,59.3,56.77,0.7077,5.93,11.896610000000003
7928,15,10,History,63.65,58.39,53.32,0.6365,5.839,15.125235
7928,15,10,Geography,69.19,62.3,55.17,0.6919,6.2299999999999995,11.615370000000002
9034,15,10,Mathematics,69.29,66.4,62.68,0.6929000000000001,6.640000000000001,10.318559999999996
9034,15,10,Science,75.86,70.71,68.5,0.7585999999999999,7.071,7.0706060000000015
9034,15,10,English,78.83,62.45,69.4,0.7883,6.245,7.949335
9034,15,10,History,69.95,76.93,68.95,0.6995,7.6930000000000005,6.932534999999997
9034,15,10,Geography,74.89,64.9,60.85,0.7489,6.49,8.813609999999999
6947,15,10,Mathematics,89.46,73.46,69.89,0.8946,7.345999999999999,2.7973160000000026
6947,15,10,Science,82.78,87.74,82.67,0.8278,8.774,2.1111720000000007
6947,15,10,English,86.09,71.63,76.03,0.8609,7.162999999999999,3.9462669999999997
6947,15,10,History,86.69,68.71,64.02,0.8669,6.8709999999999996,4.1646990000000015
6947,15,10,Geography,87.06,68.87,68.62,0.8706,6.8870000000000005,4.028221999999999
5144,15,10,Mathematics,84.5,81.56,77.47,0.845,8.156,2.858199999999999
5144,15,10,Science,76.41,88.93,80.04,0.7641,8.893,2.611412999999999
5144,15,10,English,77.22,86.19,75.21,0.7722,8.619,3.145918000000001
5144,15,10,History,84.51,89.73,84.11,0.8451000000000001,8.973,1.590822999999999
5144,15,10,Geography,75.51,86.29,83.19,0.7551000000000001,8.629000000000001,3.3575789999999976
5929,15,10,Mathematics,80.85,89.36,71.01,0.8085,8.936,2.037560000000001
5929,15,10,Science,87.53,93.34,81.33,0.8753,9.334,0.8305019999999995
5929,15,10,English,81.65,99.69,88.27,0.8165,9.969,0.0568850000000004
5929,15,10,History,81.67,98.98,91.56,0.8167,9.898,0.18696599999999924
5929,15,10,Geography,78.43,98.62,86.94,0.7843000000000001,9.862,0.29766599999999893
1555,15,10,Mathematics,87.95,74.42,63.65,0.8795000000000001,7.442,3.0823899999999993
1555,15,10,Science,86.56,73.23,73.68,0.8656,7.323,3.597887999999999
1555,15,10,English,84.34,81.61,80.49,0.8434,8.161,2.879873999999999
1555,15,10,History,91.57,67.62,64.76,0.9157,6.7620000000000005,2.729634000000002
1555,15,10,Geography,88.64,83.65,78.36,0.8864,8.365,1.8573599999999992
5275,15,10,Mathematics,84.29,93.6,86.66,0.8429000000000001,9.36,1.0054400000000006
5275,15,10,Science,80.81,88.54,79.97,0.8081,8.854000000000001,2.1991739999999984
5275,15,10,English,79.31,84.73,74.94,0.7931,8.473,3.159362999999999
5275,15,10,History,78.69,92.93,86.47,0.7868999999999999,9.293000000000001,1.5066169999999988
5275,15,10,Geography,79.72,87.58,82.1,0.7972,8.758,2.518776000000001
4010,15,10,Mathematics,70.68,60.86,59.47,0.7068000000000001,6.086,11.475848
4010,15,10,Science,73.79,58.81,57.53,0.7379000000000001,5.881,10.795898999999997
4010,15,10,English,70.18,69.77,66.3,0.7018000000000001,6.976999999999999,9.014586
4010,15,10,History,69.72,69.86,61.27,0.6972,6.986,9.126392000000001
4010,15,10,Geography,74.94,51.42,50.42,0.7494,5.142,12.174148
3585,15,10,Mathematics,77.01,81.34,76.02,0.7701,8.134,4.289933999999999
3585,15,10,Science,74.56,78.86,68.57,0.7456,7.886,5.378016
3585,15,10,English,74.15,79.63,68.28,0.7415,7.962999999999999,5.265644999999999
3585,15,10,History,71.36,80.05,64.68,0.7136,8.004999999999999,5.71368
3585,15,10,Geography,71.84,79.58,67.2,0.7184,7.958,5.750272
5270,15,10,Mathematics,86.17,73.58,77.04,0.8617,7.358,3.653886
5270,15,10,Science,90.34,79.21,76.27,0.9034,7.920999999999999,2.008314
5270,15,10,English,86.76,76.24,67.5,0.8676,7.624,3.1458239999999993
5270,15,10,History,90.33,91.29,75.93,0.9033,9.129000000000001,0.8422569999999996
5270,15,10,Geography,88.24,75.15,73.85,0.8824,7.515000000000001,2.9223600000000003
4677,15,10,Mathematics,80.97,78.66,83.01,0.8097,7.866,4.061002000000001
4677,15,10,Science,77.83,90.11,79.52,0.7783,9.011,2.192613
4677,15,10,English,77.74,92.19,78.22,0.7774,9.219,1.738506000000001
4677,15,10,History,80.8,92.27,83.52,0.8079999999999999,9.227,1.484160000000001
4677,15,10,Geography,74.05,81.7,69.11,0.7404999999999999,8.17,4.74885
10028,15,10,Mathematics,72.55,83.28,74.31,0.7254999999999999,8.328,4.58964
10028,15,10,Science,73.48,91.95,81.26,0.7348,9.195,2.134859999999999
10028,15,10,English,70.95,93.85,83.64,0.7095,9.385,1.7865750000000014
10028,15,10,History,68.45,82.63,68.79,0.6845,8.263,5.480235000000001
10028,15,10,Geography,72.05,81.78,70.37,0.7204999999999999,8.178,5.092490000000001
1231,15,10,Mathematics,75.26,87.3,71.59,0.7526,8.73,3.1419799999999998
1231,15,10,Science,81.91,88.09,77.11,0.8190999999999999,8.809000000000001,2.1545189999999996
1231,15,10,English,79.75,81.32,71.99,0.7975,8.132,3.7827000000000015
1231,15,10,History,74.18,85.26,80.88,0.7418,8.526,3.8058679999999976
1231,15,10,Geography,75.19,88.06,73.03,0.7519,8.806000000000001,2.9623139999999997
5717,15,10,Mathematics,37.12,69.19,60.79,0.3712,6.919,19.373328
5717,15,10,Science,32.59,69.67,51.24,0.3259,6.9670000000000005,20.445452999999997
5717,15,10,English,30.93,67.79,51.66,0.3093,6.779000000000001,22.247446999999994
5717,15,10,History,32.63,60.73,49.65,0.32630000000000003,6.0729999999999995,26.456199000000005
5717,15,10,Geography,39.8,69.5,59.51,0.39799999999999996,6.95,18.361
10029,15,10,Mathematics,87.02,78.83,74.56,0.8702,7.883,2.7478660000000006
10029,15,10,Science,89.74,82.65,72.3,0.8974,8.265,1.7801100000000003
10029,15,10,English,87.05,80.67,78.36,0.8704999999999999,8.067,2.503235
10029,15,10,History,85.14,83.44,72.48,0.8514,8.344,2.4608160000000003
10029,15,10,Geography,82.5,83.57,82.85,0.825,8.357,2.8752500000000007
8506,15,10,Mathematics,100.0,62.81,69.39,1.0,6.281000000000001,0.0
8506,15,10,Science,99.25,72.62,71.03,0.9925,7.2620000000000005,0.20534999999999998
8506,15,10,English,98.11,67.34,70.22,0.9811,6.734,0.6172740000000001
8506,15,10,History,100.0,64.52,68.45,1.0,6.452,0.0
8506,15,10,Geography,95.94,66.77,69.86,0.9594,6.677,1.3491380000000008
7935,15,10,Mathematics,72.75,61.79,56.36,0.7275,6.179,10.412225000000001
7935,15,10,Science,64.64,78.3,67.0,0.6464,7.83,7.673120000000001
7935,15,10,English,73.01,70.76,68.15,0.7301000000000001,7.0760000000000005,7.891875999999997
7935,15,10,History,70.08,67.45,65.09,0.7008,6.745,9.738959999999999
7935,15,10,Geography,65.73,65.24,62.76,0.6573,6.523999999999999,11.912252
1745,15,10,Mathematics,75.05,83.15,75.66,0.7505,8.315000000000001,4.204075
1745,15,10,Science,71.69,79.87,72.69,0.7169,7.987,5.698802999999999
1745,15,10,English,69.88,95.26,81.62,0.6988,9.526,1.4276879999999985
1745,15,10,History,71.36,79.84,65.24,0.7136,7.984,5.773823999999999
1745,15,10,Geography,68.97,84.3,73.51,0.6897,8.43,4.871710000000001
3938,15,10,Mathematics,67.3,73.42,65.5,0.6729999999999999,7.3420000000000005,8.69166
3938,15,10,Science,71.36,76.05,68.35,0.7136,7.6049999999999995,6.859280000000001
3938,15,10,English,66.25,68.7,63.35,0.6625,6.87,10.56375
3938,15,10,History,72.35,83.71,71.9,0.7234999999999999,8.370999999999999,4.504185000000003
3938,15,10,Geography,71.15,82.81,70.13,0.7115,8.281,4.959314999999998
3323,15,10,Mathematics,50.97,73.75,53.26,0.5097,7.375,12.870375000000001
3323,15,10,Science,50.28,76.04,61.4,0.5028,7.604000000000001,11.912911999999997
3323,15,10,English,49.01,76.98,56.02,0.4901,7.698,11.737897999999998
3323,15,10,History,51.52,84.72,73.61,0.5152,8.472,7.407744
3323,15,10,Geography,55.13,76.34,65.88,0.5513,7.634,10.616241999999998
5312,15,10,Mathematics,64.23,57.67,51.62,0.6423000000000001,5.767,15.141440999999997
5312,15,10,Science,65.16,59.74,53.66,0.6516,5.974,14.026584
5312,15,10,English,64.04,68.42,62.88,0.6404000000000001,6.8420000000000005,11.356167999999998
5312,15,10,History,60.48,62.93,57.84,0.6048,6.293,14.650064000000002
5312,15,10,Geography,58.41,54.47,47.84,0.5841,5.447,18.935927000000003
1871,15,10,Mathematics,49.65,92.19,72.3,0.4965,9.219,3.932335000000001
1871,15,10,Science,43.91,93.88,74.46,0.4391,9.388,3.432708000000003
1871,15,10,English,51.22,88.83,67.62,0.5122,8.883,5.4487260000000015
1871,15,10,History,43.33,80.65,64.22,0.43329999999999996,8.065000000000001,10.965644999999997
1871,15,10,Geography,47.45,94.33,71.07,0.47450000000000003,9.433,2.9795850000000006
8150,15,10,Mathematics,76.8,0.0,15.08,0.768,0.0,23.200000000000003
8150,15,10,Science,77.89,5.26,19.97,0.7789,0.526,20.947014
8150,15,10,English,76.83,2.68,16.51,0.7683,0.268,22.549044
8150,15,10,History,73.75,0.0,19.04,0.7375,0.0,26.25
8150,15,10,Geography,78.02,4.69,18.39,0.7802,0.46900000000000003,20.949138
3425,15,10,Mathematics,90.98,83.76,86.76,0.9098,8.376000000000001,1.464847999999999
3425,15,10,Science,86.5,87.1,85.6,0.865,8.709999999999999,1.741500000000001
3425,15,10,English,86.17,93.96,78.21,0.8617,9.395999999999999,0.8353320000000007
3425,15,10,History,87.48,98.03,90.35,0.8748,9.803,0.24664399999999978
3425,15,10,Geography,93.65,80.49,74.46,0.9365000000000001,8.049,1.2388849999999991
1067,15,10,Mathematics,83.29,86.46,71.9,0.8329000000000001,8.645999999999999,2.2625340000000005
1067,15,10,Science,84.45,90.84,79.02,0.8445,9.084,1.4243799999999993
1067,15,10,English,83.79,88.09,87.52,0.8379000000000001,8.809000000000001,1.9306109999999987
1067,15,10,History,81.74,82.89,76.63,0.8173999999999999,8.289,3.1242860000000006
1067,15,10,Geography,78.12,81.92,70.57,0.7812,8.192,3.9559039999999985
2998,15,10,Mathematics,60.62,82.92,65.43,0.6062,8.292,6.726104
2998,15,10,Science,60.93,84.19,64.24,0.6093,8.419,6.176967000000001
2998,15,10,English,60.1,91.94,77.23,0.601,9.193999999999999,3.2159400000000007
2998,15,10,History,59.14,92.35,75.41,0.5914,9.235,3.1257900000000025
2998,15,10,Geography,60.31,88.4,80.43,0.6031,8.84,4.604039999999998
8439,15,10,Mathematics,41.41,86.4,66.78,0.41409999999999997,8.64,7.968239999999997
8439,15,10,Science,44.95,85.38,72.23,0.4495,8.538,8.048310000000003
8439,15,10,English,48.53,82.24,70.77,0.4853,8.224,9.141072000000003
8439,15,10,History,48.23,82.93,67.06,0.48229999999999995,8.293000000000001,8.837138999999997
8439,15,10,Geography,45.32,80.46,64.58,0.4532,8.046,10.684472000000003
4463,15,10,Mathematics,97.85,83.77,78.06,0.9784999999999999,8.376999999999999,0.348945000000001
4463,15,10,Science,100.0,71.65,74.15,1.0,7.165000000000001,0.0
4463,15,10,English,100.0,81.53,74.09,1.0,8.153,0.0
4463,15,10,History,98.75,75.53,67.01,0.9875,7.553,0.305875
4463,15,10,Geography,100.0,87.53,85.08,1.0,8.753,0.0
3916,15,10,Mathematics,89.32,78.19,71.66,0.8931999999999999,7.819,2.329308000000002
3916,15,10,Science,96.65,86.23,83.09,0.9665,8.623000000000001,0.46129499999999907
3916,15,10,English,88.03,83.89,72.06,0.8803,8.389,1.9283669999999997
3916,15,10,History,94.76,84.29,86.11,0.9476,8.429,0.8232039999999989
3916,15,10,Geography,88.32,72.93,68.62,0.8832,7.293000000000001,3.161776000000001
2975,15,10,Mathematics,84.6,72.92,77.14,0.846,7.292,4.170320000000001
2975,15,10,Science,84.09,89.03,75.18,0.8409,8.903,1.7453269999999994
2975,15,10,English,87.59,89.94,82.4,0.8759,8.994,1.248446
2975,15,10,History,82.74,83.62,74.13,0.8273999999999999,8.362,2.827188
2975,15,10,Geography,83.9,75.05,75.03,0.8390000000000001,7.505,4.016949999999999
9021,15,10,Mathematics,50.61,87.93,72.76,0.5061,8.793000000000001,5.9613729999999965
9021,15,10,Science,56.56,90.37,68.95,0.5656,9.037,4.183271999999998
9021,15,10,English,51.9,89.23,77.69,0.519,8.923,5.180369999999998
9021,15,10,History,55.39,89.13,74.98,0.5539000000000001,8.913,4.849107000000002
9021,15,10,Geography,57.19,80.45,64.52,0.5719,8.045,8.369354999999999
4053,15,10,Mathematics,69.13,75.59,72.38,0.6912999999999999,7.559,7.535367
4053,15,10,Science,77.3,87.15,78.4,0.773,8.715,2.9169499999999986
4053,15,10,English,72.34,84.13,71.56,0.7234,8.413,4.389642
4053,15,10,History,74.22,70.2,68.59,0.7422,7.0200000000000005,7.682439999999999
4053,15,10,Geography,75.76,72.8,58.44,0.7576,7.279999999999999,6.59328
9115,15,10,Mathematics,50.1,66.07,49.03,0.501,6.606999999999999,16.931070000000002
9115,15,10,Science,58.13,66.54,59.48,0.5813,6.654000000000001,14.009701999999997
9115,15,10,English,49.71,53.46,42.49,0.4971,5.346,23.404965999999998
9115,15,10,History,50.34,67.12,47.69,0.5034000000000001,6.712000000000001,16.328207999999997
9115,15,10,Geography,55.44,58.72,51.54,0.5544,5.872,18.394368
5073,15,10,Mathematics,79.33,69.54,67.59,0.7933,6.954000000000001,6.296081999999999
5073,15,10,Science,74.19,80.16,64.27,0.7419,8.016,5.120704000000002
5073,15,10,English,81.64,82.01,72.17,0.8164,8.201,3.302963999999999
5073,15,10,History,75.12,69.77,61.35,0.7512000000000001,6.976999999999999,7.521224
5073,15,10,Geography,79.68,72.3,65.63,0.7968000000000001,7.2299999999999995,5.628639999999999
7766,15,10,Mathematics,20.02,87.5,63.07,0.2002,8.75,9.9975
7766,15,10,Science,20.95,86.98,72.95,0.2095,8.698,10.292309999999995
7766,15,10,English,23.69,79.37,56.04,0.2369,7.937,15.742752999999999
7766,15,10,History,26.05,87.08,66.09,0.2605,8.708,9.554340000000002
7766,15,10,Geography,23.56,78.95,60.59,0.23559999999999998,7.8950000000000005,16.090619999999998
2866,15,10,Mathematics,83.48,62.82,64.24,0.8348,6.282,6.142135999999998
2866,15,10,Science,79.49,51.66,57.2,0.7948999999999999,5.1659999999999995,9.914534000000003
2866,15,10,English,79.05,66.53,70.38,0.7905,6.6530000000000005,7.011965
2866,15,10,History,77.1,69.2,70.67,0.7709999999999999,6.92,7.053200000000001
2866,15,10,Geography,80.77,65.79,61.63,0.8077,6.579000000000001,6.578583
8454,15,10,Mathematics,71.39,87.14,75.73,0.7139,8.714,3.679246
8454,15,10,Science,69.54,86.89,73.85,0.6954,8.689,3.9933059999999987
8454,15,10,English,66.94,82.09,74.4,0.6694,8.209,5.921045999999999
8454,15,10,History,66.47,86.79,74.69,0.6647,8.679,4.429312999999998
8454,15,10,Geography,69.16,89.23,83.18,0.6916,8.923,3.3214679999999994
2742,15,10,Mathematics,84.01,79.17,67.18,0.8401000000000001,7.917,3.3307169999999986
2742,15,10,Science,86.64,86.78,81.15,0.8664000000000001,8.678,1.7661919999999998
2742,15,10,English,85.24,76.86,69.07,0.8523999999999999,7.686,3.4154640000000014
2742,15,10,History,80.98,75.75,75.0,0.8098000000000001,7.575,4.612349999999999
2742,15,10,Geography,80.72,87.45,85.51,0.8072,8.745000000000001,2.41964
7637,15,10,Mathematics,88.08,92.12,84.08,0.8808,9.212,0.9392959999999997
7637,15,10,Science,86.84,81.95,75.6,0.8684000000000001,8.195,2.375379999999999
7637,15,10,English,84.73,88.14,77.45,0.8473,8.814,1.8110219999999995
7637,15,10,History,84.73,78.1,72.7,0.8473,7.81,3.3441300000000003
7637,15,10,Geography,89.75,90.34,82.53,0.8975,9.034,0.9901499999999995
3213,15,10,Mathematics,97.3,85.06,77.29,0.973,8.506,0.40338000000000035
3213,15,10,Science,95.87,87.99,86.17,0.9587,8.799,0.49601299999999965
3213,15,10,English,99.41,79.54,70.79,0.9941,7.954000000000001,0.12071400000000067
3213,15,10,History,98.13,75.6,80.48,0.9813,7.56,0.4562800000000012
3213,15,10,Geography,97.35,75.46,69.38,0.9734999999999999,7.545999999999999,0.6503100000000016
8139,15,10,Mathematics,37.24,67.19,54.13,0.3724,6.718999999999999,20.591556
8139,15,10,Science,39.96,77.07,60.46,0.3996,7.706999999999999,13.767172000000006
8139,15,10,English,44.51,68.7,52.09,0.4451,6.87,17.36837
8139,15,10,History,38.38,67.49,52.94,0.38380000000000003,6.749,20.032662000000002
8139,15,10,Geography,44.71,84.39,71.45,0.4471,8.439,8.630768999999999
8295,15,10,Mathematics,85.27,86.89,81.86,0.8527,8.689,1.9311030000000005
8295,15,10,Science,92.25,70.6,64.63,0.9225,7.06,2.2785000000000006
8295,15,10,English,93.75,78.21,70.14,0.9375,7.821,1.3618750000000004
8295,15,10,History,91.87,67.12,69.24,0.9187000000000001,6.712000000000001,2.673143999999998
8295,15,10,Geography,85.01,78.95,74.19,0.8501000000000001,7.8950000000000005,3.1553949999999986
6469,15,10,Mathematics,85.37,54.99,53.81,0.8537,5.4990000000000006,6.584962999999998
6469,15,10,Science,88.73,52.51,60.31,0.8873000000000001,5.2509999999999994,5.352122999999998
6469,15,10,English,91.35,54.12,53.41,0.9135,5.412,3.968620000000003
6469,15,10,History,89.27,66.77,64.38,0.8926999999999999,6.677,3.565579000000002
6469,15,10,Geography,88.94,54.75,57.17,0.8894,5.475,5.004650000000001
1606,15,10,Mathematics,25.72,66.32,57.33,0.2572,6.632,25.017504000000002
1606,15,10,Science,22.76,73.2,49.25,0.22760000000000002,7.32,20.700319999999998
1606,15,10,English,20.7,68.81,52.77,0.207,6.881,24.733669999999996
1606,15,10,History,16.91,66.08,42.48,0.1691,6.608,28.184128
1606,15,10,Geography,20.2,68.15,53.38,0.20199999999999999,6.815,25.416299999999996
1994,15,10,Mathematics,86.29,79.32,73.49,0.8629000000000001,7.9319999999999995,2.8352279999999994
1994,15,10,Science,91.15,80.09,77.06,0.9115000000000001,8.009,1.7620349999999985
1994,15,10,English,89.98,96.12,91.67,0.8998,9.612,0.38877599999999934
1994,15,10,History,84.87,80.63,72.7,0.8487,8.062999999999999,2.9306809999999994
1994,15,10,Geography,83.92,87.1,75.83,0.8392000000000001,8.709999999999999,2.0743200000000006
2915,15,10,Mathematics,99.78,85.0,77.79,0.9978,8.5,0.03299999999999983
2915,15,10,Science,92.98,71.28,71.06,0.9298000000000001,7.128,2.016143999999999
2915,15,10,English,100.0,76.75,72.04,1.0,7.675,0.0
2915,15,10,History,96.96,67.92,63.57,0.9695999999999999,6.792,0.975232000000002
2915,15,10,Geography,95.01,67.62,63.6,0.9501000000000001,6.7620000000000005,1.615761999999998
6633,15,10,Mathematics,93.14,87.43,84.59,0.9314,8.743,0.8623019999999993
6633,15,10,Science,94.35,96.17,86.06,0.9434999999999999,9.617,0.21639500000000012
6633,15,10,English,94.44,95.66,90.07,0.9444,9.565999999999999,0.2413040000000003
6633,15,10,History,91.39,80.25,76.45,0.9139,8.025,1.700475
6633,15,10,Geography,94.54,80.47,72.29,0.9454,8.047,1.066337999999999
3148,15,10,Mathematics,23.38,90.06,64.17,0.23379999999999998,9.006,7.616027999999999
3148,15,10,Science,23.15,88.01,66.45,0.23149999999999998,8.801,9.214314999999996
3148,15,10,English,21.85,89.22,68.99,0.21850000000000003,8.922,8.424570000000001
3148,15,10,History,24.62,89.74,69.64,0.2462,8.974,7.733988000000004
3148,15,10,Geography,28.26,95.0,76.54,0.2826,9.5,3.5869999999999997
8911,15,10,Mathematics,80.12,63.09,70.01,0.8012,6.309,7.3377079999999975
8911,15,10,Science,85.9,68.91,67.64,0.8590000000000001,6.891,4.383689999999999
8911,15,10,English,86.55,67.31,65.39,0.8654999999999999,6.731,4.3968050000000005
8911,15,10,History,79.89,69.82,65.07,0.7989,6.981999999999999,6.069198000000001
8911,15,10,Geography,79.2,55.42,53.47,0.792,5.542,9.272639999999997
4845,15,10,Mathematics,80.16,0.0,16.72,0.8016,0.0,19.840000000000003
4845,15,10,Science,80.71,3.92,26.46,0.8070999999999999,0.392,18.533832000000007
4845,15,10,English,86.79,2.46,24.82,0.8679000000000001,0.246,12.885033999999994
4845,15,10,History,79.51,3.73,18.92,0.7951,0.373,19.725722999999995
4845,15,10,Geography,83.46,8.8,23.72,0.8345999999999999,0.8800000000000001,15.084480000000006
2043,15,10,Mathematics,79.99,85.12,75.51,0.7998999999999999,8.512,2.9774879999999997
2043,15,10,Science,80.92,76.75,67.43,0.8092,7.675,4.4361
2043,15,10,English,86.47,76.03,70.95,0.8647,7.603,3.243141
2043,15,10,History,84.51,94.5,80.06,0.8451000000000001,9.45,0.8519499999999997
2043,15,10,Geography,87.65,79.71,74.0,0.8765000000000001,7.970999999999999,2.5058149999999997
6820,15,10,Mathematics,52.75,71.76,57.23,0.5275,7.176,13.343399999999997
6820,15,10,Science,57.34,68.1,57.73,0.5734,6.81,13.60854
6820,15,10,English,56.12,59.08,46.88,0.5611999999999999,5.9079999999999995,17.955696000000003
6820,15,10,History,53.66,55.65,42.91,0.5366,5.5649999999999995,20.55179
6820,15,10,Geography,51.86,69.99,66.45,0.5186,6.999,14.446814000000002
2817,15,10,Mathematics,94.51,89.15,85.83,0.9451,8.915000000000001,0.5956649999999991
2817,15,10,Science,88.59,88.32,89.85,0.8859,8.831999999999999,1.3326880000000003
2817,15,10,English,93.88,89.21,76.4,0.9388,8.921,0.6603480000000009
2817,15,10,History,85.74,87.49,82.3,0.8573999999999999,8.748999999999999,1.7839260000000012
2817,15,10,Geography,89.02,92.5,79.49,0.8902,9.25,0.8235000000000002
4365,15,10,Mathematics,21.67,74.19,55.48,0.2167,7.419,20.216973
4365,15,10,Science,21.8,75.52,50.61,0.218,7.552,19.143360000000005
4365,15,10,English,19.67,78.74,51.82,0.1967,7.874,17.078158000000002
4365,15,10,History,20.27,77.23,59.3,0.2027,7.723000000000001,18.154521
4365,15,10,Geography,22.35,86.06,64.27,0.2235,8.606,10.824409999999999
3257,15,10,Mathematics,91.65,65.25,69.82,0.9165000000000001,6.525,2.901624999999998
3257,15,10,Science,91.28,50.77,48.98,0.9128000000000001,5.077,4.292856
3257,15,10,English,87.04,65.93,64.9,0.8704000000000001,6.593000000000001,4.415471999999997
3257,15,10,History,86.26,56.35,51.64,0.8626,5.635,5.9975099999999975
3257,15,10,Geography,85.07,56.04,56.07,0.8506999999999999,5.604,6.563228000000002
2396,15,10,Mathematics,80.16,87.84,78.3,0.8016,8.784,2.4125439999999996
2396,15,10,Science,71.67,82.31,73.0,0.7167,8.231,5.011576999999999
2396,15,10,English,77.45,92.01,85.84,0.7745000000000001,9.201,1.8017449999999986
2396,15,10,History,71.8,90.43,76.07,0.718,9.043000000000001,2.6987399999999986
2396,15,10,Geography,78.68,80.44,71.29,0.7868,8.044,4.170191999999999
8025,15,10,Mathematics,69.02,66.39,63.69,0.6901999999999999,6.639,10.412378
8025,15,10,Science,71.08,69.59,66.3,0.7108,6.9590000000000005,8.794571999999999
8025,15,10,English,67.45,77.36,66.03,0.6745,7.736,7.369319999999999
8025,15,10,History,68.32,61.88,47.47,0.6831999999999999,6.188000000000001,12.076416000000002
8025,15,10,Geography,71.85,73.53,65.86,0.7184999999999999,7.353,7.451305000000001
2389,15,10,Mathematics,52.86,67.93,51.55,0.5286,6.793000000000001,15.117797999999999
2389,15,10,Science,48.11,58.48,45.39,0.48109999999999997,5.848,21.544728
2389,15,10,English,49.92,74.1,58.61,0.49920000000000003,7.409999999999999,12.970720000000004
2389,15,10,History,49.93,64.39,55.34,0.4993,6.439,17.829927
2389,15,10,Geography,51.78,63.23,49.64,0.5178,6.3229999999999995,17.730494
1947,15,10,Mathematics,85.29,8.33,25.41,0.8529000000000001,0.833,13.484656999999995
1947,15,10,Science,85.37,1.75,24.84,0.8537,0.175,14.373974999999996
1947,15,10,English,82.32,0.0,13.62,0.8231999999999999,0.0,17.680000000000007
1947,15,10,History,86.76,2.71,21.71,0.8676,0.271,12.881195999999996
1947,15,10,Geography,83.7,7.79,19.16,0.8370000000000001,0.779,15.030229999999996
9647,15,10,Mathematics,83.09,86.86,76.22,0.8309000000000001,8.686,2.2219739999999994
9647,15,10,Science,81.63,93.15,77.86,0.8162999999999999,9.315000000000001,1.2583449999999992
9647,15,10,English,81.34,98.02,79.84,0.8134,9.802,0.3694680000000007
9647,15,10,History,84.04,83.94,75.45,0.8404,8.394,2.563175999999999
9647,15,10,Geography,86.09,98.28,85.62,0.8609,9.828,0.2392519999999998
7627,15,10,Mathematics,93.18,87.65,89.05,0.9318000000000001,8.765,0.8422699999999987
7627,15,10,Science,89.58,79.68,69.95,0.8957999999999999,7.968000000000001,2.1173439999999997
7627,15,10,English,97.06,73.8,64.74,0.9706,7.38,0.7702799999999995
7627,15,10,History,92.86,72.16,65.97,0.9286,7.215999999999999,1.9877760000000004
7627,15,10,Geography,92.85,87.43,79.81,0.9285,8.743,0.8987550000000002
10030,15,10,Mathematics,71.81,79.94,65.64,0.7181000000000001,7.994,5.654914
10030,15,10,Science,70.08,65.38,59.17,0.7008,6.537999999999999,10.358304000000002
10030,15,10,English,67.81,71.63,63.13,0.6781,7.162999999999999,9.132303
10030,15,10,History,68.57,70.26,58.0,0.6857,7.026000000000001,9.347282
10030,15,10,Geography,67.31,61.32,58.43,0.6731,6.132,12.644491999999998
1383,15,10,Mathematics,58.5,85.3,72.62,0.585,8.53,6.1005
1383,15,10,Science,61.36,80.12,67.0,0.6136,8.012,7.681631999999999
1383,15,10,English,52.67,76.5,69.99,0.5267000000000001,7.65,11.122549999999999
1383,15,10,History,53.85,77.9,57.27,0.5385,7.790000000000001,10.199149999999998
1383,15,10,Geography,61.37,78.69,66.76,0.6137,7.869,8.232053000000002
7110,15,10,Mathematics,69.79,94.02,83.67,0.6979000000000001,9.402,1.8065580000000008
7110,15,10,Science,70.32,89.81,80.3,0.7031999999999999,8.981,3.024392
7110,15,10,English,72.1,76.07,67.61,0.721,7.606999999999999,6.676470000000003
7110,15,10,History,77.86,90.33,82.22,0.7786,9.033,2.1409380000000002
7110,15,10,Geography,78.36,79.92,66.92,0.7836,7.992,4.345312
8424,15,10,Mathematics,61.76,91.85,77.81,0.6175999999999999,9.184999999999999,3.1165600000000024
8424,15,10,Science,61.76,89.82,72.77,0.6175999999999999,8.982,3.892832000000003
8424,15,10,English,54.33,78.9,57.46,0.5433,7.890000000000001,9.636369999999998
8424,15,10,History,56.35,95.64,78.86,0.5635,9.564,1.9031399999999996
8424,15,10,Geography,52.82,77.43,62.43,0.5282,7.743,10.648525999999997
7187,15,10,Mathematics,74.05,67.51,72.47,0.7404999999999999,6.751,8.431155
7187,15,10,Science,70.3,62.79,55.39,0.703,6.279,11.051370000000002
7187,15,10,English,68.61,66.64,63.77,0.6861,6.664,10.471703999999999
7187,15,10,History,74.17,64.92,58.05,0.7417,6.492,9.061163999999998
7187,15,10,Geography,75.37,64.7,60.42,0.7537,6.470000000000001,8.694389999999997
7751,15,10,Mathematics,43.43,59.53,49.24,0.4343,5.953,22.893879000000002
7751,15,10,Science,35.76,56.34,48.87,0.3576,5.634,28.047184
7751,15,10,English,35.81,69.01,54.84,0.35810000000000003,6.901000000000001,19.892480999999997
7751,15,10,History,44.11,51.65,44.89,0.4411,5.165,27.022815
7751,15,10,Geography,43.92,52.1,40.2,0.43920000000000003,5.21,26.86232
9502,15,10,Mathematics,32.69,81.5,67.62,0.32689999999999997,8.15,12.452350000000001
9502,15,10,Science,35.37,70.87,54.27,0.35369999999999996,7.087000000000001,18.826718999999997
9502,15,10,English,27.84,70.33,54.44,0.2784,7.0329999999999995,21.409872
9502,15,10,History,31.99,82.65,61.9,0.31989999999999996,8.265,11.799734999999997
9502,15,10,Geography,29.5,83.78,55.58,0.295,8.378,11.4351
3364,15,10,Mathematics,47.17,73.54,62.15,0.4717,7.354000000000001,13.978817999999997
3364,15,10,Science,53.25,64.93,48.41,0.5325,6.493,16.395224999999996
3364,15,10,English,46.86,66.08,47.38,0.4686,6.608,18.025088
3364,15,10,History,49.06,68.44,57.9,0.49060000000000004,6.843999999999999,16.076664
3364,15,10,Geography,49.27,60.58,57.03,0.4927,6.058,19.997766
1534,15,10,Mathematics,88.97,88.1,88.84,0.8896999999999999,8.809999999999999,1.312570000000001
1534,15,10,Science,91.13,83.7,77.13,0.9113,8.370000000000001,1.4458100000000005
1534,15,10,English,90.77,88.97,87.24,0.9077,8.897,1.0180690000000006
1534,15,10,History,92.26,90.61,80.01,0.9226000000000001,9.061,0.7267859999999996
1534,15,10,Geography,86.88,80.57,72.62,0.8687999999999999,8.056999999999999,2.5492160000000017
1659,15,10,Mathematics,25.46,76.26,56.97,0.2546,7.626,17.695795999999994
1659,15,10,Science,22.49,87.53,63.14,0.2249,8.753,9.665497
1659,15,10,English,24.1,89.86,62.6,0.24100000000000002,8.986,7.6962600000000005
1659,15,10,History,22.61,87.71,65.12,0.2261,8.770999999999999,9.511231000000004
1659,15,10,Geography,27.8,76.78,54.69,0.278,7.678,16.76484
3328,15,10,Mathematics,21.39,77.04,52.81,0.2139,7.704000000000001,18.048855999999994
3328,15,10,Science,20.52,85.19,57.85,0.2052,8.519,11.770988000000003
3328,15,10,English,21.89,86.8,67.44,0.2189,8.68,10.310520000000002
3328,15,10,History,28.36,80.7,59.51,0.2836,8.07,13.826519999999999
3328,15,10,Geography,20.53,78.67,54.24,0.2053,7.867,16.950950999999996
2106,15,10,Mathematics,36.02,79.86,64.79,0.3602,7.986,12.885572
2106,15,10,Science,36.85,83.4,66.28,0.3685,8.34,10.482899999999995
2106,15,10,English,38.25,76.64,58.52,0.3825,7.664,14.4248
2106,15,10,History,33.3,95.46,74.45,0.33299999999999996,9.546,3.0281800000000043
2106,15,10,Geography,32.81,88.51,76.23,0.3281,8.851,7.720130999999997
8786,15,10,Mathematics,75.31,72.04,64.4,0.7531,7.204000000000001,6.903323999999998
8786,15,10,Science,72.26,80.82,73.36,0.7226,8.081999999999999,5.320532000000001
8786,15,10,English,73.9,82.15,67.68,0.7390000000000001,8.215,4.6588499999999975
8786,15,10,History,72.07,85.81,78.16,0.7206999999999999,8.581,3.963267
8786,15,10,Geography,75.34,80.16,65.58,0.7534000000000001,8.016,4.892544
2463,15,10,Mathematics,100.0,65.21,61.04,1.0,6.520999999999999,0.0
2463,15,10,Science,95.59,64.62,64.45,0.9559000000000001,6.462000000000001,1.5602579999999986
2463,15,10,English,91.45,50.93,58.21,0.9145,5.093,4.195484999999999
2463,15,10,History,99.08,60.0,60.77,0.9908,6.0,0.36800000000000066
2463,15,10,Geography,93.4,52.56,55.82,0.934,5.256,3.131039999999997
2450,15,10,Mathematics,94.42,87.49,78.68,0.9442,8.748999999999999,0.6980580000000001
2450,15,10,Science,90.01,80.33,74.83,0.9001,8.033,1.9650329999999991
2450,15,10,English,98.99,72.5,72.41,0.9899,7.25,0.2777500000000014
2450,15,10,History,98.73,90.03,87.82,0.9873000000000001,9.003,0.1266189999999996
2450,15,10,Geography,92.05,72.72,68.99,0.9205,7.272,2.1687600000000007
9877,15,10,Mathematics,63.81,93.68,81.97,0.6381,9.368,2.2872079999999975
9877,15,10,Science,58.16,84.69,63.15,0.5816,8.469,6.405704000000002
9877,15,10,English,62.55,91.28,79.86,0.6255,9.128,3.2656399999999994
9877,15,10,History,60.99,92.04,72.56,0.6099,9.204,3.1051959999999976
9877,15,10,Geography,57.31,80.46,68.61,0.5731,8.046,8.341626000000002
1310,15,10,Mathematics,61.81,87.39,71.58,0.6181,8.739,4.815758999999999
1310,15,10,Science,63.59,88.27,70.67,0.6359,8.827,4.270893000000001
1310,15,10,English,68.13,90.01,77.44,0.6812999999999999,9.001000000000001,3.183812999999999
1310,15,10,History,68.61,89.5,76.27,0.6861,8.95,3.2959500000000004
1310,15,10,Geography,60.52,88.45,67.51,0.6052000000000001,8.845,4.559939999999998
9052,15,10,Mathematics,86.28,74.34,66.02,0.8628,7.434,3.520551999999999
9052,15,10,Science,86.75,60.35,65.29,0.8675,6.035,5.2536249999999995
9052,15,10,English,87.63,70.58,58.82,0.8763,7.058,3.6392540000000015
9052,15,10,History,86.26,56.58,60.31,0.8626,5.6579999999999995,5.965907999999998
9052,15,10,Geography,83.83,57.42,61.04,0.8382999999999999,5.742,6.885186
2878,15,10,Mathematics,67.51,82.4,78.2,0.6751,8.24,5.718239999999997
2878,15,10,Science,72.14,83.59,76.51,0.7214,8.359,4.571825999999999
2878,15,10,English,72.94,74.11,64.39,0.7293999999999999,7.411,7.005834000000001
2878,15,10,History,67.97,86.78,72.6,0.6797,8.678,4.234366
2878,15,10,Geography,72.94,80.11,70.88,0.7293999999999999,8.011,5.382234
7672,15,10,Mathematics,75.95,87.26,79.18,0.7595000000000001,8.726,3.063969999999998
7672,15,10,Science,78.86,81.79,74.62,0.7886,8.179,3.849593999999999
7672,15,10,English,78.82,78.43,69.39,0.7881999999999999,7.843000000000001,4.568526
7672,15,10,History,76.26,90.05,80.46,0.7626000000000001,9.004999999999999,2.36213
7672,15,10,Geography,78.71,94.94,79.41,0.7870999999999999,9.494,1.0772740000000007
3334,15,10,Mathematics,78.84,50.14,53.07,0.7884,5.014,10.550375999999998
3334,15,10,Science,76.81,67.36,63.34,0.7681,6.736,7.569215999999999
3334,15,10,English,77.54,61.97,58.47,0.7754000000000001,6.197,8.541537999999997
3334,15,10,History,77.98,62.44,62.69,0.7798,6.244,8.270711999999998
3334,15,10,Geography,72.79,66.29,67.37,0.7279000000000001,6.6290000000000004,9.172490999999997
9076,15,10,Mathematics,74.02,76.09,64.4,0.7402,7.609,6.211817999999999
9076,15,10,Science,74.32,79.02,71.83,0.7432,7.901999999999999,5.387664000000002
9076,15,10,English,72.9,72.87,68.78,0.7290000000000001,7.287000000000001,7.352229999999997
9076,15,10,History,73.64,82.73,81.66,0.7364,8.273,4.552371999999998
9076,15,10,Geography,75.34,70.3,62.9,0.7534000000000001,7.029999999999999,7.324019999999999
7676,15,10,Mathematics,32.87,61.18,41.73,0.3287,6.118,26.059865999999996
7676,15,10,Science,26.48,77.94,54.89,0.2648,7.794,16.218512
7676,15,10,English,33.01,62.96,45.73,0.3301,6.296,24.813096000000005
7676,15,10,History,28.24,79.92,52.59,0.2824,7.992,14.409408
7676,15,10,Geography,33.59,79.86,66.07,0.33590000000000003,7.986,13.374974
5990,15,10,Mathematics,70.69,72.45,70.61,0.7069,7.245,8.074905
5990,15,10,Science,69.03,68.25,62.69,0.6903,6.825,9.832975
5990,15,10,English,74.1,74.74,61.46,0.741,7.473999999999999,6.542340000000003
5990,15,10,History,76.93,61.21,62.47,0.7693000000000001,6.121,8.948852999999996
5990,15,10,Geography,69.29,63.2,63.8,0.6929000000000001,6.32,11.301279999999997
9806,15,10,Mathematics,89.71,76.53,79.25,0.8970999999999999,7.6530000000000005,2.4150630000000013
9806,15,10,Science,90.78,86.62,89.76,0.9078,8.662,1.2336359999999995
9806,15,10,English,86.41,83.49,79.39,0.8641,8.349,2.2437090000000013
9806,15,10,History,89.41,74.03,72.27,0.8941,7.4030000000000005,2.750223000000001
9806,15,10,Geography,90.4,69.47,67.05,0.904,6.947,2.9308799999999984
1985,15,10,Mathematics,64.23,0.0,9.01,0.6423000000000001,0.0,35.769999999999996
1985,15,10,Science,60.64,0.0,13.14,0.6064,0.0,39.36
1985,15,10,English,61.57,0.0,15.76,0.6157,0.0,38.43
1985,15,10,History,62.55,0.0,11.66,0.6255,0.0,37.45
1985,15,10,Geography,63.3,2.39,15.72,0.633,0.23900000000000002,35.82287
1745,15,10,Mathematics,32.27,77.66,56.11,0.32270000000000004,7.766,15.130882
1745,15,10,Science,31.89,77.9,58.51,0.3189,7.790000000000001,15.052309999999995
1745,15,10,English,32.43,75.86,48.55,0.3243,7.586,16.311398
1745,15,10,History,32.39,75.19,52.17,0.3239,7.519,16.774041
1745,15,10,Geography,33.48,79.5,69.21,0.3348,7.95,13.636600000000003
8077,15,10,Mathematics,95.01,94.86,89.97,0.9501000000000001,9.486,0.25648599999999977
8077,15,10,Science,100.0,81.47,73.21,1.0,8.147,0.0
8077,15,10,English,99.57,81.15,77.4,0.9956999999999999,8.115,0.08105500000000125
8077,15,10,History,96.47,80.39,73.33,0.9647,8.039,0.6922330000000002
8077,15,10,Geography,100.0,81.65,82.79,1.0,8.165000000000001,0.0
5473,15,10,Mathematics,66.53,81.51,74.64,0.6653,8.151,6.188602999999998
5473,15,10,Science,69.97,96.8,81.86,0.6997,9.68,0.9609600000000009
5473,15,10,English,68.28,81.56,73.8,0.6828,8.156,5.849167999999999
5473,15,10,History,68.0,96.71,78.87,0.68,9.671,1.052800000000002
5473,15,10,Geography,67.31,94.75,71.7,0.6731,9.475,1.7162250000000001
10031,15,10,Mathematics,84.28,71.97,69.44,0.8428,7.197,4.406316
10031,15,10,Science,89.2,68.58,66.81,0.892,6.858,3.3933599999999995
10031,15,10,English,85.59,68.27,71.2,0.8559,6.827,4.572292999999999
10031,15,10,History,81.25,58.15,60.79,0.8125,5.8149999999999995,7.846875
10031,15,10,Geography,88.07,65.45,63.9,0.8806999999999999,6.545,4.121815000000002
2270,15,10,Mathematics,44.06,92.71,71.21,0.44060000000000005,9.270999999999999,4.078026000000003
2270,15,10,Science,42.13,85.97,67.18,0.4213,8.597,8.119161
2270,15,10,English,44.86,78.22,64.46,0.4486,7.822,12.009492
2270,15,10,History,38.77,81.62,65.24,0.38770000000000004,8.162,11.254073999999996
2270,15,10,Geography,40.64,82.5,64.35,0.4064,8.25,10.388
3044,15,10,Mathematics,88.4,82.57,76.78,0.884,8.257,2.02188
3044,15,10,Science,87.87,67.79,64.2,0.8787,6.779000000000001,3.9070729999999982
3044,15,10,English,81.78,85.61,76.82,0.8178,8.561,2.6218579999999996
3044,15,10,History,81.73,85.36,80.71,0.8173,8.536,2.6747279999999996
3044,15,10,Geography,89.13,85.36,78.71,0.8913,8.536,1.5913680000000008
4137,15,10,Mathematics,82.04,99.53,92.01,0.8204,9.953,0.08441199999999976
4137,15,10,Science,79.02,89.06,83.9,0.7902,8.906,2.295212
4137,15,10,English,87.76,95.86,88.16,0.8776,9.586,0.5067359999999999
4137,15,10,History,87.86,95.05,87.43,0.8786,9.504999999999999,0.6009300000000004
4137,15,10,Geography,78.74,85.5,70.11,0.7874,8.55,3.082700000000001
1116,15,10,Mathematics,71.72,0.0,14.15,0.7172,0.0,28.28
1116,15,10,Science,73.96,0.0,9.14,0.7395999999999999,0.0,26.040000000000006
1116,15,10,English,76.47,0.0,9.68,0.7646999999999999,0.0,23.53
1116,15,10,History,76.38,9.73,27.13,0.7637999999999999,0.9730000000000001,21.321774000000005
1116,15,10,Geography,70.86,0.0,13.92,0.7086,0.0,29.14
2070,15,10,Mathematics,50.0,83.74,61.6,0.5,8.373999999999999,8.130000000000003
2070,15,10,Science,54.57,79.95,63.9,0.5457,7.995,9.108714999999998
2070,15,10,English,50.8,88.74,73.45,0.508,8.873999999999999,5.539920000000003
2070,15,10,History,50.54,90.81,72.18,0.5054,9.081,4.545373999999999
2070,15,10,Geography,53.52,90.35,74.37,0.5352,9.035,4.485320000000002
1378,15,10,Mathematics,71.41,74.03,63.39,0.7141,7.4030000000000005,7.424823
1378,15,10,Science,68.79,85.09,72.68,0.6879000000000001,8.509,4.653410999999998
1378,15,10,English,70.8,81.54,74.41,0.708,8.154,5.390319999999999
1378,15,10,History,66.95,68.86,59.14,0.6695,6.886,10.29177
1378,15,10,Geography,71.33,87.35,75.77,0.7132999999999999,8.735,3.6267550000000015
7666,15,10,Mathematics,69.72,71.81,65.12,0.6972,7.181,8.535931999999999
7666,15,10,Science,66.72,74.4,67.65,0.6672,7.44,8.51968
7666,15,10,English,65.27,82.1,71.75,0.6527,8.209999999999999,6.216670000000002
7666,15,10,History,64.89,81.46,66.29,0.6489,8.145999999999999,6.509394000000002
7666,15,10,Geography,66.26,78.13,68.88,0.6626000000000001,7.813,7.378938000000001
1769,15,10,Mathematics,82.61,79.23,75.02,0.8261,7.923,3.6119029999999994
1769,15,10,Science,83.22,70.72,63.88,0.8321999999999999,7.072,4.913184
1769,15,10,English,82.58,68.99,59.36,0.8258,6.898999999999999,5.401942000000002
1769,15,10,History,88.29,67.76,64.08,0.8829,6.776000000000001,3.7753039999999976
1769,15,10,Geography,80.24,82.18,75.47,0.8024,8.218,3.5212319999999995
4696,15,10,Mathematics,47.54,81.46,58.74,0.4754,8.145999999999999,9.726084000000004
4696,15,10,Science,53.22,96.87,80.24,0.5322,9.687000000000001,1.4642139999999977
4696,15,10,English,55.55,93.06,80.14,0.5555,9.306000000000001,3.084829999999999
4696,15,10,History,53.89,84.51,69.05,0.5389,8.451,7.142438999999997
4696,15,10,Geography,55.92,84.19,65.06,0.5592,8.419,6.969048
1456,15,10,Mathematics,52.96,85.87,65.21,0.5296,8.587,6.6467519999999976
1456,15,10,Science,54.41,83.93,69.06,0.5440999999999999,8.393,7.326312999999998
1456,15,10,English,52.15,81.6,62.97,0.5215,8.16,8.804400000000003
1456,15,10,History,53.31,79.65,66.57,0.5331,7.965000000000001,9.501414999999998
1456,15,10,Geography,49.74,89.43,72.77,0.4974,8.943000000000001,5.312481999999997
1891,15,10,Mathematics,87.4,79.68,69.19,0.8740000000000001,7.968000000000001,2.560319999999998
1891,15,10,Science,90.71,84.64,79.72,0.9070999999999999,8.464,1.4269440000000009
1891,15,10,English,93.74,94.61,85.37,0.9373999999999999,9.461,0.3374140000000003
1891,15,10,History,85.38,77.45,77.64,0.8538,7.745,3.2968100000000002
1891,15,10,Geography,85.42,91.75,73.99,0.8542000000000001,9.175,1.2028499999999998
3045,15,10,Mathematics,95.63,58.53,65.48,0.9562999999999999,5.853,1.812239000000002
3045,15,10,Science,100.0,55.43,58.82,1.0,5.543,0.0
3045,15,10,English,100.0,55.04,55.94,1.0,5.504,0.0
3045,15,10,History,100.0,65.21,65.19,1.0,6.520999999999999,0.0
3045,15,10,Geography,97.84,69.31,74.39,0.9784,6.931,0.6629039999999989
1897,15,10,Mathematics,88.27,80.62,73.21,0.8826999999999999,8.062000000000001,2.2732740000000002
1897,15,10,Science,88.8,86.83,77.45,0.888,8.683,1.4750400000000006
1897,15,10,English,86.8,82.21,76.19,0.868,8.221,2.3482800000000013
1897,15,10,History,85.79,81.6,78.65,0.8579000000000001,8.16,2.6146399999999996
1897,15,10,Geography,87.36,92.18,89.07,0.8736,9.218,0.9884479999999992
7581,15,10,Mathematics,49.11,94.1,75.88,0.4911,9.41,3.002510000000003
7581,15,10,Science,48.48,93.07,75.2,0.48479999999999995,9.306999999999999,3.5703360000000037
7581,15,10,English,55.0,97.17,75.0,0.55,9.717,1.2734999999999992
7581,15,10,History,48.62,93.96,67.16,0.48619999999999997,9.395999999999999,3.103352000000003
7581,15,10,Geography,48.44,96.7,78.19,0.4844,9.67,1.7014799999999985
8014,15,10,Mathematics,82.73,85.4,74.7,0.8273,8.540000000000001,2.5214199999999987
8014,15,10,Science,88.2,73.34,68.42,0.882,7.3340000000000005,3.145879999999999
8014,15,10,English,81.11,69.9,74.82,0.8111,6.99,5.68589
8014,15,10,History,85.63,69.9,66.68,0.8563,6.99,4.32537
8014,15,10,Geography,78.46,67.9,64.52,0.7846,6.790000000000001,6.914340000000001
2106,15,10,Mathematics,79.89,78.08,74.31,0.7989,7.808,4.408112
2106,15,10,Science,73.92,75.76,67.39,0.7392,7.5760000000000005,6.3217919999999985
2106,15,10,English,74.6,65.81,63.28,0.746,6.581,8.684260000000002
2106,15,10,History,74.67,74.57,62.85,0.7467,7.456999999999999,6.441419000000001
2106,15,10,Geography,71.82,65.68,62.15,0.7182,6.5680000000000005,9.671376
4046,15,10,Mathematics,73.65,82.48,71.44,0.7365,8.248000000000001,4.616519999999998
4046,15,10,Science,69.26,83.43,74.27,0.6926000000000001,8.343,5.0936179999999975
4046,15,10,English,67.35,83.2,75.84,0.6735,8.32,5.4852
4046,15,10,History,72.25,78.88,65.73,0.7225,7.888,5.860800000000001
4046,15,10,Geography,68.35,75.36,64.06,0.6835,7.536,7.798560000000001
6098,15,10,Mathematics,46.24,76.27,62.98,0.46240000000000003,7.627,12.757248000000002
6098,15,10,Science,48.56,73.04,54.8,0.48560000000000003,7.304,13.868223999999996
6098,15,10,English,47.95,84.27,64.53,0.47950000000000004,8.427,8.187465000000001
6098,15,10,History,49.48,81.75,66.95,0.49479999999999996,8.175,9.2199
6098,15,10,Geography,44.72,75.66,62.26,0.4472,7.566,13.455152000000004
1939,15,10,Mathematics,88.78,74.85,69.78,0.8878,7.484999999999999,2.8218300000000003
1939,15,10,Science,88.25,74.1,70.58,0.8825,7.409999999999999,3.0432500000000005
1939,15,10,English,84.92,76.52,69.85,0.8492000000000001,7.651999999999999,3.5407840000000004
1939,15,10,History,81.16,80.35,73.72,0.8116,8.035,3.7020600000000017
1939,15,10,Geography,83.81,74.49,68.39,0.8381000000000001,7.449,4.130069000000001
2120,15,10,Mathematics,70.03,80.0,74.72,0.7003,8.0,5.994
2120,15,10,Science,74.49,83.74,77.1,0.7448999999999999,8.373999999999999,4.147926000000002
2120,15,10,English,74.13,85.3,80.99,0.7413,8.53,3.8028900000000014
2120,15,10,History,65.93,82.92,72.71,0.6593000000000001,8.292,5.819155999999998
2120,15,10,Geography,70.15,69.31,60.29,0.7015,6.931,9.160964999999997
5909,15,10,Mathematics,70.94,76.2,65.03,0.7094,7.62,6.9162799999999995
5909,15,10,Science,75.82,78.86,68.06,0.7582,7.886,5.111652000000001
5909,15,10,English,70.86,85.03,70.98,0.7086,8.503,4.362258
5909,15,10,History,75.98,86.06,88.18,0.7598,8.606,3.3483879999999986
5909,15,10,Geography,71.48,94.06,83.2,0.7148,9.406,1.694087999999999
4772,15,10,Mathematics,47.47,81.47,68.54,0.4747,8.147,9.733809
4772,15,10,Science,40.96,85.93,70.24,0.4096,8.593,8.306927999999996
4772,15,10,English,48.47,91.63,74.34,0.48469999999999996,9.163,4.313061000000002
4772,15,10,History,45.25,89.4,68.83,0.4525,8.940000000000001,5.803499999999997
4772,15,10,Geography,46.53,80.27,61.56,0.4653,8.027,10.549631000000002
7558,15,10,Mathematics,91.89,78.51,74.89,0.9189,7.851000000000001,1.7428389999999996
7558,15,10,Science,97.17,71.56,64.45,0.9717,7.156000000000001,0.8048519999999995
7558,15,10,English,93.22,75.44,70.1,0.9322,7.544,1.6651680000000004
7558,15,10,History,91.67,82.13,82.64,0.9167000000000001,8.213,1.488571
7558,15,10,Geography,96.05,80.14,79.21,0.9605,8.014,0.7844700000000006
8215,15,10,Mathematics,96.01,77.13,80.31,0.9601000000000001,7.712999999999999,0.912512999999999
8215,15,10,Science,98.57,86.68,84.03,0.9856999999999999,8.668000000000001,0.1904760000000008
8215,15,10,English,100.0,84.5,82.3,1.0,8.45,0.0
8215,15,10,History,100.0,71.44,69.53,1.0,7.144,0.0
8215,15,10,Geography,100.0,71.61,66.14,1.0,7.161,0.0
3855,15,10,Mathematics,99.51,69.37,60.4,0.9951000000000001,6.937,0.15008699999999842
3855,15,10,Science,99.33,73.1,73.28,0.9933,7.31,0.1802300000000005
3855,15,10,English,90.19,61.93,62.63,0.9018999999999999,6.193,3.7346670000000013
3855,15,10,History,96.29,63.34,64.83,0.9629000000000001,6.3340000000000005,1.3600859999999975
3855,15,10,Geography,97.94,70.78,72.3,0.9793999999999999,7.078,0.6019320000000006
3248,15,10,Mathematics,81.65,99.55,85.64,0.8165,9.955,0.0825750000000005
3248,15,10,Science,85.1,97.31,83.84,0.851,9.731,0.40080999999999983
3248,15,10,English,85.33,86.18,74.21,0.8533,8.618,2.0273939999999993
3248,15,10,History,88.41,88.1,80.87,0.8841,8.809999999999999,1.3792100000000012
3248,15,10,Geography,84.88,99.71,73.06,0.8488,9.971,0.04384800000000096
9633,15,10,Mathematics,74.08,74.22,74.88,0.7408,7.422,6.682176000000001
9633,15,10,Science,74.35,70.87,65.69,0.7434999999999999,7.087000000000001,7.471845000000001
9633,15,10,English,74.61,68.38,73.08,0.7461,6.837999999999999,8.028318000000002
9633,15,10,History,73.67,62.08,54.33,0.7367,6.208,9.984335999999999
9633,15,10,Geography,75.02,68.76,65.7,0.7502,6.876,7.803751999999999
6209,15,10,Mathematics,90.96,78.75,71.13,0.9096,7.875,1.9210000000000014
6209,15,10,Science,95.36,77.48,76.68,0.9536,7.748,1.0449279999999999
6209,15,10,English,95.63,93.78,85.3,0.9562999999999999,9.378,0.2718140000000002
6209,15,10,History,90.77,92.16,83.53,0.9077,9.216,0.7236320000000006
6209,15,10,Geography,93.12,89.92,78.97,0.9312,8.992,0.6935039999999993
5049,15,10,Mathematics,90.6,63.49,64.8,0.9059999999999999,6.349,3.4319400000000018
5049,15,10,Science,89.32,68.12,69.14,0.8931999999999999,6.812,3.404784000000002
5049,15,10,English,93.32,64.67,64.59,0.9331999999999999,6.4670000000000005,2.3600440000000025
5049,15,10,History,91.8,62.22,65.49,0.9179999999999999,6.2219999999999995,3.097960000000001
5049,15,10,Geography,86.57,72.2,68.15,0.8656999999999999,7.220000000000001,3.7335400000000014
2062,15,10,Mathematics,80.22,79.27,80.66,0.8022,7.927,4.100394000000001
2062,15,10,Science,78.04,64.71,57.29,0.7804000000000001,6.470999999999999,7.7496839999999985
2062,15,10,English,79.03,76.07,70.29,0.7903,7.606999999999999,5.018121000000001
2062,15,10,History,80.29,62.46,64.82,0.8029000000000001,6.246,7.399133999999998
2062,15,10,Geography,75.82,60.97,56.37,0.7582,6.0969999999999995,9.437454000000002
9609,15,10,Mathematics,74.26,87.03,77.72,0.7426,8.703,3.338477999999999
9609,15,10,Science,76.8,86.61,74.33,0.768,8.661,3.1064800000000004
9609,15,10,English,77.02,87.44,83.05,0.7702,8.744,2.8862880000000013
9609,15,10,History,71.08,91.26,76.74,0.7108,9.126000000000001,2.527607999999999
9609,15,10,Geography,78.04,78.3,72.78,0.7804000000000001,7.83,4.765319999999999
4325,15,10,Mathematics,85.71,84.53,83.21,0.8571,8.453,2.2106630000000007
4325,15,10,Science,89.52,88.94,86.7,0.8952,8.894,1.1590880000000008
4325,15,10,English,86.49,83.1,75.76,0.8649,8.309999999999999,2.2831900000000016
4325,15,10,History,84.71,99.23,84.13,0.8471,9.923,0.11773299999999944
4325,15,10,Geography,81.59,91.56,84.18,0.8159000000000001,9.156,1.5538039999999993
2388,15,10,Mathematics,93.75,79.54,81.07,0.9375,7.954000000000001,1.2787499999999996
2388,15,10,Science,93.97,78.58,75.66,0.9397,7.858,1.2916260000000002
2388,15,10,English,91.21,86.92,79.83,0.9120999999999999,8.692,1.1497320000000006
2388,15,10,History,92.99,81.85,79.32,0.9299,8.184999999999999,1.2723150000000014
2388,15,10,Geography,93.94,77.37,74.58,0.9394,7.737,1.3713780000000002
7981,15,10,Mathematics,71.89,51.29,51.9,0.7189,5.129,13.692381000000001
7981,15,10,Science,68.37,62.95,58.37,0.6837000000000001,6.295,11.718914999999997
7981,15,10,English,71.36,68.03,62.44,0.7136,6.803,9.156208
7981,15,10,History,67.24,53.18,51.54,0.6724,5.318,15.338232000000003
7981,15,10,Geography,69.36,62.54,54.26,0.6936,6.254,11.477744
8236,15,10,Mathematics,52.0,87.71,70.7,0.52,8.770999999999999,5.899200000000003
8236,15,10,Science,58.67,88.4,65.57,0.5867,8.84,4.794279999999998
8236,15,10,English,54.72,95.96,73.05,0.5472,9.596,1.8293120000000027
8236,15,10,History,54.85,86.99,65.17,0.5485,8.699,5.874015000000002
8236,15,10,Geography,58.71,93.4,80.69,0.5871,9.34,2.725139999999998
5528,15,10,Mathematics,75.86,78.89,64.05,0.7585999999999999,7.889,5.095954
5528,15,10,Science,75.58,84.73,74.78,0.7558,8.473,3.7289339999999993
5528,15,10,English,80.09,86.16,81.35,0.8009000000000001,8.616,2.7555440000000004
5528,15,10,History,82.76,93.15,86.91,0.8276,9.315000000000001,1.1809399999999988
5528,15,10,Geography,78.15,78.42,74.96,0.7815000000000001,7.8420000000000005,4.715229999999998
5096,15,10,Mathematics,98.62,87.36,82.18,0.9862000000000001,8.736,0.17443199999999945
5096,15,10,Science,97.37,93.08,87.18,0.9737,9.308,0.1819959999999997
5096,15,10,English,94.84,92.58,94.95,0.9484,9.258,0.3828719999999998
5096,15,10,History,93.27,85.31,78.57,0.9327,8.531,0.9886370000000003
5096,15,10,Geography,94.87,76.96,70.61,0.9487000000000001,7.696,1.1819519999999992
5617,15,10,Mathematics,90.25,92.4,84.72,0.9025,9.24,0.7409999999999993
5617,15,10,Science,91.33,95.48,83.02,0.9133,9.548,0.39188399999999973
5617,15,10,English,94.72,87.35,77.24,0.9472,8.735,0.6679200000000004
5617,15,10,History,89.59,93.42,80.5,0.8959,9.342,0.6849779999999995
5617,15,10,Geography,94.75,84.4,80.31,0.9475,8.440000000000001,0.8189999999999997
4728,15,10,Mathematics,66.56,90.73,77.55,0.6656,9.073,3.0998879999999986
4728,15,10,Science,57.71,82.9,66.41,0.5771000000000001,8.290000000000001,7.231589999999998
4728,15,10,English,63.82,85.21,74.28,0.6382,8.520999999999999,5.351022000000003
4728,15,10,History,58.52,98.92,77.9,0.5852,9.892,0.4479839999999992
4728,15,10,Geography,58.68,94.85,75.68,0.5868,9.485,2.127980000000002
6581,15,10,Mathematics,54.85,65.02,53.42,0.5485,6.502,15.793470000000003
6581,15,10,Science,51.88,58.01,49.45,0.5188,5.801,20.205588
6581,15,10,English,46.84,56.12,50.74,0.46840000000000004,5.612,23.326608
6581,15,10,History,45.41,63.34,58.77,0.45409999999999995,6.3340000000000005,20.012694
6581,15,10,Geography,49.91,62.88,46.0,0.4991,6.288,18.593408
10032,15,10,Mathematics,86.2,77.73,69.09,0.862,7.773000000000001,3.073259999999999
10032,15,10,Science,81.44,88.5,82.76,0.8144,8.85,2.1344000000000003
10032,15,10,English,83.97,79.29,75.59,0.8397,7.929,3.319812999999999
10032,15,10,History,80.49,88.44,76.86,0.8049,8.844,2.255356000000001
10032,15,10,Geography,79.85,84.23,76.67,0.7985,8.423,3.177655
7608,15,10,Mathematics,98.19,77.52,68.73,0.9819,7.752,0.4068880000000006
7608,15,10,Science,95.48,80.24,80.22,0.9548000000000001,8.024,0.8931519999999995
7608,15,10,English,96.39,87.74,80.61,0.9639,8.774,0.4425860000000001
7608,15,10,History,99.36,76.57,71.59,0.9936,7.656999999999999,0.1499520000000002
7608,15,10,Geography,94.0,82.1,70.76,0.94,8.209999999999999,1.0740000000000003
7247,15,10,Mathematics,70.87,61.8,52.94,0.7087,6.18,11.127659999999999
7247,15,10,Science,77.02,70.95,67.98,0.7702,7.095000000000001,6.67569
7247,15,10,English,76.34,61.86,59.77,0.7634000000000001,6.186,9.023924
7247,15,10,History,73.46,77.42,63.86,0.7345999999999999,7.742,5.992732000000001
7247,15,10,Geography,69.46,67.66,63.33,0.6945999999999999,6.766,9.876636000000003
5991,15,10,Mathematics,59.51,63.61,57.3,0.5951,6.361,14.734311
5991,15,10,Science,64.78,75.53,66.46,0.6478,7.553,8.618333999999999
5991,15,10,English,62.68,70.87,64.47,0.6268,7.087000000000001,10.871316
5991,15,10,History,59.38,74.75,62.4,0.5938,7.475,10.256549999999999
5991,15,10,Geography,65.19,75.4,62.63,0.6518999999999999,7.540000000000001,8.56326
2138,15,10,Mathematics,31.29,86.9,74.89,0.3129,8.690000000000001,9.001009999999997
2138,15,10,Science,30.9,88.96,71.17,0.309,8.895999999999999,7.628640000000003
2138,15,10,English,27.52,95.24,70.24,0.2752,9.524,3.450048000000004
2138,15,10,History,26.93,81.71,66.07,0.2693,8.171,13.364503000000004
2138,15,10,Geography,24.59,80.08,57.11,0.2459,8.008,15.021672
10033,15,10,Mathematics,79.36,53.33,56.5,0.7936,5.333,9.632688
10033,15,10,Science,84.47,52.93,56.96,0.8447,5.293,7.309971000000001
10033,15,10,English,85.52,55.33,51.52,0.8552,5.5329999999999995,6.468216000000002
10033,15,10,History,85.56,62.15,67.27,0.8556,6.215,5.46554
10033,15,10,Geography,80.77,68.23,70.75,0.8077,6.823,6.109371000000001
2126,15,10,Mathematics,94.24,87.75,85.73,0.9423999999999999,8.775,0.7056000000000006
2126,15,10,Science,96.78,81.18,73.35,0.9678,8.118,0.6060039999999995
2126,15,10,English,100.0,99.87,91.5,1.0,9.987,0.0
2126,15,10,History,100.0,83.31,81.44,1.0,8.331,0.0
2126,15,10,Geography,96.46,80.64,78.16,0.9645999999999999,8.064,0.6853440000000012
4325,15,10,Mathematics,86.23,77.87,70.18,0.8623000000000001,7.787000000000001,3.0473009999999983
4325,15,10,Science,87.23,74.25,79.56,0.8723000000000001,7.425,3.2882749999999987
4325,15,10,English,86.52,83.82,70.36,0.8652,8.382,2.1810640000000014
4325,15,10,History,84.49,87.67,78.7,0.8449,8.767,1.9123830000000004
4325,15,10,Geography,83.92,79.61,70.13,0.8392000000000001,7.961,3.278712
9615,15,10,Mathematics,86.47,82.06,70.85,0.8647,8.206,2.427282
9615,15,10,Science,91.6,77.02,75.17,0.9159999999999999,7.702,1.9303200000000016
9615,15,10,English,89.75,82.14,75.45,0.8975,8.214,1.8306499999999999
9615,15,10,History,89.51,73.95,71.02,0.8951,7.3950000000000005,2.7326449999999984
9615,15,10,Geography,95.15,69.49,66.7,0.9515,6.949,1.4797349999999987
6681,15,10,Mathematics,78.65,71.41,66.11,0.7865000000000001,7.141,6.103965
6681,15,10,Science,70.69,73.75,68.17,0.7069,7.375,7.693875
6681,15,10,English,72.54,57.79,53.46,0.7254,5.779,11.590865999999998
6681,15,10,History,73.07,71.53,61.96,0.7306999999999999,7.1530000000000005,7.666971000000002
6681,15,10,Geography,71.87,74.41,62.6,0.7187,7.441,7.198466999999999
8501,15,10,Mathematics,72.95,78.49,70.14,0.7295,7.848999999999999,5.818455000000001
8501,15,10,Science,76.85,91.21,77.63,0.7685,9.120999999999999,2.034885000000002
8501,15,10,English,74.02,92.62,84.12,0.7402,9.262,1.917323999999999
8501,15,10,History,78.34,86.09,77.19,0.7834,8.609,3.0129059999999988
8501,15,10,Geography,70.09,90.13,78.42,0.7009000000000001,9.013,2.952117000000001
9810,15,10,Mathematics,98.16,72.8,69.91,0.9815999999999999,7.279999999999999,0.500480000000001
9810,15,10,Science,90.0,68.72,69.34,0.9,6.872,3.128
9810,15,10,English,92.12,71.58,65.42,0.9212,7.1579999999999995,2.239495999999999
9810,15,10,History,89.14,75.91,75.66,0.8914,7.590999999999999,2.6161740000000004
9810,15,10,Geography,89.81,72.33,69.14,0.8981,7.233,2.8195729999999997
9264,15,10,Mathematics,53.76,59.76,52.79,0.5376,5.976,18.606976000000003
9264,15,10,Science,50.62,55.35,52.91,0.5062,5.535,22.04817
9264,15,10,English,46.72,67.71,55.81,0.4672,6.770999999999999,17.204112000000006
9264,15,10,History,50.16,63.22,50.4,0.5015999999999999,6.322,18.331152000000003
9264,15,10,Geography,46.78,66.36,59.44,0.4678,6.636,17.903208
8567,15,10,Mathematics,70.47,88.46,74.37,0.7047,8.846,3.4077620000000017
8567,15,10,Science,70.14,83.87,71.75,0.7014,8.387,4.816417999999999
8567,15,10,English,71.78,89.13,83.16,0.7178,8.913,3.067514000000001
8567,15,10,History,67.72,97.93,83.06,0.6772,9.793000000000001,0.6681959999999978
8567,15,10,Geography,73.09,99.88,80.15,0.7309,9.988,0.032292000000001216
6359,15,10,Mathematics,76.86,78.16,72.52,0.7686,7.816,5.053776000000001
6359,15,10,Science,72.66,89.33,77.08,0.7265999999999999,8.933,2.9171780000000007
6359,15,10,English,76.99,90.07,79.47,0.7698999999999999,9.007,2.284893000000002
6359,15,10,History,76.38,93.17,80.49,0.7637999999999999,9.317,1.613246
6359,15,10,Geography,80.95,81.98,74.73,0.8095,8.198,3.432809999999999
8713,15,10,Mathematics,93.77,83.14,77.49,0.9377,8.314,1.0503780000000007
8713,15,10,Science,92.59,85.97,78.15,0.9259000000000001,8.597,1.0396229999999995
8713,15,10,English,92.72,86.39,81.56,0.9272,8.639,0.9908080000000001
8713,15,10,History,95.56,70.47,77.48,0.9556,7.047,1.3111319999999995
8713,15,10,Geography,92.73,78.74,74.95,0.9273,7.874,1.5456019999999995
3759,15,10,Mathematics,64.84,63.3,54.9,0.6484000000000001,6.33,12.90372
3759,15,10,Science,63.93,66.33,66.58,0.6393,6.633,12.144769000000002
3759,15,10,English,66.07,63.99,62.73,0.6607,6.399,12.218193000000001
3759,15,10,History,66.04,62.95,61.77,0.6604000000000001,6.295,12.582179999999996
3759,15,10,Geography,68.84,62.8,58.1,0.6884,6.279999999999999,11.591520000000001
8242,15,10,Mathematics,89.84,50.55,54.97,0.8984000000000001,5.055,5.024119999999999
8242,15,10,Science,85.98,68.12,73.28,0.8598,6.812,4.469575999999998
8242,15,10,English,84.69,67.17,62.9,0.8469,6.7170000000000005,5.026273000000001
8242,15,10,History,90.78,69.53,66.95,0.9078,6.953,2.8093339999999993
8242,15,10,Geography,91.5,59.72,59.49,0.915,5.9719999999999995,3.4238
4305,15,10,Mathematics,79.54,96.23,79.76,0.7954000000000001,9.623000000000001,0.771341999999999
4305,15,10,Science,83.16,91.28,86.47,0.8316,9.128,1.4684480000000002
4305,15,10,English,76.19,80.83,75.32,0.7619,8.083,4.564377
4305,15,10,History,81.93,90.14,81.73,0.8193,9.014,1.781701999999999
4305,15,10,Geography,85.53,87.8,86.41,0.8553000000000001,8.78,1.7653400000000001
4148,15,10,Mathematics,73.65,73.68,67.7,0.7365,7.368,6.935319999999997
4148,15,10,Science,75.42,71.97,63.9,0.7542,7.197,6.889774
4148,15,10,English,72.28,70.51,61.02,0.7228,7.051,8.174627999999998
4148,15,10,History,73.9,73.96,59.32,0.7390000000000001,7.395999999999999,6.7964400000000005
4148,15,10,Geography,75.55,59.58,54.07,0.7555,5.958,9.882690000000002
4105,15,10,Mathematics,80.73,55.01,58.18,0.8073,5.5009999999999994,8.669572999999998
4105,15,10,Science,81.93,61.8,61.2,0.8193,6.18,6.902739999999998
4105,15,10,English,76.03,59.58,61.57,0.7603,5.958,9.688673999999999
4105,15,10,History,85.03,52.04,56.01,0.8503000000000001,5.204,7.179612
4105,15,10,Geography,84.5,67.06,65.6,0.845,6.706,5.1057
1245,15,10,Mathematics,50.56,52.01,44.62,0.5056,5.201,23.726256
1245,15,10,Science,54.69,66.86,53.45,0.5468999999999999,6.686,15.015734
1245,15,10,English,52.08,54.52,45.54,0.5207999999999999,5.452,21.794016000000003
1245,15,10,History,57.14,67.94,63.4,0.5714,6.794,13.740916
1245,15,10,Geography,54.03,56.82,46.09,0.5403,5.682,19.849846
1719,15,10,Mathematics,93.65,82.97,78.09,0.9365000000000001,8.297,1.081404999999999
1719,15,10,Science,94.29,86.49,76.67,0.9429000000000001,8.649,0.7714209999999995
1719,15,10,English,92.28,83.4,76.14,0.9228000000000001,8.34,1.2815199999999993
1719,15,10,History,87.62,87.17,81.83,0.8762000000000001,8.717,1.5883539999999992
1719,15,10,Geography,93.55,89.68,86.61,0.9355,8.968,0.6656399999999998
5127,15,10,Mathematics,73.51,67.91,64.02,0.7351000000000001,6.7909999999999995,8.500641
5127,15,10,Science,73.31,56.29,54.29,0.7331,5.629,11.666198999999999
5127,15,10,English,68.18,60.68,54.67,0.6818000000000001,6.068,12.511623999999998
5127,15,10,History,69.29,57.37,56.31,0.6929000000000001,5.737,13.091672999999998
5127,15,10,Geography,74.49,55.95,53.5,0.7448999999999999,5.595000000000001,11.237155000000003
8899,15,10,Mathematics,81.15,95.6,78.33,0.8115000000000001,9.559999999999999,0.8294000000000008
8899,15,10,Science,84.08,84.9,79.68,0.8408,8.49,2.4039199999999994
8899,15,10,English,78.83,91.74,80.86,0.7883,9.174,1.7486420000000011
8899,15,10,History,78.88,90.79,80.17,0.7888,9.079,1.945151999999999
8899,15,10,Geography,80.68,90.84,78.8,0.8068000000000001,9.084,1.7697119999999986
9248,15,10,Mathematics,85.28,84.47,75.38,0.8528,8.447,2.286016
9248,15,10,Science,89.32,82.19,80.09,0.8931999999999999,8.219,1.9021080000000015
9248,15,10,English,91.47,85.09,82.48,0.9147,8.509,1.271823
9248,15,10,History,88.05,93.62,84.79,0.8805,9.362,0.7624099999999996
9248,15,10,Geography,87.59,87.42,77.03,0.8759,8.742,1.5611779999999993
2300,15,10,Mathematics,97.38,76.23,75.69,0.9738,7.623,0.622774000000001
2300,15,10,Science,91.39,73.9,77.59,0.9139,7.390000000000001,2.2472099999999995
2300,15,10,English,93.33,71.0,71.47,0.9333,7.1,1.9343000000000006
2300,15,10,History,98.02,86.53,86.98,0.9802,8.653,0.2667060000000005
2300,15,10,Geography,93.76,71.23,81.9,0.9376000000000001,7.123,1.7952479999999982
4900,15,10,Mathematics,75.26,4.13,20.9,0.7526,0.413,23.718237999999996
4900,15,10,Science,69.18,0.0,16.47,0.6918000000000001,0.0,30.81999999999999
4900,15,10,English,70.98,2.86,18.53,0.7098,0.286,28.190027999999998
4900,15,10,History,68.75,0.0,10.67,0.6875,0.0,31.25
4900,15,10,Geography,70.26,2.62,12.73,0.7026,0.262,28.96081199999999
1388,15,10,Mathematics,91.24,80.67,68.36,0.9124,8.067,1.693308000000001
1388,15,10,Science,87.38,96.52,87.79,0.8737999999999999,9.652,0.4391760000000006
1388,15,10,English,88.16,88.51,81.03,0.8815999999999999,8.851,1.3604159999999998
1388,15,10,History,92.62,96.65,83.67,0.9262,9.665000000000001,0.24722999999999942
1388,15,10,Geography,84.25,95.53,80.49,0.8425,9.553,0.7040249999999998
4644,15,10,Mathematics,65.23,61.59,49.69,0.6523,6.159000000000001,13.355156999999997
4644,15,10,Science,70.22,68.08,59.49,0.7021999999999999,6.808,9.505776000000001
4644,15,10,English,65.32,71.57,64.27,0.6531999999999999,7.156999999999999,9.859524000000004
4644,15,10,History,70.39,68.17,62.63,0.7039,6.817,9.424862999999998
4644,15,10,Geography,69.3,74.28,71.68,0.693,7.428,7.89604
4153,15,10,Mathematics,29.46,60.49,53.06,0.29460000000000003,6.049,27.870354
4153,15,10,Science,23.7,73.65,60.89,0.237,7.365,20.105049999999995
4153,15,10,English,30.32,72.33,59.25,0.3032,7.233,19.280456000000004
4153,15,10,History,32.36,66.08,43.59,0.3236,6.608,22.943488000000002
4153,15,10,Geography,26.49,70.81,50.73,0.26489999999999997,7.081,21.457569
4871,15,10,Mathematics,93.75,84.47,76.15,0.9375,8.447,0.970625
4871,15,10,Science,99.2,84.69,81.85,0.992,8.469,0.12247999999999959
4871,15,10,English,100.0,72.34,71.43,1.0,7.234,0.0
4871,15,10,History,94.5,90.04,81.22,0.945,9.004000000000001,0.5477999999999996
4871,15,10,Geography,95.16,80.64,80.49,0.9516,8.064,0.9370240000000006
5966,15,10,Mathematics,79.88,99.86,95.01,0.7988,9.986,0.028168000000000123
5966,15,10,Science,77.27,81.59,73.99,0.7726999999999999,8.159,4.184593
5966,15,10,English,82.85,91.35,79.05,0.8284999999999999,9.135,1.4834750000000014
5966,15,10,History,75.24,90.09,81.21,0.7524,9.009,2.4537159999999996
5966,15,10,Geography,83.15,80.38,71.03,0.8315,8.038,3.30597
7188,15,10,Mathematics,94.35,59.72,61.32,0.9434999999999999,5.9719999999999995,2.2758200000000026
7188,15,10,Science,96.12,56.09,52.7,0.9612,5.609,1.7037079999999978
7188,15,10,English,90.54,68.33,68.79,0.9054000000000001,6.833,2.995981999999998
7188,15,10,History,94.68,56.89,59.49,0.9468000000000001,5.689,2.2934519999999967
7188,15,10,Geography,92.5,63.49,68.81,0.925,6.349,2.73825
1324,15,10,Mathematics,94.84,83.42,76.58,0.9484,8.342,0.8555279999999993
1324,15,10,Science,90.19,82.75,78.01,0.9018999999999999,8.275,1.6922250000000003
1324,15,10,English,94.04,89.69,86.61,0.9404,8.969,0.6144759999999995
1324,15,10,History,96.24,73.77,74.99,0.9623999999999999,7.377,0.9862480000000015
1324,15,10,Geography,93.52,72.28,76.89,0.9351999999999999,7.228,1.796256000000001
7233,15,10,Mathematics,100.0,76.61,69.85,1.0,7.661,0.0
7233,15,10,Science,98.56,78.37,70.53,0.9856,7.837000000000001,0.31147199999999947
7233,15,10,English,100.0,82.29,76.97,1.0,8.229000000000001,0.0
7233,15,10,History,97.28,78.13,76.74,0.9728,7.813,0.5948639999999998
7233,15,10,Geography,93.17,77.12,86.84,0.9317,7.712000000000001,1.5627039999999994
8688,15,10,Mathematics,89.17,77.07,78.02,0.8917,7.706999999999999,2.4833190000000003
8688,15,10,Science,91.4,77.73,72.89,0.914,7.773000000000001,1.9152199999999986
8688,15,10,English,87.84,78.84,64.95,0.8784000000000001,7.884,2.5730559999999993
8688,15,10,History,91.16,68.62,61.36,0.9116,6.862,2.7739920000000007
8688,15,10,Geography,84.57,74.68,70.61,0.8456999999999999,7.468000000000001,3.906876000000001
7113,15,10,Mathematics,71.19,90.18,72.62,0.7119,9.018,2.8291419999999983
7113,15,10,Science,73.41,85.26,70.8,0.7341,8.526,3.9193659999999992
7113,15,10,English,64.86,91.49,79.42,0.6486,9.149,2.9904140000000017
7113,15,10,History,64.87,92.55,75.54,0.6487,9.254999999999999,2.6171850000000005
7113,15,10,Geography,68.61,86.23,69.11,0.6861,8.623000000000001,4.322402999999999
3660,15,10,Mathematics,71.64,85.56,71.75,0.7164,8.556000000000001,4.095184
3660,15,10,Science,74.91,84.17,70.85,0.7491,8.417,3.971747
3660,15,10,English,75.92,83.85,79.69,0.7592,8.385,3.888920000000001
3660,15,10,History,69.79,82.87,68.91,0.6979000000000001,8.287,5.174972999999998
3660,15,10,Geography,68.1,97.64,78.71,0.6809999999999999,9.764,0.75284
7313,15,10,Mathematics,60.85,84.6,72.79,0.6085,8.459999999999999,6.029100000000002
7313,15,10,Science,61.23,69.22,59.52,0.6123,6.922,11.933406000000002
7313,15,10,English,60.23,86.84,72.34,0.6023,8.684000000000001,5.233731999999999
7313,15,10,History,62.02,73.67,67.17,0.6202000000000001,7.367,10.000133999999997
7313,15,10,Geography,63.69,70.45,69.37,0.6369,7.045,10.729605
5281,15,10,Mathematics,43.33,81.24,72.47,0.43329999999999996,8.123999999999999,10.631292000000004
5281,15,10,Science,41.01,85.72,66.26,0.41009999999999996,8.572,8.423772000000001
5281,15,10,English,48.01,94.66,72.58,0.48009999999999997,9.466,2.7762660000000015
5281,15,10,History,40.23,94.08,68.81,0.4023,9.408,3.538384000000001
5281,15,10,Geography,39.04,91.74,68.97,0.39039999999999997,9.174,5.035296000000003
7297,15,10,Mathematics,84.37,64.73,54.84,0.8437,6.473000000000001,5.512700999999997
7297,15,10,Science,76.94,67.39,66.12,0.7694,6.739,7.519866
7297,15,10,English,77.72,63.09,63.44,0.7772,6.309,8.223548
7297,15,10,History,75.28,79.55,66.53,0.7528,7.955,5.05524
7297,15,10,Geography,79.92,70.07,70.93,0.7992,7.007,6.009944000000001
9202,15,10,Mathematics,96.13,62.7,60.76,0.9612999999999999,6.2700000000000005,1.4435100000000016
9202,15,10,Science,100.0,53.64,53.3,1.0,5.364,0.0
9202,15,10,English,100.0,55.24,61.3,1.0,5.524,0.0
9202,15,10,History,98.88,58.87,67.85,0.9887999999999999,5.887,0.4606560000000019
9202,15,10,Geography,96.38,56.66,65.96,0.9638,5.6659999999999995,1.5689080000000022
5407,15,10,Mathematics,25.64,76.8,54.62,0.2564,7.68,17.251520000000003
5407,15,10,Science,28.71,75.55,61.01,0.2871,7.555,17.430405
5407,15,10,English,22.18,83.95,54.79,0.2218,8.395,12.490109999999998
5407,15,10,History,21.81,76.98,59.07,0.2181,7.698,17.999337999999995
5407,15,10,Geography,30.46,70.26,55.56,0.3046,7.026000000000001,20.681195999999996
9600,15,10,Mathematics,71.85,69.17,63.32,0.7184999999999999,6.917,8.678645000000001
9600,15,10,Science,74.83,56.79,57.83,0.7483,5.679,10.875957000000001
9600,15,10,English,73.42,70.56,64.6,0.7342,7.056,7.825151999999999
9600,15,10,History,68.13,67.32,65.63,0.6812999999999999,6.731999999999999,10.415116000000003
9600,15,10,Geography,72.14,70.55,75.28,0.7214,7.055,8.204770000000002
3981,15,10,Mathematics,62.38,99.96,83.81,0.6238,9.995999999999999,0.015048000000002351
3981,15,10,Science,66.74,82.1,65.83,0.6674,8.209999999999999,5.953540000000003
3981,15,10,English,63.73,95.66,82.83,0.6373,9.565999999999999,1.5741180000000015
3981,15,10,History,59.73,91.84,76.49,0.5972999999999999,9.184000000000001,3.286031999999999
3981,15,10,Geography,62.82,92.07,72.19,0.6282,9.206999999999999,2.9483740000000025
5249,15,10,Mathematics,61.22,94.88,76.67,0.6122,9.488,1.985536000000002
5249,15,10,Science,64.59,90.78,76.13,0.6459,9.078,3.264801999999999
5249,15,10,English,56.24,75.37,59.12,0.5624,7.537000000000001,10.778087999999999
5249,15,10,History,59.78,79.78,71.08,0.5978,7.978,8.132484
5249,15,10,Geography,64.51,94.27,81.32,0.6451,9.427,2.033577000000001
2052,15,10,Mathematics,95.14,90.92,79.9,0.9514,9.092,0.44128799999999985
2052,15,10,Science,95.06,83.52,78.21,0.9506,8.352,0.8141119999999998
2052,15,10,English,89.83,92.34,84.09,0.8983,9.234,0.7790219999999998
2052,15,10,History,90.31,85.53,82.4,0.9031,8.553,1.4021429999999995
2052,15,10,Geography,86.04,90.04,85.84,0.8604,9.004000000000001,1.3904159999999985
1685,15,10,Mathematics,78.94,72.15,69.21,0.7894,7.215000000000001,5.865209999999999
1685,15,10,Science,77.29,69.47,69.2,0.7729,6.947,6.933362999999998
1685,15,10,English,85.91,82.43,76.51,0.8591,8.243,2.4756129999999996
1685,15,10,History,82.66,77.73,73.94,0.8266,7.773000000000001,3.8616180000000004
1685,15,10,Geography,79.57,72.2,63.22,0.7957,7.220000000000001,5.679540000000002
8961,15,10,Mathematics,72.56,59.84,63.06,0.7256,5.984,11.019903999999999
8961,15,10,Science,71.91,64.89,64.48,0.7191,6.489,9.862399000000002
8961,15,10,English,66.78,60.26,54.82,0.6678000000000001,6.026,13.201628000000001
8961,15,10,History,66.73,65.32,64.28,0.6673,6.531999999999999,11.538036000000002
8961,15,10,Geography,66.05,56.22,58.7,0.6605,5.622,14.863310000000002
7528,15,10,Mathematics,84.42,84.19,78.84,0.8442000000000001,8.419,2.463198
7528,15,10,Science,80.75,89.94,83.29,0.8075,8.994,1.9365500000000002
7528,15,10,English,80.12,83.05,74.26,0.8012,8.305,3.3696599999999997
7528,15,10,History,84.97,95.9,80.49,0.8497,9.59,0.6162299999999992
7528,15,10,Geography,84.01,90.71,86.53,0.8401000000000001,9.071,1.4854710000000007
3275,15,10,Mathematics,48.06,60.89,50.43,0.4806,6.089,20.313734
3275,15,10,Science,45.17,67.13,59.12,0.4517,6.712999999999999,18.022621
3275,15,10,English,44.22,62.78,51.04,0.4422,6.2780000000000005,20.761316
3275,15,10,History,42.95,64.59,53.03,0.42950000000000005,6.4590000000000005,20.201404999999998
3275,15,10,Geography,42.7,76.02,56.63,0.42700000000000005,7.601999999999999,13.740540000000001
9436,15,10,Mathematics,83.32,85.51,80.26,0.8331999999999999,8.551,2.416932
9436,15,10,Science,77.28,82.87,74.07,0.7728,8.287,3.891935999999999
9436,15,10,English,77.85,89.62,78.01,0.7785,8.962,2.2991699999999993
9436,15,10,History,78.65,83.24,78.34,0.7865000000000001,8.324,3.57826
9436,15,10,Geography,84.58,94.55,87.46,0.8458,9.455,0.8403900000000006
8279,15,10,Mathematics,50.36,61.7,41.33,0.5036,6.17,19.01212
8279,15,10,Science,52.14,50.54,39.23,0.5214,5.054,23.671556
8279,15,10,English,56.58,61.53,50.91,0.5658,6.1530000000000005,16.703674
8279,15,10,History,51.28,51.04,41.56,0.5128,5.104,23.853312000000003
8279,15,10,Geography,56.32,56.36,47.53,0.5632,5.636,19.061952
7305,15,10,Mathematics,76.36,70.82,65.97,0.7636,7.081999999999999,6.898152000000002
7305,15,10,Science,77.74,56.67,55.78,0.7774,5.667,9.645258000000002
7305,15,10,English,74.63,73.54,71.54,0.7463,7.354000000000001,6.712901999999999
7305,15,10,History,79.0,71.95,72.1,0.79,7.195,5.890499999999999
7305,15,10,Geography,81.52,66.21,62.55,0.8151999999999999,6.6209999999999996,6.244392000000002
10034,15,10,Mathematics,69.46,79.73,74.17,0.6945999999999999,7.973000000000001,6.190458
10034,15,10,Science,63.69,83.89,73.38,0.6369,8.389,5.849541
10034,15,10,English,70.26,89.71,70.51,0.7026,8.971,3.060246000000001
10034,15,10,History,62.83,84.54,66.82,0.6283,8.454,5.746481999999998
10034,15,10,Geography,62.9,80.16,63.7,0.629,8.016,7.360640000000002
2465,15,10,Mathematics,88.44,69.82,67.8,0.8844,6.981999999999999,3.4888080000000015
2465,15,10,Science,84.8,66.7,64.76,0.848,6.67,5.0616
2465,15,10,English,87.86,57.71,66.65,0.8786,5.771,5.134006
2465,15,10,History,92.45,74.68,69.08,0.9245,7.468000000000001,1.9116599999999988
2465,15,10,Geography,83.95,58.3,49.14,0.8395,5.83,6.69285
3016,15,10,Mathematics,55.89,88.34,80.5,0.5589,8.834,5.1432259999999985
3016,15,10,Science,50.1,86.82,70.27,0.501,8.681999999999999,6.576820000000003
3016,15,10,English,54.21,84.39,73.24,0.5421,8.439,7.147818999999999
3016,15,10,History,49.51,85.75,68.82,0.4951,8.575,7.194825000000001
3016,15,10,Geography,46.16,78.23,56.91,0.46159999999999995,7.823,11.720967999999997
6623,15,10,Mathematics,22.98,67.0,57.41,0.2298,6.7,25.4166
6623,15,10,Science,25.81,66.85,50.6,0.2581,6.685,24.593985000000004
6623,15,10,English,27.16,59.59,53.68,0.2716,5.9590000000000005,29.434644
6623,15,10,History,27.5,58.15,51.22,0.275,5.8149999999999995,30.34125
6623,15,10,Geography,29.28,55.57,50.39,0.2928,5.557,31.420896
2460,15,10,Mathematics,49.91,83.5,66.42,0.4991,8.35,8.264850000000001
2460,15,10,Science,47.92,77.06,66.79,0.4792,7.706,11.947151999999999
2460,15,10,English,52.67,87.25,69.76,0.5267000000000001,8.725,6.034575
2460,15,10,History,48.53,82.78,63.17,0.4853,8.278,8.863133999999999
2460,15,10,Geography,54.27,93.1,66.64,0.5427000000000001,9.309999999999999,3.1553700000000027
6092,15,10,Mathematics,73.22,91.9,82.29,0.7322,9.190000000000001,2.1691799999999986
6092,15,10,Science,79.85,89.13,78.52,0.7985,8.913,2.1903050000000017
6092,15,10,English,81.41,80.0,67.33,0.8140999999999999,8.0,3.718000000000001
6092,15,10,History,77.69,80.06,73.1,0.7768999999999999,8.006,4.448614
6092,15,10,Geography,78.33,90.39,79.25,0.7833,9.039,2.082487
9515,15,10,Mathematics,39.1,83.39,66.49,0.391,8.339,10.11549
9515,15,10,Science,32.56,78.26,58.51,0.3256,7.8260000000000005,14.661455999999996
9515,15,10,English,30.77,83.17,73.77,0.3077,8.317,11.651409
9515,15,10,History,29.4,83.47,56.96,0.294,8.347,11.67018
9515,15,10,Geography,36.68,75.88,65.2,0.3668,7.587999999999999,15.272784000000003
9189,15,10,Mathematics,83.54,76.56,72.15,0.8354,7.656000000000001,3.858223999999998
9189,15,10,Science,82.32,87.19,77.39,0.8231999999999999,8.719,2.2648080000000013
9189,15,10,English,82.26,79.25,77.45,0.8226,7.925,3.681049999999999
9189,15,10,History,82.22,80.64,72.62,0.8222,8.064,3.442208
9189,15,10,Geography,81.41,84.54,82.0,0.8140999999999999,8.454,2.874013999999999
5480,15,10,Mathematics,82.97,80.56,75.41,0.8297,8.056000000000001,3.310632
5480,15,10,Science,80.72,74.15,66.75,0.8072,7.415000000000001,4.983879999999999
5480,15,10,English,79.25,72.11,61.84,0.7925,7.211,5.7871749999999995
5480,15,10,History,82.49,86.45,72.7,0.8249,8.645,2.372605
5480,15,10,Geography,77.57,74.01,71.57,0.7757,7.401000000000001,5.829557000000001
4687,15,10,Mathematics,84.02,65.48,69.36,0.8402,6.548,5.5162960000000005
4687,15,10,Science,86.14,63.49,69.83,0.8614,6.349,5.060286
4687,15,10,English,88.51,50.12,49.58,0.8851,5.012,5.731211999999998
4687,15,10,History,85.89,58.81,67.46,0.8589,5.881,5.811908999999999
4687,15,10,Geography,86.37,60.92,68.79,0.8637,6.0920000000000005,5.326603999999998
6528,15,10,Mathematics,53.9,54.48,53.02,0.539,5.4479999999999995,20.984720000000003
6528,15,10,Science,50.4,60.82,45.28,0.504,6.082,19.43328
6528,15,10,English,49.99,57.7,42.59,0.4999,5.7700000000000005,21.15423
6528,15,10,History,52.61,60.58,47.65,0.5261,6.058,18.681138
6528,15,10,Geography,49.9,54.71,52.03,0.499,5.471,22.69029
9978,15,10,Mathematics,34.24,78.53,63.26,0.34240000000000004,7.853,14.118671999999997
9978,15,10,Science,36.43,91.78,75.3,0.3643,9.178,5.225454
9978,15,10,English,35.85,90.47,75.21,0.35850000000000004,9.047,6.113495000000001
9978,15,10,History,32.9,88.71,68.15,0.32899999999999996,8.870999999999999,7.575590000000003
9978,15,10,Geography,36.81,93.61,70.23,0.36810000000000004,9.361,4.037841
8239,15,10,Mathematics,68.06,93.0,82.86,0.6806,9.3,2.2358
8239,15,10,Science,75.83,84.06,76.06,0.7583,8.406,3.8526979999999997
8239,15,10,English,69.93,98.15,84.61,0.6993,9.815000000000001,0.5562949999999982
8239,15,10,History,73.66,84.16,68.69,0.7365999999999999,8.416,4.172256000000002
8239,15,10,Geography,66.8,97.45,80.83,0.6679999999999999,9.745000000000001,0.8465999999999991
2670,15,10,Mathematics,73.14,72.84,63.27,0.7314,7.284000000000001,7.295175999999999
2670,15,10,Science,79.51,63.39,63.64,0.7951,6.339,7.501388999999998
2670,15,10,English,80.21,66.02,68.75,0.8020999999999999,6.601999999999999,6.724642000000004
2670,15,10,History,74.73,64.24,67.45,0.7473000000000001,6.4239999999999995,9.036552
2670,15,10,Geography,75.15,61.75,57.49,0.7515000000000001,6.175,9.505124999999998
2922,15,10,Mathematics,60.02,58.32,51.98,0.6002000000000001,5.832,16.663663999999997
2922,15,10,Science,62.93,71.57,60.37,0.6293,7.156999999999999,10.539001000000003
2922,15,10,English,65.03,67.71,64.71,0.6503,6.770999999999999,11.291813000000001
2922,15,10,History,67.63,73.37,61.13,0.6762999999999999,7.337000000000001,8.620131
2922,15,10,Geography,66.59,60.54,59.38,0.6659,6.054,13.183585999999998
5959,15,10,Mathematics,74.8,85.89,77.03,0.748,8.589,3.55572
5959,15,10,Science,77.31,68.82,63.11,0.7731,6.882,7.074742000000001
5959,15,10,English,70.48,73.4,57.22,0.7048000000000001,7.340000000000001,7.852319999999997
5959,15,10,History,77.84,68.07,59.49,0.7784,6.8069999999999995,7.075688
5959,15,10,Geography,70.54,77.16,65.51,0.7054,7.715999999999999,6.728664
2353,15,10,Mathematics,85.51,87.39,85.13,0.8551000000000001,8.739,1.8271889999999993
2353,15,10,Science,84.48,94.04,81.77,0.8448,9.404,0.9249919999999987
2353,15,10,English,89.37,95.28,80.93,0.8937,9.528,0.5017359999999996
2353,15,10,History,90.66,87.43,80.35,0.9066,8.743,1.1740379999999997
2353,15,10,Geography,85.86,98.55,83.42,0.8586,9.855,0.20503000000000043
2549,15,10,Mathematics,59.88,55.64,51.53,0.5988,5.564,17.797231999999997
2549,15,10,Science,57.8,63.2,53.5,0.578,6.32,15.5296
2549,15,10,English,54.36,52.56,43.1,0.5436,5.256,21.651616
2549,15,10,History,55.89,55.01,54.76,0.5589,5.5009999999999994,19.845089
2549,15,10,Geography,62.26,60.98,48.03,0.6225999999999999,6.098,14.726148000000002
7640,15,10,Mathematics,99.0,61.78,70.1,0.99,6.178,0.3822
7640,15,10,Science,98.52,61.5,61.68,0.9852,6.15,0.5698000000000015
7640,15,10,English,98.3,78.89,71.29,0.983,7.889,0.3588700000000006
7640,15,10,History,96.14,76.48,69.96,0.9614,7.648000000000001,0.9078719999999997
7640,15,10,Geography,91.82,66.25,62.73,0.9181999999999999,6.625,2.760750000000002
4399,15,10,Mathematics,91.17,63.84,68.53,0.9117000000000001,6.384,3.192927999999999
4399,15,10,Science,88.18,58.36,54.17,0.8818,5.836,4.921847999999997
4399,15,10,English,83.48,72.04,67.17,0.8348,7.204000000000001,4.618991999999998
4399,15,10,History,86.18,64.69,67.3,0.8618000000000001,6.468999999999999,4.879841999999998
4399,15,10,Geography,84.18,70.5,76.8,0.8418000000000001,7.05,4.666899999999998
3110,15,10,Mathematics,54.9,63.96,54.3,0.5489999999999999,6.396,16.25404
3110,15,10,Science,56.05,61.28,54.33,0.5605,6.128,17.01744
3110,15,10,English,52.86,67.13,51.86,0.5286,6.712999999999999,15.494918000000002
3110,15,10,History,58.46,62.66,50.6,0.5846,6.266,15.511036
3110,15,10,Geography,53.22,77.02,63.45,0.5322,7.702,10.750044000000003
6956,15,10,Mathematics,96.49,91.7,79.86,0.9649,9.17,0.2913300000000003
6956,15,10,Science,94.04,97.59,93.57,0.9404,9.759,0.14363599999999965
6956,15,10,English,91.91,80.37,75.87,0.9190999999999999,8.037,1.5880670000000003
6956,15,10,History,96.03,85.75,81.46,0.9603,8.575,0.5657249999999998
6956,15,10,Geography,94.06,86.58,83.01,0.9406,8.658,0.7971479999999999
3291,15,10,Mathematics,78.05,95.85,80.97,0.7805,9.584999999999999,0.9109250000000014
3291,15,10,Science,73.42,91.56,87.69,0.7342,9.156,2.2433519999999993
3291,15,10,English,76.65,83.87,71.56,0.7665000000000001,8.387,3.766354999999998
3291,15,10,History,75.22,88.55,74.16,0.7522,8.855,2.837310000000001
3291,15,10,Geography,79.32,93.83,86.32,0.7931999999999999,9.383,1.2759560000000008
4884,15,10,Mathematics,70.12,88.13,70.22,0.7012,8.812999999999999,3.5467560000000007
4884,15,10,Science,79.47,78.03,69.46,0.7947,7.803,4.510441
4884,15,10,English,78.14,89.06,82.72,0.7814,8.906,2.3914839999999997
4884,15,10,History,76.19,73.54,69.05,0.7619,7.354000000000001,6.300125999999999
4884,15,10,Geography,78.98,75.25,61.49,0.7898000000000001,7.525,5.202449999999999
5544,15,10,Mathematics,44.22,91.53,75.75,0.4422,9.153,4.724565999999999
5544,15,10,Science,50.3,84.95,62.23,0.503,8.495000000000001,7.479849999999999
5544,15,10,English,46.71,82.54,64.41,0.4671,8.254000000000001,9.304433999999997
5544,15,10,History,49.92,93.49,69.64,0.49920000000000003,9.349,3.260208000000002
5544,15,10,Geography,43.63,93.8,66.71,0.4363,9.379999999999999,3.4949400000000015
8472,15,10,Mathematics,45.77,69.16,55.38,0.45770000000000005,6.9159999999999995,16.724532
8472,15,10,Science,51.99,64.56,57.12,0.5199,6.456,17.014743999999997
8472,15,10,English,49.29,58.2,51.63,0.4929,5.82,21.19678
8472,15,10,History,53.32,68.16,57.41,0.5332,6.816,14.862912000000001
8472,15,10,Geography,46.21,66.05,59.26,0.4621,6.6049999999999995,18.261705000000003
7097,15,10,Mathematics,85.6,78.9,75.95,0.856,7.890000000000001,3.0384
7097,15,10,Science,86.4,84.22,76.96,0.8640000000000001,8.422,2.146079999999999
7097,15,10,English,85.54,81.89,78.26,0.8554,8.189,2.6187059999999986
7097,15,10,History,90.6,85.22,77.02,0.9059999999999999,8.522,1.389320000000001
7097,15,10,Geography,85.4,88.31,80.42,0.8540000000000001,8.831,1.706739999999999
5425,15,10,Mathematics,91.54,61.39,61.3,0.9154000000000001,6.139,3.2664059999999977
5425,15,10,Science,92.29,64.33,64.25,0.9229,6.433,2.750156999999998
5425,15,10,English,95.97,65.24,54.03,0.9597,6.523999999999999,1.4008280000000004
5425,15,10,History,95.58,66.22,70.08,0.9558,6.622,1.4930760000000007
5425,15,10,Geography,94.24,71.87,70.75,0.9423999999999999,7.187,1.6202880000000013
5476,15,10,Mathematics,82.25,86.57,80.53,0.8225,8.657,2.383825000000001
5476,15,10,Science,84.19,74.87,68.37,0.8419,7.487,3.9730529999999997
5476,15,10,English,82.71,86.56,74.83,0.8271,8.656,2.3237760000000005
5476,15,10,History,84.83,75.38,70.66,0.8482999999999999,7.537999999999999,3.734854000000001
5476,15,10,Geography,83.91,82.91,71.53,0.8391,8.291,2.749781000000001
3879,15,10,Mathematics,68.68,84.59,81.06,0.6868000000000001,8.459,4.826411999999998
3879,15,10,Science,69.5,92.19,77.48,0.695,9.219,2.382050000000001
3879,15,10,English,70.6,90.87,77.36,0.706,9.087,2.684219999999999
3879,15,10,History,67.8,93.96,73.14,0.6779999999999999,9.395999999999999,1.9448800000000022
3879,15,10,Geography,65.01,81.3,72.53,0.6501,8.129999999999999,6.54313
10035,15,10,Mathematics,74.71,59.36,57.59,0.7471,5.936,10.277856000000002
10035,15,10,Science,73.69,57.4,59.45,0.7369,5.74,11.20806
10035,15,10,English,67.77,62.03,58.43,0.6777,6.203,12.237731000000002
10035,15,10,History,69.0,63.51,62.63,0.69,6.351,11.311900000000001
10035,15,10,Geography,74.25,50.97,57.01,0.7425,5.0969999999999995,12.625225
3090,15,10,Mathematics,70.78,0.0,17.77,0.7078,0.0,29.22
3090,15,10,Science,72.89,7.01,15.43,0.7289,0.701,25.209588999999998
3090,15,10,English,75.09,9.0,16.92,0.7509,0.9,22.668099999999995
3090,15,10,History,68.38,0.0,11.3,0.6838,0.0,31.620000000000005
3090,15,10,Geography,72.29,6.09,15.54,0.7229000000000001,0.609,26.022460999999993
7064,15,10,Mathematics,73.98,74.78,65.8,0.7398,7.478,6.562243999999998
7064,15,10,Science,75.91,84.58,74.89,0.7591,8.458,3.7146780000000006
7064,15,10,English,74.7,72.66,69.4,0.747,7.266,6.91702
7064,15,10,History,76.88,77.73,69.54,0.7687999999999999,7.773000000000001,5.148823999999999
7064,15,10,Geography,72.1,78.82,71.27,0.721,7.882,5.909220000000004
5519,15,10,Mathematics,56.71,81.54,71.47,0.5671,8.154,7.9913339999999975
5519,15,10,Science,62.86,91.18,72.45,0.6286,9.118,3.2757479999999974
5519,15,10,English,58.09,87.9,66.71,0.5809000000000001,8.790000000000001,5.071109999999997
5519,15,10,History,63.68,90.19,75.57,0.6368,9.019,3.562992000000001
5519,15,10,Geography,63.63,79.78,68.33,0.6363,7.978,7.3540139999999985
2256,15,10,Mathematics,57.64,78.8,64.6,0.5764,7.88,8.98032
2256,15,10,Science,54.74,85.37,67.68,0.5474,8.537,6.621537999999998
2256,15,10,English,60.2,85.73,70.63,0.602,8.573,5.679459999999998
2256,15,10,History,58.61,76.96,56.8,0.5861,7.696,9.536256000000003
2256,15,10,Geography,52.58,81.55,55.54,0.5257999999999999,8.155,8.748990000000001
7946,15,10,Mathematics,76.18,72.94,66.32,0.7618,7.294,6.445691999999999
7946,15,10,Science,70.65,71.78,64.61,0.7065,7.178,8.282569999999998
7946,15,10,English,73.81,66.7,68.27,0.7381,6.67,8.721269999999999
7946,15,10,History,72.5,67.32,59.04,0.725,6.731999999999999,8.987000000000002
7946,15,10,Geography,74.0,68.49,63.09,0.74,6.848999999999999,8.1926
1119,15,10,Mathematics,82.02,80.93,68.22,0.8201999999999999,8.093,3.4287859999999997
1119,15,10,Science,88.66,83.63,78.97,0.8865999999999999,8.363,1.856358000000001
1119,15,10,English,84.79,89.77,84.51,0.8479000000000001,8.977,1.555983
1119,15,10,History,87.66,86.76,86.91,0.8765999999999999,8.676,1.633816
1119,15,10,Geography,87.13,86.88,82.05,0.8713,8.687999999999999,1.6885440000000012
9577,15,10,Mathematics,91.43,78.31,71.58,0.9143000000000001,7.831,1.8588329999999982
9577,15,10,Science,92.99,87.59,82.24,0.9299,8.759,0.8699410000000004
9577,15,10,English,85.97,91.2,80.48,0.8597,9.120000000000001,1.2346399999999997
9577,15,10,History,85.15,89.86,86.55,0.8515,8.986,1.5057899999999995
9577,15,10,Geography,88.41,82.85,77.2,0.8841,8.285,1.9876850000000013
7211,15,10,Mathematics,72.83,79.59,73.02,0.7283,7.9590000000000005,5.5453969999999995
7211,15,10,Science,70.76,81.78,72.83,0.7076,8.178,5.327527999999998
7211,15,10,English,67.15,91.3,77.17,0.6715000000000001,9.129999999999999,2.85795
7211,15,10,History,70.03,92.07,85.46,0.7003,9.206999999999999,2.376621000000002
7211,15,10,Geography,71.67,91.59,79.8,0.7167,9.159,2.382552999999999
5337,15,10,Mathematics,19.65,55.94,37.89,0.19649999999999998,5.593999999999999,35.40221
5337,15,10,Science,23.49,69.97,51.71,0.2349,6.997,22.975953000000004
5337,15,10,English,21.48,53.5,40.26,0.2148,5.35,36.5118
5337,15,10,History,17.28,64.28,46.37,0.1728,6.428,29.547583999999997
5337,15,10,Geography,15.77,58.37,54.85,0.1577,5.837,35.064949000000006
8999,15,10,Mathematics,93.42,80.69,78.75,0.9342,8.068999999999999,1.270598
8999,15,10,Science,95.17,80.81,79.65,0.9517,8.081,0.9268769999999995
8999,15,10,English,89.69,92.19,86.32,0.8969,9.219,0.8052110000000005
8999,15,10,History,90.19,82.72,72.98,0.9018999999999999,8.272,1.6951680000000005
8999,15,10,Geography,96.15,89.29,76.85,0.9615,8.929,0.4123349999999991
4050,15,10,Mathematics,85.92,88.27,71.87,0.8592,8.827,1.6515840000000004
4050,15,10,Science,88.51,93.52,85.98,0.8851,9.352,0.7445520000000002
4050,15,10,English,81.76,81.91,81.92,0.8176000000000001,8.190999999999999,3.299616
4050,15,10,History,88.03,89.19,80.93,0.8803,8.919,1.293957
4050,15,10,Geography,81.45,81.21,75.22,0.8145,8.120999999999999,3.4855450000000006
7729,15,10,Mathematics,86.77,63.94,58.55,0.8676999999999999,6.394,4.7707380000000015
7729,15,10,Science,91.25,69.15,67.61,0.9125,6.915000000000001,2.6993749999999994
7729,15,10,English,91.95,68.22,71.16,0.9195,6.822,2.558289999999999
7729,15,10,History,87.98,61.02,63.8,0.8798,6.102,4.685395999999998
7729,15,10,Geography,91.85,68.92,62.32,0.9185,6.892,2.533020000000002
8017,15,10,Mathematics,99.66,83.03,77.48,0.9965999999999999,8.303,0.057698000000000575
8017,15,10,Science,93.15,77.46,66.0,0.9315000000000001,7.7459999999999996,1.543989999999999
8017,15,10,English,94.93,88.66,83.71,0.9493,8.866,0.5749379999999994
8017,15,10,History,99.86,76.06,75.48,0.9986,7.606,0.03351600000000013
8017,15,10,Geography,93.58,93.1,89.95,0.9358,9.309999999999999,0.44298000000000054
1095,15,10,Mathematics,91.24,89.01,72.52,0.9124,8.901,0.962724
1095,15,10,Science,96.18,99.25,85.37,0.9618000000000001,9.925,0.02864999999999995
1095,15,10,English,97.67,96.33,90.36,0.9767,9.633,0.08551099999999998
1095,15,10,History,91.4,82.55,76.25,0.914,8.254999999999999,1.5006999999999993
1095,15,10,Geography,96.85,88.16,81.38,0.9684999999999999,8.815999999999999,0.3729600000000008
1517,15,10,Mathematics,83.64,73.23,74.84,0.8364,7.323,4.379572
1517,15,10,Science,85.22,73.92,68.06,0.8522,7.392,3.854624
1517,15,10,English,85.0,88.0,79.65,0.85,8.8,1.8
1517,15,10,History,79.39,79.95,66.14,0.7939,7.995,4.132305
1517,15,10,Geography,76.96,79.01,74.54,0.7696,7.901000000000001,4.836096
6322,15,10,Mathematics,39.56,64.06,57.32,0.3956,6.406000000000001,21.722135999999995
6322,15,10,Science,32.76,64.32,50.96,0.3276,6.4319999999999995,23.99123200000001
6322,15,10,English,38.4,60.35,48.99,0.384,6.035,24.424400000000002
6322,15,10,History,33.48,61.05,52.74,0.3348,6.1049999999999995,25.909540000000007
6322,15,10,Geography,40.34,61.74,50.91,0.40340000000000004,6.174,22.825915999999996
4874,15,10,Mathematics,38.14,89.46,70.23,0.3814,8.946,6.520044000000004
4874,15,10,Science,37.72,77.96,53.55,0.3772,7.795999999999999,13.726512000000005
4874,15,10,English,33.2,78.97,61.04,0.332,7.897,14.04804
4874,15,10,History,38.85,76.62,59.15,0.3885,7.662000000000001,14.296869999999997
4874,15,10,Geography,35.64,82.88,68.71,0.3564,8.288,11.018432000000002
8027,15,10,Mathematics,68.19,73.71,63.23,0.6819,7.3709999999999996,8.362849000000002
8027,15,10,Science,75.1,75.08,74.64,0.7509999999999999,7.508,6.2050800000000015
8027,15,10,English,71.68,60.62,48.61,0.7168000000000001,6.061999999999999,11.152415999999999
8027,15,10,History,71.43,68.02,66.35,0.7143,6.802,9.136686
8027,15,10,Geography,76.44,74.12,63.64,0.7644,7.412000000000001,6.097328
8031,15,10,Mathematics,100.0,64.98,65.79,1.0,6.498,0.0
8031,15,10,Science,91.11,77.78,67.45,0.9111,7.7780000000000005,1.975358
8031,15,10,English,92.05,63.86,61.94,0.9205,6.386,2.873130000000001
8031,15,10,History,96.28,70.22,73.38,0.9628,7.022,1.1078159999999997
8031,15,10,Geography,93.39,65.06,71.29,0.9339,6.506,2.3095339999999998
4758,15,10,Mathematics,95.03,77.35,74.35,0.9503,7.734999999999999,1.125705
4758,15,10,Science,96.49,86.63,83.38,0.9649,8.663,0.46928700000000084
4758,15,10,English,95.8,73.29,72.03,0.958,7.329000000000001,1.1218200000000005
4758,15,10,History,100.0,68.11,61.9,1.0,6.811,0.0
4758,15,10,Geography,95.32,72.53,68.71,0.9531999999999999,7.253,1.285596000000002
2489,15,10,Mathematics,44.04,76.11,61.23,0.4404,7.611,13.368844000000001
2489,15,10,Science,44.53,72.18,62.84,0.44530000000000003,7.218000000000001,15.431753999999996
2489,15,10,English,44.69,76.4,64.82,0.44689999999999996,7.640000000000001,13.053159999999998
2489,15,10,History,46.09,61.6,48.35,0.46090000000000003,6.16,20.701439999999998
2489,15,10,Geography,42.67,74.26,54.78,0.4267,7.426,14.756741999999997
2005,15,10,Mathematics,86.15,84.32,78.54,0.8615,8.431999999999999,2.1716800000000003
2005,15,10,Science,94.7,86.69,77.39,0.9470000000000001,8.669,0.7054299999999998
2005,15,10,English,89.0,89.28,84.91,0.89,8.928,1.1791999999999998
2005,15,10,History,93.13,83.35,83.49,0.9312999999999999,8.334999999999999,1.1438550000000012
2005,15,10,Geography,93.06,76.36,76.04,0.9306,7.636,1.6406159999999994
5046,15,10,Mathematics,31.37,72.55,48.01,0.31370000000000003,7.255,18.838935000000003
5046,15,10,Science,30.83,84.33,65.89,0.30829999999999996,8.433,10.838939000000003
5046,15,10,English,32.19,72.9,53.3,0.32189999999999996,7.290000000000001,18.376509999999996
5046,15,10,History,32.91,74.98,53.57,0.32909999999999995,7.498,16.785918
5046,15,10,Geography,32.72,78.09,57.43,0.3272,7.809,14.741048
2650,15,10,Mathematics,66.15,0.0,7.13,0.6615000000000001,0.0,33.849999999999994
2650,15,10,Science,64.75,0.16,5.83,0.6475,0.016,35.1936
2650,15,10,English,68.35,0.22,12.76,0.6835,0.022,31.580370000000006
2650,15,10,History,60.95,1.38,17.39,0.6095,0.13799999999999998,38.51111
2650,15,10,Geography,68.3,0.0,16.34,0.6829999999999999,0.0,31.700000000000003
3134,15,10,Mathematics,84.98,87.17,80.93,0.8498,8.717,1.9270659999999993
3134,15,10,Science,91.23,84.56,82.04,0.9123,8.456,1.3540879999999993
3134,15,10,English,86.11,79.69,78.54,0.8611,7.968999999999999,2.821059
3134,15,10,History,89.84,79.77,75.57,0.8984000000000001,7.976999999999999,2.0553679999999996
3134,15,10,Geography,87.66,81.59,72.72,0.8765999999999999,8.159,2.2717940000000003
7292,15,10,Mathematics,95.07,86.04,83.5,0.9506999999999999,8.604000000000001,0.6882280000000006
7292,15,10,Science,95.89,89.25,88.32,0.9589,8.925,0.4418249999999999
7292,15,10,English,89.38,93.43,72.16,0.8937999999999999,9.343,0.6977339999999995
7292,15,10,History,93.93,93.08,83.29,0.9393,9.308,0.42004399999999964
7292,15,10,Geography,93.79,85.98,74.48,0.9379000000000001,8.598,0.8706419999999988
4160,15,10,Mathematics,68.77,74.33,72.92,0.6877,7.433,8.016741000000001
4160,15,10,Science,67.4,60.35,54.6,0.674,6.035,12.925899999999997
4160,15,10,English,68.87,73.42,63.04,0.6887000000000001,7.3420000000000005,8.274353999999999
4160,15,10,History,74.58,69.83,66.98,0.7458,6.983,7.669214
4160,15,10,Geography,70.74,79.01,66.47,0.7073999999999999,7.901000000000001,6.141673999999999
9741,15,10,Mathematics,75.76,91.73,84.38,0.7576,9.173,2.0046479999999987
9741,15,10,Science,75.14,94.38,76.46,0.7514,9.437999999999999,1.3971320000000012
9741,15,10,English,68.49,95.04,81.45,0.6849,9.504000000000001,1.5628959999999983
9741,15,10,History,69.18,89.28,74.07,0.6918000000000001,8.928,3.303903999999999
9741,15,10,Geography,70.24,84.26,77.67,0.7023999999999999,8.426,4.6842239999999995
6996,15,10,Mathematics,52.54,76.37,57.55,0.5254,7.6370000000000005,11.214797999999998
6996,15,10,Science,51.47,81.14,66.83,0.5146999999999999,8.114,9.152758
6996,15,10,English,53.02,94.77,78.6,0.5302,9.477,2.4570540000000016
6996,15,10,History,49.27,78.17,62.82,0.4927,7.817,11.074359
6996,15,10,Geography,57.42,90.95,74.18,0.5742,9.095,3.853489999999999
3735,15,10,Mathematics,21.4,76.14,56.89,0.214,7.614,18.753959999999996
3735,15,10,Science,28.76,82.1,60.17,0.2876,8.209999999999999,12.751960000000004
3735,15,10,English,20.7,69.09,40.67,0.207,6.909000000000001,24.511629999999997
3735,15,10,History,23.79,73.13,61.54,0.2379,7.313,20.477627000000005
3735,15,10,Geography,23.43,68.0,47.59,0.2343,6.8,24.502399999999998
9723,15,10,Mathematics,55.66,71.15,58.99,0.5566,7.115,12.792089999999998
9723,15,10,Science,54.07,68.17,60.55,0.5407,6.817,14.619519
9723,15,10,English,57.44,67.63,60.25,0.5744,6.763,13.776672000000003
9723,15,10,History,57.02,73.63,64.56,0.5702,7.3629999999999995,11.333826000000002
9723,15,10,Geography,55.46,75.9,57.45,0.5546,7.590000000000001,10.734139999999998
4015,15,10,Mathematics,76.89,86.02,76.28,0.7689,8.602,3.230778000000001
4015,15,10,Science,71.36,82.14,73.65,0.7136,8.214,5.115104
4015,15,10,English,71.05,99.4,85.3,0.7105,9.940000000000001,0.17369999999999838
4015,15,10,History,77.45,93.04,90.89,0.7745000000000001,9.304,1.5694799999999984
4015,15,10,Geography,75.45,90.69,82.06,0.7545000000000001,9.068999999999999,2.2856050000000003
9254,15,10,Mathematics,83.02,81.47,77.18,0.8301999999999999,8.147,3.146394000000001
9254,15,10,Science,85.49,85.17,75.74,0.8549,8.517,2.1518330000000008
9254,15,10,English,89.52,80.09,71.35,0.8952,8.009,2.086568
9254,15,10,History,86.05,90.31,81.48,0.8604999999999999,9.031,1.351755
9254,15,10,Geography,84.72,72.71,67.72,0.8472,7.270999999999999,4.169912000000001
5781,15,10,Mathematics,87.57,60.22,56.43,0.8756999999999999,6.022,4.9446540000000025
5781,15,10,Science,86.31,61.16,64.26,0.8631,6.116,5.317196
5781,15,10,English,86.69,63.63,64.21,0.8669,6.363,4.840847
5781,15,10,History,93.66,70.86,67.51,0.9366,7.086,1.847476000000001
5781,15,10,Geography,93.36,73.65,76.6,0.9336,7.365,1.7496399999999996
1022,15,10,Mathematics,39.69,90.44,64.15,0.3969,9.044,5.7656360000000015
1022,15,10,Science,45.65,89.17,71.5,0.45649999999999996,8.917,5.886104999999999
1022,15,10,English,45.72,94.71,71.71,0.4572,9.471,2.871412000000004
1022,15,10,History,38.04,85.87,60.39,0.3804,8.587,8.754947999999997
1022,15,10,Geography,45.41,88.98,73.46,0.45409999999999995,8.898,6.0158179999999986
5831,15,10,Mathematics,47.91,97.33,78.55,0.47909999999999997,9.733,1.3908030000000011
5831,15,10,Science,43.63,82.6,69.98,0.4363,8.26,9.808380000000003
5831,15,10,English,39.08,79.4,66.35,0.3908,7.94,12.549519999999998
5831,15,10,History,44.64,79.95,77.25,0.4464,7.995,11.09968
5831,15,10,Geography,39.89,84.47,62.38,0.39890000000000003,8.447,9.335083000000001
7258,15,10,Mathematics,46.31,95.46,62.97,0.4631,9.546,2.437526000000003
7258,15,10,Science,43.33,88.05,77.27,0.43329999999999996,8.805,6.772065000000002
7258,15,10,English,42.25,98.69,74.74,0.4225,9.869,0.7565250000000013
7258,15,10,History,38.84,81.99,58.19,0.3884,8.199,11.014916000000003
7258,15,10,Geography,41.03,87.73,60.71,0.4103,8.773,7.235618999999997
3550,15,10,Mathematics,98.55,86.66,78.65,0.9854999999999999,8.666,0.19343000000000043
3550,15,10,Science,91.59,96.67,84.46,0.9159,9.667,0.2800529999999997
3550,15,10,English,90.59,78.29,66.2,0.9059,7.829000000000001,2.0429109999999984
3550,15,10,History,93.34,93.22,83.61,0.9334,9.322,0.4515479999999999
3550,15,10,Geography,95.29,95.26,87.79,0.9529000000000001,9.526,0.22325399999999945
3885,15,10,Mathematics,90.08,63.7,58.65,0.9007999999999999,6.37,3.6009600000000006
3885,15,10,Science,93.72,73.86,74.32,0.9372,7.386,1.6415920000000002
3885,15,10,English,89.8,72.13,75.22,0.898,7.212999999999999,2.842740000000001
3885,15,10,History,95.84,63.73,65.93,0.9584,6.372999999999999,1.508831999999999
3885,15,10,Geography,94.62,66.1,64.87,0.9462,6.609999999999999,1.8238199999999987
4077,15,10,Mathematics,85.49,61.17,63.47,0.8549,6.117,5.634233000000002
4077,15,10,Science,81.97,54.19,56.37,0.8197,5.419,8.259543
4077,15,10,English,75.82,63.67,59.93,0.7582,6.367,8.784594000000002
4077,15,10,History,80.47,61.67,52.07,0.8047,6.167,7.485849000000001
4077,15,10,Geography,76.05,61.82,55.17,0.7605,6.182,9.144110000000001
1193,15,10,Mathematics,91.16,81.72,74.82,0.9116,8.172,1.6159520000000007
1193,15,10,Science,90.17,68.57,60.82,0.9017000000000001,6.856999999999999,3.089569
1193,15,10,English,94.36,68.39,66.2,0.9436,6.839,1.782804
1193,15,10,History,98.36,83.58,78.78,0.9836,8.358,0.26928800000000014
1193,15,10,Geography,95.69,68.95,65.23,0.9569,6.8950000000000005,1.3382550000000006
5385,15,10,Mathematics,67.59,79.14,64.49,0.6759000000000001,7.914,6.760726
5385,15,10,Science,71.95,73.24,63.96,0.7195,7.324,7.5061800000000005
5385,15,10,English,73.57,81.32,67.76,0.7356999999999999,8.132,4.9371240000000025
5385,15,10,History,68.51,84.83,71.8,0.6851,8.483,4.777032999999999
5385,15,10,Geography,74.5,71.99,61.04,0.745,7.199,7.142550000000001
3281,15,10,Mathematics,90.08,74.2,68.54,0.9007999999999999,7.42,2.55936
3281,15,10,Science,89.09,58.23,66.02,0.8909,5.8229999999999995,4.557106999999999
3281,15,10,English,80.45,61.72,62.05,0.8045,6.172,7.483739999999999
3281,15,10,History,85.22,58.86,59.82,0.8522,5.886,6.0804920000000005
3281,15,10,Geography,80.96,68.08,63.94,0.8096,6.808,6.077568000000002
9906,15,10,Mathematics,60.28,91.52,79.32,0.6028,9.152,3.368256000000001
9906,15,10,Science,61.35,78.69,60.76,0.6135,7.869,8.236315000000001
9906,15,10,English,66.61,84.42,75.66,0.6661,8.442,5.2021619999999995
9906,15,10,History,63.94,82.99,70.6,0.6394,8.299,6.133806000000002
9906,15,10,Geography,66.05,90.98,78.0,0.6605,9.098,3.0622899999999986
1019,15,10,Mathematics,53.48,53.01,47.62,0.5347999999999999,5.301,21.859748000000003
1019,15,10,Science,61.43,59.81,58.77,0.6143,5.981,15.501282999999999
1019,15,10,English,60.72,61.58,50.48,0.6072,6.1579999999999995,15.091376
1019,15,10,History,56.26,66.05,49.12,0.5626,6.6049999999999995,14.849730000000001
1019,15,10,Geography,61.2,51.11,48.41,0.612,5.111,18.969319999999996
2841,15,10,Mathematics,94.57,93.21,89.11,0.9457,9.321,0.3686970000000008
2841,15,10,Science,93.26,83.38,76.28,0.9326000000000001,8.338,1.1201879999999995
2841,15,10,English,97.32,86.82,79.72,0.9732,8.681999999999999,0.3532240000000011
2841,15,10,History,97.05,86.07,83.26,0.9704999999999999,8.607,0.4109350000000006
2841,15,10,Geography,93.29,96.63,85.78,0.9329000000000001,9.663,0.2261270000000001
6906,15,10,Mathematics,65.76,58.3,51.37,0.6576000000000001,5.83,14.27808
6906,15,10,Science,64.72,69.4,63.22,0.6472,6.94,10.795679999999997
6906,15,10,English,61.79,61.29,50.43,0.6179,6.129,14.791091000000002
6906,15,10,History,62.61,71.75,65.32,0.6261,7.175,10.562674999999999
6906,15,10,Geography,65.71,74.06,67.09,0.6570999999999999,7.406000000000001,8.894826
3461,15,10,Mathematics,85.98,85.47,78.65,0.8598,8.547,2.0371059999999996
3461,15,10,Science,85.2,86.56,83.58,0.852,8.656,1.9891199999999991
3461,15,10,English,87.27,96.17,83.02,0.8726999999999999,9.617,0.48755899999999996
3461,15,10,History,85.96,86.45,79.0,0.8595999999999999,8.645,1.9024200000000004
3461,15,10,Geography,86.93,87.6,86.14,0.8693000000000001,8.76,1.62068
1035,15,10,Mathematics,95.57,58.51,62.16,0.9556999999999999,5.851,1.8380070000000028
1035,15,10,Science,90.2,70.57,65.05,0.902,7.0569999999999995,2.88414
1035,15,10,English,91.8,55.92,61.63,0.9179999999999999,5.5920000000000005,3.6145600000000013
1035,15,10,History,95.15,70.9,70.95,0.9515,7.090000000000001,1.411349999999998
1035,15,10,Geography,90.4,55.84,56.87,0.904,5.5840000000000005,4.239359999999997
5562,15,10,Mathematics,48.34,65.42,55.88,0.48340000000000005,6.542,17.864027999999998
5562,15,10,Science,47.31,63.55,49.2,0.4731,6.3549999999999995,19.205505000000002
5562,15,10,English,54.02,55.63,51.47,0.5402,5.563000000000001,20.401325999999997
5562,15,10,History,45.41,60.31,48.65,0.45409999999999995,6.031000000000001,21.666770999999997
5562,15,10,Geography,47.18,65.81,57.07,0.4718,6.581,18.059158
7782,15,10,Mathematics,67.46,62.25,60.59,0.6746,6.225,12.283850000000003
7782,15,10,Science,64.44,51.35,46.22,0.6444,5.135,17.299940000000003
7782,15,10,English,70.83,63.59,67.63,0.7082999999999999,6.359,10.620797
7782,15,10,History,64.77,52.94,50.64,0.6476999999999999,5.294,16.579238000000004
7782,15,10,Geography,71.27,59.82,64.77,0.7127,5.982,11.543714000000001
7301,15,10,Mathematics,85.49,69.83,65.09,0.8549,6.983,4.3776670000000015
7301,15,10,Science,87.08,72.92,70.56,0.8708,7.292,3.498736
7301,15,10,English,93.45,64.79,69.33,0.9345,6.479000000000001,2.3062549999999984
7301,15,10,History,91.79,79.97,65.15,0.9179,7.997,1.644462999999999
7301,15,10,Geography,90.1,78.94,77.26,0.9009999999999999,7.894,2.0849400000000013
1046,15,10,Mathematics,77.42,77.35,66.53,0.7742,7.734999999999999,5.114370000000001
1046,15,10,Science,73.5,74.51,73.38,0.735,7.4510000000000005,6.754849999999999
1046,15,10,English,73.88,71.26,68.08,0.7387999999999999,7.126,7.506888
1046,15,10,History,72.23,72.0,69.6,0.7223,7.2,7.7756
1046,15,10,Geography,75.58,77.95,76.0,0.7558,7.795,5.38461
3283,15,10,Mathematics,74.76,61.65,54.95,0.7476,6.165,9.679539999999998
3283,15,10,Science,66.4,61.12,51.43,0.664,6.112,13.06368
3283,15,10,English,68.57,79.48,66.49,0.6857,7.948,6.449436
3283,15,10,History,68.68,63.94,52.94,0.6868000000000001,6.394,11.293991999999998
3283,15,10,Geography,68.2,76.45,60.61,0.682,7.6450000000000005,7.488899999999998
2920,15,10,Mathematics,93.23,65.41,74.22,0.9323,6.5409999999999995,2.341742999999999
2920,15,10,Science,98.96,56.92,59.91,0.9895999999999999,5.692,0.44803200000000265
2920,15,10,English,92.31,62.08,61.29,0.9231,6.208,2.9160479999999995
2920,15,10,History,99.74,63.43,54.08,0.9974,6.343,0.09508200000000187
2920,15,10,Geography,96.19,51.31,53.64,0.9619,5.131,1.8550890000000009
3591,15,10,Mathematics,86.18,56.58,52.82,0.8618000000000001,5.6579999999999995,6.000643999999998
3591,15,10,Science,90.91,72.1,64.1,0.9091,7.209999999999999,2.5361100000000016
3591,15,10,English,85.4,57.21,53.07,0.8540000000000001,5.721,6.247339999999997
3591,15,10,History,92.2,67.43,61.07,0.922,6.743,2.5404599999999986
3591,15,10,Geography,89.45,62.0,58.78,0.8945000000000001,6.2,4.008999999999999
10036,15,10,Mathematics,91.46,84.14,73.89,0.9146,8.414,1.3544440000000009
10036,15,10,Science,98.69,74.85,66.66,0.9869,7.484999999999999,0.3294650000000006
10036,15,10,English,90.73,72.86,68.74,0.9073,7.286,2.515877999999999
10036,15,10,History,99.69,77.66,76.67,0.9969,7.766,0.06925400000000052
10036,15,10,Geography,94.92,86.99,84.28,0.9492,8.699,0.660908
5698,15,10,Mathematics,92.86,78.32,74.08,0.9286,7.831999999999999,1.5479520000000004
5698,15,10,Science,92.95,70.06,67.98,0.9295,7.006,2.110769999999999
5698,15,10,English,86.73,81.78,79.23,0.8673000000000001,8.178,2.4177939999999993
5698,15,10,History,84.72,83.7,81.18,0.8472,8.370000000000001,2.4906399999999995
5698,15,10,Geography,92.88,85.7,79.82,0.9288,8.57,1.0181600000000004
8443,15,10,Mathematics,95.61,76.17,76.26,0.9561,7.617,1.046137
8443,15,10,Science,87.57,85.96,78.95,0.8756999999999999,8.596,1.7451720000000017
8443,15,10,English,87.88,91.56,88.17,0.8787999999999999,9.156,1.022928
8443,15,10,History,95.29,73.37,77.6,0.9529000000000001,7.337000000000001,1.2542729999999982
8443,15,10,Geography,89.0,80.21,84.92,0.89,8.020999999999999,2.1769000000000007
10037,15,10,Mathematics,60.72,84.27,64.38,0.6072,8.427,6.178744000000002
10037,15,10,Science,64.33,75.19,70.62,0.6433,7.519,8.849727000000001
10037,15,10,English,66.04,71.3,62.63,0.6604000000000001,7.13,9.746519999999999
10037,15,10,History,60.98,85.91,75.93,0.6098,8.591,5.497918000000002
10037,15,10,Geography,64.42,75.26,68.1,0.6442,7.526000000000001,8.802491999999997
8674,15,10,Mathematics,33.34,58.84,45.93,0.33340000000000003,5.884,27.437255999999998
8674,15,10,Science,35.31,50.66,46.48,0.3531,5.066,31.918046
8674,15,10,English,37.88,58.81,44.81,0.3788,5.881,25.587227999999996
8674,15,10,History,35.06,57.93,37.84,0.3506,5.793,27.320258
8674,15,10,Geography,31.27,50.27,38.31,0.3127,5.027,34.179429
2776,15,10,Mathematics,48.28,79.07,55.89,0.4828,7.906999999999999,10.824996000000004
2776,15,10,Science,48.04,91.71,70.65,0.4804,9.171,4.307484000000003
2776,15,10,English,55.44,82.4,62.92,0.5544,8.24,7.842559999999997
2776,15,10,History,50.65,84.58,63.39,0.5065,8.458,7.609770000000001
2776,15,10,Geography,48.92,87.59,69.2,0.4892,8.759,6.339027999999998
2070,15,10,Mathematics,86.93,89.68,88.8,0.8693000000000001,8.968,1.3488239999999985
2070,15,10,Science,88.06,82.07,78.13,0.8806,8.206999999999999,2.1408420000000006
2070,15,10,English,89.26,78.14,63.82,0.8926000000000001,7.814,2.347763999999999
2070,15,10,History,83.57,83.63,70.04,0.8356999999999999,8.363,2.689591000000002
2070,15,10,Geography,84.69,86.52,83.52,0.8469,8.652,2.063788000000001
5410,15,10,Mathematics,85.93,83.05,74.87,0.8593000000000001,8.305,2.384864999999999
5410,15,10,Science,89.47,81.0,73.73,0.8946999999999999,8.1,2.0007
5410,15,10,English,85.9,78.33,72.14,0.8590000000000001,7.833,3.0554699999999992
5410,15,10,History,93.41,72.57,78.4,0.9340999999999999,7.257,1.8076370000000015
5410,15,10,Geography,85.14,86.18,77.09,0.8514,8.618,2.053651999999999
1138,15,10,Mathematics,100.0,64.2,69.09,1.0,6.42,0.0
1138,15,10,Science,100.0,61.15,63.37,1.0,6.115,0.0
1138,15,10,English,96.12,75.72,77.65,0.9612,7.572,0.9420639999999989
1138,15,10,History,100.0,73.71,70.94,1.0,7.3709999999999996,0.0
1138,15,10,Geography,94.78,77.89,79.05,0.9478,7.789,1.1541419999999996
6428,15,10,Mathematics,88.91,67.81,63.59,0.8891,6.781000000000001,3.569871000000001
6428,15,10,Science,87.76,68.36,70.95,0.8776,6.836,3.872735999999998
6428,15,10,English,86.65,67.24,70.29,0.8665,6.723999999999999,4.373459999999999
6428,15,10,History,87.17,61.12,60.13,0.8717,6.112,4.988303999999999
6428,15,10,Geography,84.15,70.62,66.99,0.8415,7.062,4.656729999999998
5753,15,10,Mathematics,86.06,93.56,83.47,0.8606,9.356,0.8977359999999996
5753,15,10,Science,82.99,88.25,76.42,0.8299,8.825,1.9986750000000006
5753,15,10,English,89.42,82.63,85.75,0.8942,8.263,1.837746
5753,15,10,History,87.58,77.23,73.43,0.8758,7.723000000000001,2.828034
5753,15,10,Geography,87.71,75.23,72.32,0.8771,7.523000000000001,3.044233000000001
3638,15,10,Mathematics,52.61,80.32,66.34,0.5261,8.032,9.326352000000004
3638,15,10,Science,58.98,84.81,71.56,0.5898,8.481,6.230938
3638,15,10,English,55.53,96.05,81.78,0.5553,9.605,1.756565000000001
3638,15,10,History,58.15,85.72,63.78,0.5815,8.572,5.97618
3638,15,10,Geography,51.23,86.83,72.6,0.5123,8.683,6.423009
7350,15,10,Mathematics,89.57,93.02,82.46,0.8956999999999999,9.302,0.7280140000000008
7350,15,10,Science,88.24,82.88,79.12,0.8824,8.288,2.0133120000000013
7350,15,10,English,87.32,87.4,75.51,0.8732,8.74,1.59768
7350,15,10,History,86.5,83.78,76.42,0.865,8.378,2.1896999999999998
7350,15,10,Geography,82.95,94.6,84.71,0.8295,9.459999999999999,0.9207000000000007
1244,15,10,Mathematics,46.82,76.39,63.94,0.4682,7.639,12.555798
1244,15,10,Science,47.7,93.69,74.05,0.47700000000000004,9.369,3.300130000000001
1244,15,10,English,52.82,79.37,66.56,0.5282,7.937,9.733233999999998
1244,15,10,History,44.36,79.29,60.48,0.4436,7.929,11.523043999999997
1244,15,10,Geography,52.98,84.29,71.19,0.5297999999999999,8.429,7.386841999999998
2116,15,10,Mathematics,93.82,81.09,77.01,0.9381999999999999,8.109,1.1686380000000012
2116,15,10,Science,88.77,95.46,88.36,0.8876999999999999,9.546,0.5098420000000009
2116,15,10,English,85.23,96.8,82.02,0.8523000000000001,9.68,0.47264000000000034
2116,15,10,History,84.19,86.52,82.24,0.8419,8.652,2.131188000000001
2116,15,10,Geography,90.77,81.99,69.35,0.9077,8.199,1.6623230000000013
8753,15,10,Mathematics,60.81,89.91,76.94,0.6081,8.991,3.954271000000001
8753,15,10,Science,59.24,85.34,71.86,0.5924,8.534,5.975415999999998
8753,15,10,English,61.61,82.92,60.7,0.6161,8.292,6.557011999999999
8753,15,10,History,60.89,82.84,71.23,0.6089,8.284,6.711275999999998
8753,15,10,Geography,59.81,79.43,67.55,0.5981000000000001,7.9430000000000005,8.267082999999996
7701,15,10,Mathematics,81.63,76.84,75.72,0.8162999999999999,7.684,4.254492
7701,15,10,Science,81.39,77.29,68.22,0.8139,7.729000000000001,4.226330999999998
7701,15,10,English,83.43,71.21,64.74,0.8343,7.1209999999999996,4.770502999999999
7701,15,10,History,84.81,65.44,66.37,0.8481000000000001,6.544,5.249663999999999
7701,15,10,Geography,89.78,71.04,64.54,0.8978,7.104000000000001,2.959711999999999
10038,15,10,Mathematics,78.72,81.69,74.14,0.7872,8.169,3.8963680000000007
10038,15,10,Science,76.23,94.72,76.95,0.7623000000000001,9.472,1.255056
10038,15,10,English,80.97,93.83,93.89,0.8097,9.383,1.1741510000000004
10038,15,10,History,79.97,95.59,86.33,0.7997,9.559000000000001,0.8833229999999993
10038,15,10,Geography,81.61,85.59,81.98,0.8161,8.559000000000001,2.6499989999999998
3592,15,10,Mathematics,64.4,58.91,51.13,0.644,5.891,14.628039999999999
3592,15,10,Science,62.2,50.35,41.48,0.622,5.035,18.767699999999998
3592,15,10,English,65.67,51.15,49.77,0.6567000000000001,5.115,16.770204999999997
3592,15,10,History,69.85,62.48,61.07,0.6984999999999999,6.247999999999999,11.312280000000003
3592,15,10,Geography,69.34,51.63,51.96,0.6934,5.163,14.830241999999998
2787,15,10,Mathematics,25.03,69.7,49.25,0.2503,6.970000000000001,22.715909999999997
2787,15,10,Science,18.63,61.43,44.6,0.1863,6.143,31.384409
2787,15,10,English,20.52,56.44,44.24,0.2052,5.644,34.62148800000001
2787,15,10,History,25.2,61.91,51.39,0.252,6.191,28.49132
2787,15,10,Geography,26.23,51.71,37.94,0.2623,5.171,35.623532999999995
10039,15,10,Mathematics,81.54,0.0,17.44,0.8154,0.0,18.459999999999994
10039,15,10,Science,83.65,0.12,16.12,0.8365,0.012,16.330379999999995
10039,15,10,English,82.39,6.96,24.53,0.8239,0.696,16.384344000000002
10039,15,10,History,78.95,0.55,13.83,0.7895,0.05500000000000001,20.934224999999998
10039,15,10,Geography,77.81,0.0,21.44,0.7781,0.0,22.19
4497,15,10,Mathematics,73.49,81.85,73.17,0.7349,8.184999999999999,4.8115650000000025
4497,15,10,Science,70.64,81.88,65.85,0.7064,8.187999999999999,5.320032000000001
4497,15,10,English,75.25,77.1,72.62,0.7525,7.709999999999999,5.667750000000001
4497,15,10,History,68.13,80.41,69.91,0.6812999999999999,8.041,6.2433330000000025
4497,15,10,Geography,65.99,78.97,65.54,0.6598999999999999,7.897,7.152303000000002
1886,15,10,Mathematics,77.11,76.03,67.98,0.7711,7.603,5.486733
1886,15,10,Science,74.38,87.95,77.45,0.7437999999999999,8.795,3.0872100000000002
1886,15,10,English,76.95,86.71,77.04,0.7695000000000001,8.671,3.063345000000001
1886,15,10,History,74.99,89.65,83.21,0.7498999999999999,8.965,2.588534999999999
1886,15,10,Geography,76.59,79.09,77.58,0.7659,7.909000000000001,4.895030999999999
7636,15,10,Mathematics,30.18,67.02,51.99,0.3018,6.702,23.026636
7636,15,10,Science,32.29,57.52,47.4,0.32289999999999996,5.752000000000001,28.763208
7636,15,10,English,32.81,64.98,54.63,0.3281,6.498,23.529937999999998
7636,15,10,History,35.23,55.4,48.72,0.35229999999999995,5.54,28.887420000000006
7636,15,10,Geography,35.37,54.57,41.34,0.35369999999999996,5.457,29.361409
8021,15,10,Mathematics,57.36,86.79,68.76,0.5736,8.679,5.632743999999998
8021,15,10,Science,57.57,99.44,82.71,0.5757,9.943999999999999,0.23760800000000096
8021,15,10,English,59.32,93.12,71.18,0.5932,9.312000000000001,2.798783999999998
8021,15,10,History,59.46,92.51,73.15,0.5946,9.251000000000001,3.036445999999998
8021,15,10,Geography,57.02,84.17,72.7,0.5702,8.417,6.803733999999999
